solid
 facet normal  1.3783871552e-01 0.0000000000e+00 -9.9045468776e-01
   outer loop
     vertex 1.0000000000e+00 0.0000000000e+00 0.0000000000e+00
     vertex 9.8414844626e-01 3.9947442185e-01 -2.2060149078e-03
     vertex 1.0000000000e+00 3.9947442185e-01 0.0000000000e+00
   endloop
 endfacet
 facet normal  1.3783871552e-01 1.0752659650e-18 -9.9045468776e-01
   outer loop
     vertex 1.0000000000e+00 0.0000000000e+00 0.0000000000e+00
     vertex 9.8414844626e-01 0.0000000000e+00 -2.2060149078e-03
     vertex 9.8414844626e-01 3.9947442185e-01 -2.2060149078e-03
   endloop
 endfacet
 facet normal  1.3505987260e-01 0.0000000000e+00 -9.9083743915e-01
   outer loop
     vertex 9.8414844626e-01 0.0000000000e+00 -2.2060149078e-03
     vertex 9.5982161505e-01 3.9947442185e-01 -5.5219763305e-03
     vertex 9.8414844626e-01 3.9947442185e-01 -2.2060149078e-03
   endloop
 endfacet
 facet normal  1.3505987260e-01 3.7535965274e-17 -9.9083743915e-01
   outer loop
     vertex 9.8414844626e-01 0.0000000000e+00 -2.2060149078e-03
     vertex 9.5982161505e-01 0.0000000000e+00 -5.5219763305e-03
     vertex 9.5982161505e-01 3.9947442185e-01 -5.5219763305e-03
   endloop
 endfacet
 facet normal  1.3095350728e-01 3.6847375770e-17 -9.9138851059e-01
   outer loop
     vertex 9.5982161505e-01 0.0000000000e+00 -5.5219763305e-03
     vertex 9.2331020388e-01 3.9947442185e-01 -1.0344805420e-02
     vertex 9.5982161505e-01 3.9947442185e-01 -5.5219763305e-03
   endloop
 endfacet
 facet normal  1.3095350728e-01 4.3051189991e-18 -9.9138851059e-01
   outer loop
     vertex 9.5982161505e-01 0.0000000000e+00 -5.5219763305e-03
     vertex 9.2331020388e-01 0.0000000000e+00 -1.0344805420e-02
     vertex 9.2331020388e-01 3.9947442185e-01 -1.0344805420e-02
   endloop
 endfacet
 facet normal  1.2513251854e-01 5.0800920424e-18 -9.9214003689e-01
   outer loop
     vertex 9.2331020388e-01 0.0000000000e+00 -1.0344805420e-02
     vertex 8.7030448965e-01 3.9947442185e-01 -1.7030090029e-02
     vertex 9.2331020388e-01 3.9947442185e-01 -1.0344805420e-02
   endloop
 endfacet
 facet normal  1.2513251854e-01 0.0000000000e+00 -9.9214003689e-01
   outer loop
     vertex 9.2331020388e-01 0.0000000000e+00 -1.0344805420e-02
     vertex 8.7030448965e-01 0.0000000000e+00 -1.7030090029e-02
     vertex 8.7030448965e-01 3.9947442185e-01 -1.7030090029e-02
   endloop
 endfacet
 facet normal  1.1718870894e-01 0.0000000000e+00 -9.9310966489e-01
   outer loop
     vertex 8.7030448965e-01 0.0000000000e+00 -1.7030090029e-02
     vertex 7.9695803833e-01 3.9947442185e-01 -2.5685101897e-02
     vertex 8.7030448965e-01 3.9947442185e-01 -1.7030090029e-02
   endloop
 endfacet
 facet normal  1.1718870894e-01 3.2569194865e-17 -9.9310966489e-01
   outer loop
     vertex 8.7030448965e-01 0.0000000000e+00 -1.7030090029e-02
     vertex 7.9695803833e-01 0.0000000000e+00 -2.5685101897e-02
     vertex 7.9695803833e-01 3.9947442185e-01 -2.5685101897e-02
   endloop
 endfacet
 facet normal  1.0637499606e-01 3.1237541435e-17 -9.9432608344e-01
   outer loop
     vertex 7.9695803833e-01 0.0000000000e+00 -2.5685101897e-02
     vertex 7.0192689193e-01 3.9947442185e-01 -3.5851724287e-02
     vertex 7.9695803833e-01 3.9947442185e-01 -2.5685101897e-02
   endloop
 endfacet
 facet normal  1.0637499606e-01 0.0000000000e+00 -9.9432608344e-01
   outer loop
     vertex 7.9695803833e-01 0.0000000000e+00 -2.5685101897e-02
     vertex 7.0192689193e-01 0.0000000000e+00 -3.5851724287e-02
     vertex 7.0192689193e-01 3.9947442185e-01 -3.5851724287e-02
   endloop
 endfacet
 facet normal  9.1463328509e-02 0.0000000000e+00 -9.9580844520e-01
   outer loop
     vertex 7.0192689193e-01 0.0000000000e+00 -3.5851724287e-02
     vertex 5.8876378780e-01 3.9947442185e-01 -4.6245564808e-02
     vertex 7.0192689193e-01 3.9947442185e-01 -3.5851724287e-02
   endloop
 endfacet
 facet normal  9.1463328509e-02 1.7297250517e-17 -9.9580844520e-01
   outer loop
     vertex 7.0192689193e-01 0.0000000000e+00 -3.5851724287e-02
     vertex 5.8876378780e-01 0.0000000000e+00 -4.6245564808e-02
     vertex 5.8876378780e-01 3.9947442185e-01 -4.6245564808e-02
   endloop
 endfacet
 facet normal  7.0157790253e-02 1.3317671871e-17 -9.9753590635e-01
   outer loop
     vertex 5.8876378780e-01 0.0000000000e+00 -4.6245564808e-02
     vertex 4.6678824105e-01 3.9947442185e-01 -5.4824238287e-02
     vertex 5.8876378780e-01 3.9947442185e-01 -4.6245564808e-02
   endloop
 endfacet
 facet normal  7.0157790253e-02 9.7491591246e-18 -9.9753590635e-01
   outer loop
     vertex 5.8876378780e-01 0.0000000000e+00 -4.6245564808e-02
     vertex 4.6678824105e-01 0.0000000000e+00 -5.4824238287e-02
     vertex 4.6678824105e-01 3.9947442185e-01 -5.4824238287e-02
   endloop
 endfacet
 facet normal  3.9613515037e-02 4.5919721427e-18 -9.9921507666e-01
   outer loop
     vertex 4.6678824105e-01 0.0000000000e+00 -5.4824238287e-02
     vertex 3.4867161706e-01 0.0000000000e+00 -5.9506928501e-02
     vertex 4.6678824105e-01 3.9947442185e-01 -5.4824238287e-02
   endloop
 endfacet
 facet normal  3.9613515037e-02 1.7356423903e-17 -9.9921507666e-01
   outer loop
     vertex 4.6678824105e-01 3.9947442185e-01 -5.4824238287e-02
     vertex 3.4867161706e-01 0.0000000000e+00 -5.9506928501e-02
     vertex 3.4867161706e-01 3.9947442185e-01 -5.9506928501e-02
   endloop
 endfacet
 facet normal  -2.0754226775e-03 1.7371242589e-17 -9.9999784631e-01
   outer loop
     vertex 3.4867161706e-01 0.0000000000e+00 -5.9506928501e-02
     vertex 2.4565152047e-01 0.0000000000e+00 -5.9293117796e-02
     vertex 3.4867161706e-01 3.9947442185e-01 -5.9506928501e-02
   endloop
 endfacet
 facet normal  -2.0754226775e-03 1.7225819808e-17 -9.9999784631e-01
   outer loop
     vertex 3.4867161706e-01 3.9947442185e-01 -5.9506928501e-02
     vertex 2.4565152047e-01 0.0000000000e+00 -5.9293117796e-02
     vertex 2.4565152047e-01 3.9947442185e-01 -5.9293117796e-02
   endloop
 endfacet
 facet normal  -5.5453819818e-02 1.4898700856e-17 -9.9846125306e-01
   outer loop
     vertex 2.4565152047e-01 0.0000000000e+00 -5.9293117796e-02
     vertex 1.6380190832e-01 0.0000000000e+00 -5.4747249210e-02
     vertex 2.4565152047e-01 3.9947442185e-01 -5.9293117796e-02
   endloop
 endfacet
 facet normal  -5.5453819818e-02 1.7343329944e-17 -9.9846125306e-01
   outer loop
     vertex 2.4565152047e-01 3.9947442185e-01 -5.9293117796e-02
     vertex 1.6380190832e-01 0.0000000000e+00 -5.4747249210e-02
     vertex 1.6380190832e-01 3.9947442185e-01 -5.4747249210e-02
   endloop
 endfacet
 facet normal  -1.2076702739e-01 1.5666459626e-17 -9.9268087777e-01
   outer loop
     vertex 1.6380190832e-01 0.0000000000e+00 -5.4747249210e-02
     vertex 1.0361138312e-01 0.0000000000e+00 -4.7424623209e-02
     vertex 1.6380190832e-01 3.9947442185e-01 -5.4747249210e-02
   endloop
 endfacet
 facet normal  -1.2076702739e-01 1.7242924489e-17 -9.9268087777e-01
   outer loop
     vertex 1.6380190832e-01 3.9947442185e-01 -5.4747249210e-02
     vertex 1.0361138312e-01 0.0000000000e+00 -4.7424623209e-02
     vertex 1.0361138312e-01 3.9947442185e-01 -4.7424623209e-02
   endloop
 endfacet
 facet normal  -2.0023240962e-01 1.5977685915e-17 -9.7974842798e-01
   outer loop
     vertex 1.0361138312e-01 0.0000000000e+00 -4.7424623209e-02
     vertex 6.2004804867e-02 0.0000000000e+00 -3.8921434858e-02
     vertex 1.0361138312e-01 3.9947442185e-01 -4.7424623209e-02
   endloop
 endfacet
 facet normal  -2.0023240962e-01 -3.4780485821e-18 -9.7974842798e-01
   outer loop
     vertex 1.0361138312e-01 3.9947442185e-01 -4.7424623209e-02
     vertex 6.2004804867e-02 0.0000000000e+00 -3.8921434858e-02
     vertex 6.2004804867e-02 3.9947442185e-01 -3.8921434858e-02
   endloop
 endfacet
 facet normal  -2.9935221327e-01 -4.7423312816e-18 -9.5414267927e-01
   outer loop
     vertex 6.2004804867e-02 0.0000000000e+00 -3.8921434858e-02
     vertex 3.4701656177e-02 0.0000000000e+00 -3.0355359608e-02
     vertex 6.2004804867e-02 3.9947442185e-01 -3.8921434858e-02
   endloop
 endfacet
 facet normal  -2.9935221327e-01 3.0869915446e-18 -9.5414267927e-01
   outer loop
     vertex 6.2004804867e-02 3.9947442185e-01 -3.8921434858e-02
     vertex 3.4701656177e-02 0.0000000000e+00 -3.0355359608e-02
     vertex 3.4701656177e-02 3.9947442185e-01 -3.0355359608e-02
   endloop
 endfacet
 facet normal  -4.2610378432e-01 0.0000000000e+00 -9.0467428669e-01
   outer loop
     vertex 3.4701656177e-02 0.0000000000e+00 -3.0355359608e-02
     vertex 1.7711394777e-02 0.0000000000e+00 -2.2352905260e-02
     vertex 3.4701656177e-02 3.9947442185e-01 -3.0355359608e-02
   endloop
 endfacet
 facet normal  -4.2610378432e-01 0.0000000000e+00 -9.0467428669e-01
   outer loop
     vertex 3.4701656177e-02 3.9947442185e-01 -3.0355359608e-02
     vertex 1.7711394777e-02 0.0000000000e+00 -2.2352905260e-02
     vertex 1.7711394777e-02 3.9947442185e-01 -2.2352905260e-02
   endloop
 endfacet
 facet normal  -5.8540728658e-01 0.0000000000e+00 -8.1073935937e-01
   outer loop
     vertex 1.7711394777e-02 0.0000000000e+00 -2.2352905260e-02
     vertex 7.8928270998e-03 0.0000000000e+00 -1.5263251853e-02
     vertex 1.7711394777e-02 3.9947442185e-01 -2.2352905260e-02
   endloop
 endfacet
 facet normal  -5.8540728658e-01 0.0000000000e+00 -8.1073935937e-01
   outer loop
     vertex 1.7711394777e-02 3.9947442185e-01 -2.2352905260e-02
     vertex 7.8928270998e-03 0.0000000000e+00 -1.5263251853e-02
     vertex 7.8928270998e-03 3.9947442185e-01 -1.5263251853e-02
   endloop
 endfacet
 facet normal  -7.6128093626e-01 0.0000000000e+00 -6.4842218969e-01
   outer loop
     vertex 7.8928270998e-03 0.0000000000e+00 -1.5263251853e-02
     vertex 2.8852305479e-03 0.0000000000e+00 -9.3840764449e-03
     vertex 7.8928270998e-03 3.9947442185e-01 -1.5263251853e-02
   endloop
 endfacet
 facet normal  -7.6128093626e-01 0.0000000000e+00 -6.4842218969e-01
   outer loop
     vertex 7.8928270998e-03 3.9947442185e-01 -1.5263251853e-02
     vertex 2.8852305479e-03 0.0000000000e+00 -9.3840764449e-03
     vertex 2.8852305479e-03 3.9947442185e-01 -9.3840764449e-03
   endloop
 endfacet
 facet normal  -9.0355742872e-01 0.0000000000e+00 -4.2846700341e-01
   outer loop
     vertex 2.8852305479e-03 0.0000000000e+00 -9.3840764449e-03
     vertex 7.8807384983e-04 0.0000000000e+00 -4.9615619954e-03
     vertex 2.8852305479e-03 3.9947442185e-01 -9.3840764449e-03
   endloop
 endfacet
 facet normal  -9.0355742872e-01 0.0000000000e+00 -4.2846700341e-01
   outer loop
     vertex 2.8852305479e-03 3.9947442185e-01 -9.3840764449e-03
     vertex 7.8807384983e-04 0.0000000000e+00 -4.9615619954e-03
     vertex 7.8807384983e-04 3.9947442185e-01 -4.9615619954e-03
   endloop
 endfacet
 facet normal  -9.7629917451e-01 0.0000000000e+00 -2.1642532625e-01
   outer loop
     vertex 7.8807384983e-04 0.0000000000e+00 -4.9615619954e-03
     vertex 1.1903597513e-04 0.0000000000e+00 -1.9435181458e-03
     vertex 7.8807384983e-04 3.9947442185e-01 -4.9615619954e-03
   endloop
 endfacet
 facet normal  -9.7629917451e-01 1.1747876513e-19 -2.1642532625e-01
   outer loop
     vertex 7.8807384983e-04 3.9947442185e-01 -4.9615619954e-03
     vertex 1.1903597513e-04 0.0000000000e+00 -1.9435181458e-03
     vertex 1.1903597513e-04 3.9947442185e-01 -1.9435181458e-03
   endloop
 endfacet
 facet normal  -9.9812962151e-01 3.4029823209e-20 -6.1133122455e-02
   outer loop
     vertex 1.1903597513e-04 0.0000000000e+00 -1.9435181458e-03
     vertex 0.0000000000e+00 0.0000000000e+00 0.0000000000e+00
     vertex 1.1903597513e-04 3.9947442185e-01 -1.9435181458e-03
   endloop
 endfacet
 facet normal  -9.9812962151e-01 0.0000000000e+00 -6.1133122455e-02
   outer loop
     vertex 1.1903597513e-04 3.9947442185e-01 -1.9435181458e-03
     vertex 0.0000000000e+00 0.0000000000e+00 0.0000000000e+00
     vertex 0.0000000000e+00 3.9947442185e-01 0.0000000000e+00
   endloop
 endfacet
 facet normal  -9.9812962151e-01 0.0000000000e+00 6.1133122455e-02
   outer loop
     vertex 0.0000000000e+00 0.0000000000e+00 0.0000000000e+00
     vertex 1.1903597513e-04 3.9947442185e-01 1.9435181458e-03
     vertex 0.0000000000e+00 3.9947442185e-01 0.0000000000e+00
   endloop
 endfacet
 facet normal  -9.9812962151e-01 0.0000000000e+00 6.1133122455e-02
   outer loop
     vertex 0.0000000000e+00 0.0000000000e+00 0.0000000000e+00
     vertex 1.1903597513e-04 0.0000000000e+00 1.9435181458e-03
     vertex 1.1903597513e-04 3.9947442185e-01 1.9435181458e-03
   endloop
 endfacet
 facet normal  -9.7629917451e-01 0.0000000000e+00 2.1642532625e-01
   outer loop
     vertex 1.1903597513e-04 0.0000000000e+00 1.9435181458e-03
     vertex 7.8807384983e-04 3.9947442185e-01 4.9615619954e-03
     vertex 1.1903597513e-04 3.9947442185e-01 1.9435181458e-03
   endloop
 endfacet
 facet normal  -9.7629917451e-01 2.0494047690e-19 2.1642532625e-01
   outer loop
     vertex 1.1903597513e-04 0.0000000000e+00 1.9435181458e-03
     vertex 7.8807384983e-04 0.0000000000e+00 4.9615619954e-03
     vertex 7.8807384983e-04 3.9947442185e-01 4.9615619954e-03
   endloop
 endfacet
 facet normal  -9.0355742872e-01 8.6641871098e-19 4.2846700341e-01
   outer loop
     vertex 7.8807384983e-04 0.0000000000e+00 4.9615619954e-03
     vertex 2.8852305479e-03 3.9947442185e-01 9.3840764449e-03
     vertex 7.8807384983e-04 3.9947442185e-01 4.9615619954e-03
   endloop
 endfacet
 facet normal  -9.0355742872e-01 8.7969636956e-19 4.2846700341e-01
   outer loop
     vertex 7.8807384983e-04 0.0000000000e+00 4.9615619954e-03
     vertex 2.8852305479e-03 0.0000000000e+00 9.3840764449e-03
     vertex 2.8852305479e-03 3.9947442185e-01 9.3840764449e-03
   endloop
 endfacet
 facet normal  -7.6128093626e-01 1.0982465678e-18 6.4842218969e-01
   outer loop
     vertex 2.8852305479e-03 0.0000000000e+00 9.3840764449e-03
     vertex 7.8928270998e-03 3.9947442185e-01 1.5263251853e-02
     vertex 2.8852305479e-03 3.9947442185e-01 9.3840764449e-03
   endloop
 endfacet
 facet normal  -7.6128093626e-01 2.8157827718e-18 6.4842218969e-01
   outer loop
     vertex 2.8852305479e-03 0.0000000000e+00 9.3840764449e-03
     vertex 7.8928270998e-03 0.0000000000e+00 1.5263251853e-02
     vertex 7.8928270998e-03 3.9947442185e-01 1.5263251853e-02
   endloop
 endfacet
 facet normal  -5.8540728658e-01 2.8013310098e-18 8.1073935937e-01
   outer loop
     vertex 7.8928270998e-03 0.0000000000e+00 1.5263251853e-02
     vertex 1.7711394777e-02 3.9947442185e-01 2.2352905260e-02
     vertex 7.8928270998e-03 3.9947442185e-01 1.5263251853e-02
   endloop
 endfacet
 facet normal  -5.8540728658e-01 0.0000000000e+00 8.1073935937e-01
   outer loop
     vertex 7.8928270998e-03 0.0000000000e+00 1.5263251853e-02
     vertex 1.7711394777e-02 0.0000000000e+00 2.2352905260e-02
     vertex 1.7711394777e-02 3.9947442185e-01 2.2352905260e-02
   endloop
 endfacet
 facet normal  -4.2610378432e-01 0.0000000000e+00 9.0467428669e-01
   outer loop
     vertex 1.7711394777e-02 0.0000000000e+00 2.2352905260e-02
     vertex 3.4701656177e-02 3.9947442185e-01 3.0355359608e-02
     vertex 1.7711394777e-02 3.9947442185e-01 2.2352905260e-02
   endloop
 endfacet
 facet normal  -4.2610378432e-01 0.0000000000e+00 9.0467428669e-01
   outer loop
     vertex 1.7711394777e-02 0.0000000000e+00 2.2352905260e-02
     vertex 3.4701656177e-02 0.0000000000e+00 3.0355359608e-02
     vertex 3.4701656177e-02 3.9947442185e-01 3.0355359608e-02
   endloop
 endfacet
 facet normal  -2.9935221327e-01 0.0000000000e+00 9.5414267927e-01
   outer loop
     vertex 3.4701656177e-02 0.0000000000e+00 3.0355359608e-02
     vertex 6.2004804867e-02 3.9947442185e-01 3.8921434858e-02
     vertex 3.4701656177e-02 3.9947442185e-01 3.0355359608e-02
   endloop
 endfacet
 facet normal  -2.9935221327e-01 0.0000000000e+00 9.5414267927e-01
   outer loop
     vertex 3.4701656177e-02 0.0000000000e+00 3.0355359608e-02
     vertex 6.2004804867e-02 0.0000000000e+00 3.8921434858e-02
     vertex 6.2004804867e-02 3.9947442185e-01 3.8921434858e-02
   endloop
 endfacet
 facet normal  -2.0023240962e-01 0.0000000000e+00 9.7974842798e-01
   outer loop
     vertex 6.2004804867e-02 0.0000000000e+00 3.8921434858e-02
     vertex 1.0361138312e-01 3.9947442185e-01 4.7424623209e-02
     vertex 6.2004804867e-02 3.9947442185e-01 3.8921434858e-02
   endloop
 endfacet
 facet normal  -2.0023240962e-01 1.7018287086e-17 9.7974842798e-01
   outer loop
     vertex 6.2004804867e-02 0.0000000000e+00 3.8921434858e-02
     vertex 1.0361138312e-01 0.0000000000e+00 4.7424623209e-02
     vertex 1.0361138312e-01 3.9947442185e-01 4.7424623209e-02
   endloop
 endfacet
 facet normal  -1.2076702739e-01 1.5666459626e-17 9.9268087777e-01
   outer loop
     vertex 1.0361138312e-01 0.0000000000e+00 4.7424623209e-02
     vertex 1.6380190832e-01 3.9947442185e-01 5.4747249210e-02
     vertex 1.0361138312e-01 3.9947442185e-01 4.7424623209e-02
   endloop
 endfacet
 facet normal  -1.2076702739e-01 0.0000000000e+00 9.9268087777e-01
   outer loop
     vertex 1.0361138312e-01 0.0000000000e+00 4.7424623209e-02
     vertex 1.6380190832e-01 0.0000000000e+00 5.4747249210e-02
     vertex 1.6380190832e-01 3.9947442185e-01 5.4747249210e-02
   endloop
 endfacet
 facet normal  -5.5453819818e-02 0.0000000000e+00 9.9846125306e-01
   outer loop
     vertex 1.6380190832e-01 0.0000000000e+00 5.4747249210e-02
     vertex 2.4565152047e-01 3.9947442185e-01 5.9293117796e-02
     vertex 1.6380190832e-01 3.9947442185e-01 5.4747249210e-02
   endloop
 endfacet
 facet normal  -5.5453819818e-02 1.7343329944e-17 9.9846125306e-01
   outer loop
     vertex 1.6380190832e-01 0.0000000000e+00 5.4747249210e-02
     vertex 2.4565152047e-01 0.0000000000e+00 5.9293117796e-02
     vertex 2.4565152047e-01 3.9947442185e-01 5.9293117796e-02
   endloop
 endfacet
 facet normal  -2.0754226775e-03 1.7371242589e-17 9.9999784631e-01
   outer loop
     vertex 2.4565152047e-01 0.0000000000e+00 5.9293117796e-02
     vertex 3.4867161706e-01 3.9947442185e-01 5.9506928501e-02
     vertex 2.4565152047e-01 3.9947442185e-01 5.9293117796e-02
   endloop
 endfacet
 facet normal  -2.0754226775e-03 1.7370020658e-17 9.9999784631e-01
   outer loop
     vertex 2.4565152047e-01 0.0000000000e+00 5.9293117796e-02
     vertex 3.4867161706e-01 0.0000000000e+00 5.9506928501e-02
     vertex 3.4867161706e-01 3.9947442185e-01 5.9506928501e-02
   endloop
 endfacet
 facet normal  3.9613515037e-02 1.8367888571e-17 9.9921507666e-01
   outer loop
     vertex 3.4867161706e-01 0.0000000000e+00 5.9506928501e-02
     vertex 4.6678824105e-01 3.9947442185e-01 5.4824238287e-02
     vertex 3.4867161706e-01 3.9947442185e-01 5.9506928501e-02
   endloop
 endfacet
 facet normal  3.9613515037e-02 2.2861136355e-17 9.9921507666e-01
   outer loop
     vertex 3.4867161706e-01 0.0000000000e+00 5.9506928501e-02
     vertex 4.6678824105e-01 0.0000000000e+00 5.4824238287e-02
     vertex 4.6678824105e-01 3.9947442185e-01 5.4824238287e-02
   endloop
 endfacet
 facet normal  7.0157790253e-02 2.6635343743e-17 9.9753590635e-01
   outer loop
     vertex 4.6678824105e-01 0.0000000000e+00 5.4824238287e-02
     vertex 5.8876378780e-01 0.0000000000e+00 4.6245564808e-02
     vertex 4.6678824105e-01 3.9947442185e-01 5.4824238287e-02
   endloop
 endfacet
 facet normal  7.0157790253e-02 -0.0000000000e+00 9.9753590635e-01
   outer loop
     vertex 4.6678824105e-01 3.9947442185e-01 5.4824238287e-02
     vertex 5.8876378780e-01 0.0000000000e+00 4.6245564808e-02
     vertex 5.8876378780e-01 3.9947442185e-01 4.6245564808e-02
   endloop
 endfacet
 facet normal  9.1463328509e-02 0.0000000000e+00 9.9580844520e-01
   outer loop
     vertex 5.8876378780e-01 0.0000000000e+00 4.6245564808e-02
     vertex 7.0192689193e-01 0.0000000000e+00 3.5851724287e-02
     vertex 5.8876378780e-01 3.9947442185e-01 4.6245564808e-02
   endloop
 endfacet
 facet normal  9.1463328509e-02 -0.0000000000e+00 9.9580844520e-01
   outer loop
     vertex 5.8876378780e-01 3.9947442185e-01 4.6245564808e-02
     vertex 7.0192689193e-01 0.0000000000e+00 3.5851724287e-02
     vertex 7.0192689193e-01 3.9947442185e-01 3.5851724287e-02
   endloop
 endfacet
 facet normal  1.0637499606e-01 0.0000000000e+00 9.9432608344e-01
   outer loop
     vertex 7.0192689193e-01 0.0000000000e+00 3.5851724287e-02
     vertex 7.9695803833e-01 0.0000000000e+00 2.5685101897e-02
     vertex 7.0192689193e-01 3.9947442185e-01 3.5851724287e-02
   endloop
 endfacet
 facet normal  1.0637499606e-01 2.9563837736e-17 9.9432608344e-01
   outer loop
     vertex 7.0192689193e-01 3.9947442185e-01 3.5851724287e-02
     vertex 7.9695803833e-01 0.0000000000e+00 2.5685101897e-02
     vertex 7.9695803833e-01 3.9947442185e-01 2.5685101897e-02
   endloop
 endfacet
 facet normal  1.1718870894e-01 3.3073633361e-17 9.9310966489e-01
   outer loop
     vertex 7.9695803833e-01 0.0000000000e+00 2.5685101897e-02
     vertex 8.7030448965e-01 0.0000000000e+00 1.7030090029e-02
     vertex 7.9695803833e-01 3.9947442185e-01 2.5685101897e-02
   endloop
 endfacet
 facet normal  1.1718870894e-01 -0.0000000000e+00 9.9310966489e-01
   outer loop
     vertex 7.9695803833e-01 3.9947442185e-01 2.5685101897e-02
     vertex 8.7030448965e-01 0.0000000000e+00 1.7030090029e-02
     vertex 8.7030448965e-01 3.9947442185e-01 1.7030090029e-02
   endloop
 endfacet
 facet normal  1.2513251854e-01 0.0000000000e+00 9.9214003689e-01
   outer loop
     vertex 8.7030448965e-01 0.0000000000e+00 1.7030090029e-02
     vertex 9.2331020388e-01 0.0000000000e+00 1.0344805420e-02
     vertex 8.7030448965e-01 3.9947442185e-01 1.7030090029e-02
   endloop
 endfacet
 facet normal  1.2513251854e-01 -0.0000000000e+00 9.9214003689e-01
   outer loop
     vertex 8.7030448965e-01 3.9947442185e-01 1.7030090029e-02
     vertex 9.2331020388e-01 0.0000000000e+00 1.0344805420e-02
     vertex 9.2331020388e-01 3.9947442185e-01 1.0344805420e-02
   endloop
 endfacet
 facet normal  1.3095350728e-01 0.0000000000e+00 9.9138851059e-01
   outer loop
     vertex 9.2331020388e-01 0.0000000000e+00 1.0344805420e-02
     vertex 9.5982161505e-01 0.0000000000e+00 5.5219763305e-03
     vertex 9.2331020388e-01 3.9947442185e-01 1.0344805420e-02
   endloop
 endfacet
 facet normal  1.3095350728e-01 3.6394720410e-17 9.9138851059e-01
   outer loop
     vertex 9.2331020388e-01 3.9947442185e-01 1.0344805420e-02
     vertex 9.5982161505e-01 0.0000000000e+00 5.5219763305e-03
     vertex 9.5982161505e-01 3.9947442185e-01 5.5219763305e-03
   endloop
 endfacet
 facet normal  1.3505987260e-01 3.7308856626e-17 9.9083743915e-01
   outer loop
     vertex 9.5982161505e-01 0.0000000000e+00 5.5219763305e-03
     vertex 9.8414844626e-01 0.0000000000e+00 2.2060149078e-03
     vertex 9.5982161505e-01 3.9947442185e-01 5.5219763305e-03
   endloop
 endfacet
 facet normal  1.3505987260e-01 1.0756814908e-18 9.9083743915e-01
   outer loop
     vertex 9.5982161505e-01 3.9947442185e-01 5.5219763305e-03
     vertex 9.8414844626e-01 0.0000000000e+00 2.2060149078e-03
     vertex 9.8414844626e-01 3.9947442185e-01 2.2060149078e-03
   endloop
 endfacet
 facet normal  1.3783871552e-01 1.0598980375e-18 9.9045468776e-01
   outer loop
     vertex 9.8414844626e-01 0.0000000000e+00 2.2060149078e-03
     vertex 1.0000000000e+00 0.0000000000e+00 0.0000000000e+00
     vertex 9.8414844626e-01 3.9947442185e-01 2.2060149078e-03
   endloop
 endfacet
 facet normal  1.3783871552e-01 -0.0000000000e+00 9.9045468776e-01
   outer loop
     vertex 9.8414844626e-01 3.9947442185e-01 2.2060149078e-03
     vertex 1.0000000000e+00 0.0000000000e+00 0.0000000000e+00
     vertex 1.0000000000e+00 3.9947442185e-01 0.0000000000e+00
   endloop
 endfacet
 facet normal  1.3783871552e-01 0.0000000000e+00 -9.9045468776e-01
   outer loop
     vertex 1.0000000000e+00 3.9947442185e-01 0.0000000000e+00
     vertex 9.8414844626e-01 8.8073736299e-01 -2.2060149078e-03
     vertex 1.0000000000e+00 8.8073736299e-01 0.0000000000e+00
   endloop
 endfacet
 facet normal  1.3783871552e-01 -8.9252924537e-19 -9.9045468776e-01
   outer loop
     vertex 1.0000000000e+00 3.9947442185e-01 0.0000000000e+00
     vertex 9.8414844626e-01 3.9947442185e-01 -2.2060149078e-03
     vertex 9.8414844626e-01 8.8073736299e-01 -2.2060149078e-03
   endloop
 endfacet
 facet normal  1.3505987260e-01 0.0000000000e+00 -9.9083743915e-01
   outer loop
     vertex 9.8414844626e-01 3.9947442185e-01 -2.2060149078e-03
     vertex 9.5982161505e-01 8.8073736299e-01 -5.5219763305e-03
     vertex 9.8414844626e-01 8.8073736299e-01 -2.2060149078e-03
   endloop
 endfacet
 facet normal  1.3505987260e-01 -3.1156893133e-17 -9.9083743915e-01
   outer loop
     vertex 9.8414844626e-01 3.9947442185e-01 -2.2060149078e-03
     vertex 9.5982161505e-01 3.9947442185e-01 -5.5219763305e-03
     vertex 9.5982161505e-01 8.8073736299e-01 -5.5219763305e-03
   endloop
 endfacet
 facet normal  1.3095350728e-01 -3.0585326386e-17 -9.9138851059e-01
   outer loop
     vertex 9.5982161505e-01 3.9947442185e-01 -5.5219763305e-03
     vertex 9.2331020388e-01 8.8073736299e-01 -1.0344805420e-02
     vertex 9.5982161505e-01 8.8073736299e-01 -5.5219763305e-03
   endloop
 endfacet
 facet normal  1.3095350728e-01 -3.5734829676e-18 -9.9138851059e-01
   outer loop
     vertex 9.5982161505e-01 3.9947442185e-01 -5.5219763305e-03
     vertex 9.2331020388e-01 3.9947442185e-01 -1.0344805420e-02
     vertex 9.2331020388e-01 8.8073736299e-01 -1.0344805420e-02
   endloop
 endfacet
 facet normal  1.2513251854e-01 -4.2167527521e-18 -9.9214003689e-01
   outer loop
     vertex 9.2331020388e-01 3.9947442185e-01 -1.0344805420e-02
     vertex 8.7030448965e-01 8.8073736299e-01 -1.7030090029e-02
     vertex 9.2331020388e-01 8.8073736299e-01 -1.0344805420e-02
   endloop
 endfacet
 facet normal  1.2513251854e-01 0.0000000000e+00 -9.9214003689e-01
   outer loop
     vertex 9.2331020388e-01 3.9947442185e-01 -1.0344805420e-02
     vertex 8.7030448965e-01 3.9947442185e-01 -1.7030090029e-02
     vertex 8.7030448965e-01 8.8073736299e-01 -1.7030090029e-02
   endloop
 endfacet
 facet normal  1.1718870894e-01 0.0000000000e+00 -9.9310966489e-01
   outer loop
     vertex 8.7030448965e-01 3.9947442185e-01 -1.7030090029e-02
     vertex 7.9695803833e-01 8.8073736299e-01 -2.5685101897e-02
     vertex 8.7030448965e-01 8.8073736299e-01 -1.7030090029e-02
   endloop
 endfacet
 facet normal  1.1718870894e-01 -2.7034203501e-17 -9.9310966489e-01
   outer loop
     vertex 8.7030448965e-01 3.9947442185e-01 -1.7030090029e-02
     vertex 7.9695803833e-01 3.9947442185e-01 -2.5685101897e-02
     vertex 7.9695803833e-01 8.8073736299e-01 -2.5685101897e-02
   endloop
 endfacet
 facet normal  1.0637499606e-01 -2.5928858712e-17 -9.9432608344e-01
   outer loop
     vertex 7.9695803833e-01 3.9947442185e-01 -2.5685101897e-02
     vertex 7.0192689193e-01 8.8073736299e-01 -3.5851724287e-02
     vertex 7.9695803833e-01 8.8073736299e-01 -2.5685101897e-02
   endloop
 endfacet
 facet normal  1.0637499606e-01 0.0000000000e+00 -9.9432608344e-01
   outer loop
     vertex 7.9695803833e-01 3.9947442185e-01 -2.5685101897e-02
     vertex 7.0192689193e-01 3.9947442185e-01 -3.5851724287e-02
     vertex 7.0192689193e-01 8.8073736299e-01 -3.5851724287e-02
   endloop
 endfacet
 facet normal  9.1463328509e-02 0.0000000000e+00 -9.9580844520e-01
   outer loop
     vertex 7.0192689193e-01 3.9947442185e-01 -3.5851724287e-02
     vertex 5.8876378780e-01 8.8073736299e-01 -4.6245564808e-02
     vertex 7.0192689193e-01 8.8073736299e-01 -3.5851724287e-02
   endloop
 endfacet
 facet normal  9.1463328509e-02 -1.4357658899e-17 -9.9580844520e-01
   outer loop
     vertex 7.0192689193e-01 3.9947442185e-01 -3.5851724287e-02
     vertex 5.8876378780e-01 3.9947442185e-01 -4.6245564808e-02
     vertex 5.8876378780e-01 8.8073736299e-01 -4.6245564808e-02
   endloop
 endfacet
 facet normal  7.0157790253e-02 -1.4739189512e-17 -9.9753590635e-01
   outer loop
     vertex 5.8876378780e-01 3.9947442185e-01 -4.6245564808e-02
     vertex 4.6678824105e-01 8.8073736299e-01 -5.4824238287e-02
     vertex 5.8876378780e-01 8.8073736299e-01 -4.6245564808e-02
   endloop
 endfacet
 facet normal  7.0157790253e-02 -8.0923324275e-18 -9.9753590635e-01
   outer loop
     vertex 5.8876378780e-01 3.9947442185e-01 -4.6245564808e-02
     vertex 4.6678824105e-01 3.9947442185e-01 -5.4824238287e-02
     vertex 4.6678824105e-01 8.8073736299e-01 -5.4824238287e-02
   endloop
 endfacet
 facet normal  3.9613515037e-02 -3.8115866816e-18 -9.9921507666e-01
   outer loop
     vertex 4.6678824105e-01 3.9947442185e-01 -5.4824238287e-02
     vertex 3.4867161706e-01 3.9947442185e-01 -5.9506928501e-02
     vertex 4.6678824105e-01 8.8073736299e-01 -5.4824238287e-02
   endloop
 endfacet
 facet normal  3.9613515037e-02 -1.4406776029e-17 -9.9921507666e-01
   outer loop
     vertex 4.6678824105e-01 8.8073736299e-01 -5.4824238287e-02
     vertex 3.4867161706e-01 3.9947442185e-01 -5.9506928501e-02
     vertex 3.4867161706e-01 8.8073736299e-01 -5.9506928501e-02
   endloop
 endfacet
 facet normal  -2.0754226775e-03 -1.4350739489e-17 -9.9999784631e-01
   outer loop
     vertex 3.4867161706e-01 3.9947442185e-01 -5.9506928501e-02
     vertex 2.4565152047e-01 3.9947442185e-01 -5.9293117796e-02
     vertex 3.4867161706e-01 8.8073736299e-01 -5.9506928501e-02
   endloop
 endfacet
 facet normal  -2.0754226775e-03 -1.4298367525e-17 -9.9999784631e-01
   outer loop
     vertex 3.4867161706e-01 8.8073736299e-01 -5.9506928501e-02
     vertex 2.4565152047e-01 3.9947442185e-01 -5.9293117796e-02
     vertex 2.4565152047e-01 8.8073736299e-01 -5.9293117796e-02
   endloop
 endfacet
 facet normal  -5.5453819818e-02 -1.0992650844e-17 -9.9846125306e-01
   outer loop
     vertex 2.4565152047e-01 3.9947442185e-01 -5.9293117796e-02
     vertex 1.6380190832e-01 3.9947442185e-01 -5.4747249210e-02
     vertex 2.4565152047e-01 8.8073736299e-01 -5.9293117796e-02
   endloop
 endfacet
 facet normal  -5.5453819818e-02 -1.4395907330e-17 -9.9846125306e-01
   outer loop
     vertex 2.4565152047e-01 8.8073736299e-01 -5.9293117796e-02
     vertex 1.6380190832e-01 3.9947442185e-01 -5.4747249210e-02
     vertex 1.6380190832e-01 8.8073736299e-01 -5.4747249210e-02
   endloop
 endfacet
 facet normal  -1.2076702739e-01 -1.4861729994e-17 -9.9268087777e-01
   outer loop
     vertex 1.6380190832e-01 3.9947442185e-01 -5.4747249210e-02
     vertex 1.0361138312e-01 3.9947442185e-01 -4.7424623209e-02
     vertex 1.6380190832e-01 8.8073736299e-01 -5.4747249210e-02
   endloop
 endfacet
 facet normal  -1.2076702739e-01 -1.7795025836e-17 -9.9268087777e-01
   outer loop
     vertex 1.6380190832e-01 8.8073736299e-01 -5.4747249210e-02
     vertex 1.0361138312e-01 3.9947442185e-01 -4.7424623209e-02
     vertex 1.0361138312e-01 8.8073736299e-01 -4.7424623209e-02
   endloop
 endfacet
 facet normal  -2.0023240962e-01 -1.8567287894e-17 -9.7974842798e-01
   outer loop
     vertex 1.0361138312e-01 3.9947442185e-01 -4.7424623209e-02
     vertex 6.2004804867e-02 3.9947442185e-01 -3.8921434858e-02
     vertex 1.0361138312e-01 8.8073736299e-01 -4.7424623209e-02
   endloop
 endfacet
 facet normal  -2.0023240962e-01 5.7739390579e-18 -9.7974842798e-01
   outer loop
     vertex 1.0361138312e-01 8.8073736299e-01 -4.7424623209e-02
     vertex 6.2004804867e-02 3.9947442185e-01 -3.8921434858e-02
     vertex 6.2004804867e-02 8.8073736299e-01 -3.8921434858e-02
   endloop
 endfacet
 facet normal  -2.9935221327e-01 7.8727858929e-18 -9.5414267927e-01
   outer loop
     vertex 6.2004804867e-02 3.9947442185e-01 -3.8921434858e-02
     vertex 3.4701656177e-02 3.9947442185e-01 -3.0355359608e-02
     vertex 6.2004804867e-02 8.8073736299e-01 -3.8921434858e-02
   endloop
 endfacet
 facet normal  -2.9935221327e-01 -2.5623709143e-18 -9.5414267927e-01
   outer loop
     vertex 6.2004804867e-02 8.8073736299e-01 -3.8921434858e-02
     vertex 3.4701656177e-02 3.9947442185e-01 -3.0355359608e-02
     vertex 3.4701656177e-02 8.8073736299e-01 -3.0355359608e-02
   endloop
 endfacet
 facet normal  -4.2610378432e-01 0.0000000000e+00 -9.0467428669e-01
   outer loop
     vertex 3.4701656177e-02 3.9947442185e-01 -3.0355359608e-02
     vertex 1.7711394777e-02 3.9947442185e-01 -2.2352905260e-02
     vertex 3.4701656177e-02 8.8073736299e-01 -3.0355359608e-02
   endloop
 endfacet
 facet normal  -4.2610378432e-01 0.0000000000e+00 -9.0467428669e-01
   outer loop
     vertex 3.4701656177e-02 8.8073736299e-01 -3.0355359608e-02
     vertex 1.7711394777e-02 3.9947442185e-01 -2.2352905260e-02
     vertex 1.7711394777e-02 8.8073736299e-01 -2.2352905260e-02
   endloop
 endfacet
 facet normal  -5.8540728658e-01 0.0000000000e+00 -8.1073935937e-01
   outer loop
     vertex 1.7711394777e-02 3.9947442185e-01 -2.2352905260e-02
     vertex 7.8928270998e-03 3.9947442185e-01 -1.5263251853e-02
     vertex 1.7711394777e-02 8.8073736299e-01 -2.2352905260e-02
   endloop
 endfacet
 facet normal  -5.8540728658e-01 0.0000000000e+00 -8.1073935937e-01
   outer loop
     vertex 1.7711394777e-02 8.8073736299e-01 -2.2352905260e-02
     vertex 7.8928270998e-03 3.9947442185e-01 -1.5263251853e-02
     vertex 7.8928270998e-03 8.8073736299e-01 -1.5263251853e-02
   endloop
 endfacet
 facet normal  -7.6128093626e-01 0.0000000000e+00 -6.4842218969e-01
   outer loop
     vertex 7.8928270998e-03 3.9947442185e-01 -1.5263251853e-02
     vertex 2.8852305479e-03 3.9947442185e-01 -9.3840764449e-03
     vertex 7.8928270998e-03 8.8073736299e-01 -1.5263251853e-02
   endloop
 endfacet
 facet normal  -7.6128093626e-01 0.0000000000e+00 -6.4842218969e-01
   outer loop
     vertex 7.8928270998e-03 8.8073736299e-01 -1.5263251853e-02
     vertex 2.8852305479e-03 3.9947442185e-01 -9.3840764449e-03
     vertex 2.8852305479e-03 8.8073736299e-01 -9.3840764449e-03
   endloop
 endfacet
 facet normal  -9.0355742872e-01 0.0000000000e+00 -4.2846700341e-01
   outer loop
     vertex 2.8852305479e-03 3.9947442185e-01 -9.3840764449e-03
     vertex 7.8807384983e-04 3.9947442185e-01 -4.9615619954e-03
     vertex 2.8852305479e-03 8.8073736299e-01 -9.3840764449e-03
   endloop
 endfacet
 facet normal  -9.0355742872e-01 0.0000000000e+00 -4.2846700341e-01
   outer loop
     vertex 2.8852305479e-03 8.8073736299e-01 -9.3840764449e-03
     vertex 7.8807384983e-04 3.9947442185e-01 -4.9615619954e-03
     vertex 7.8807384983e-04 8.8073736299e-01 -4.9615619954e-03
   endloop
 endfacet
 facet normal  -9.7629917451e-01 0.0000000000e+00 -2.1642532625e-01
   outer loop
     vertex 7.8807384983e-04 3.9947442185e-01 -4.9615619954e-03
     vertex 1.1903597513e-04 3.9947442185e-01 -1.9435181458e-03
     vertex 7.8807384983e-04 8.8073736299e-01 -4.9615619954e-03
   endloop
 endfacet
 facet normal  -9.7629917451e-01 -9.7513765902e-20 -2.1642532625e-01
   outer loop
     vertex 7.8807384983e-04 8.8073736299e-01 -4.9615619954e-03
     vertex 1.1903597513e-04 3.9947442185e-01 -1.9435181458e-03
     vertex 1.1903597513e-04 8.8073736299e-01 -1.9435181458e-03
   endloop
 endfacet
 facet normal  -9.9812962151e-01 -2.8246604485e-20 -6.1133122455e-02
   outer loop
     vertex 1.1903597513e-04 3.9947442185e-01 -1.9435181458e-03
     vertex 0.0000000000e+00 3.9947442185e-01 0.0000000000e+00
     vertex 1.1903597513e-04 8.8073736299e-01 -1.9435181458e-03
   endloop
 endfacet
 facet normal  -9.9812962151e-01 0.0000000000e+00 -6.1133122455e-02
   outer loop
     vertex 1.1903597513e-04 8.8073736299e-01 -1.9435181458e-03
     vertex 0.0000000000e+00 3.9947442185e-01 0.0000000000e+00
     vertex 0.0000000000e+00 8.8073736299e-01 0.0000000000e+00
   endloop
 endfacet
 facet normal  -9.9812962151e-01 0.0000000000e+00 6.1133122455e-02
   outer loop
     vertex 0.0000000000e+00 3.9947442185e-01 0.0000000000e+00
     vertex 1.1903597513e-04 8.8073736299e-01 1.9435181458e-03
     vertex 0.0000000000e+00 8.8073736299e-01 0.0000000000e+00
   endloop
 endfacet
 facet normal  -9.9812962151e-01 2.8107667648e-20 6.1133122455e-02
   outer loop
     vertex 0.0000000000e+00 3.9947442185e-01 0.0000000000e+00
     vertex 1.1903597513e-04 3.9947442185e-01 1.9435181458e-03
     vertex 1.1903597513e-04 8.8073736299e-01 1.9435181458e-03
   endloop
 endfacet
 facet normal  -9.7629917451e-01 0.0000000000e+00 2.1642532625e-01
   outer loop
     vertex 1.1903597513e-04 3.9947442185e-01 1.9435181458e-03
     vertex 7.8807384983e-04 8.8073736299e-01 4.9615619954e-03
     vertex 1.1903597513e-04 8.8073736299e-01 1.9435181458e-03
   endloop
 endfacet
 facet normal  -9.7629917451e-01 2.1994331903e-19 2.1642532625e-01
   outer loop
     vertex 1.1903597513e-04 3.9947442185e-01 1.9435181458e-03
     vertex 7.8807384983e-04 3.9947442185e-01 4.9615619954e-03
     vertex 7.8807384983e-04 8.8073736299e-01 4.9615619954e-03
   endloop
 endfacet
 facet normal  -9.0355742872e-01 7.1917466327e-19 4.2846700341e-01
   outer loop
     vertex 7.8807384983e-04 3.9947442185e-01 4.9615619954e-03
     vertex 2.8852305479e-03 8.8073736299e-01 9.3840764449e-03
     vertex 7.8807384983e-04 8.8073736299e-01 4.9615619954e-03
   endloop
 endfacet
 facet normal  -9.0355742872e-01 -7.3019584220e-19 4.2846700341e-01
   outer loop
     vertex 7.8807384983e-04 3.9947442185e-01 4.9615619954e-03
     vertex 2.8852305479e-03 3.9947442185e-01 9.3840764449e-03
     vertex 2.8852305479e-03 8.8073736299e-01 9.3840764449e-03
   endloop
 endfacet
 facet normal  -7.6128093626e-01 -9.1160439588e-19 6.4842218969e-01
   outer loop
     vertex 2.8852305479e-03 3.9947442185e-01 9.3840764449e-03
     vertex 7.8928270998e-03 8.8073736299e-01 1.5263251853e-02
     vertex 2.8852305479e-03 8.8073736299e-01 9.3840764449e-03
   endloop
 endfacet
 facet normal  -7.6128093626e-01 -2.3372528791e-18 6.4842218969e-01
   outer loop
     vertex 2.8852305479e-03 3.9947442185e-01 9.3840764449e-03
     vertex 7.8928270998e-03 3.9947442185e-01 1.5263251853e-02
     vertex 7.8928270998e-03 8.8073736299e-01 1.5263251853e-02
   endloop
 endfacet
 facet normal  -5.8540728658e-01 -2.3252571304e-18 8.1073935937e-01
   outer loop
     vertex 7.8928270998e-03 3.9947442185e-01 1.5263251853e-02
     vertex 1.7711394777e-02 8.8073736299e-01 2.2352905260e-02
     vertex 7.8928270998e-03 8.8073736299e-01 1.5263251853e-02
   endloop
 endfacet
 facet normal  -5.8540728658e-01 0.0000000000e+00 8.1073935937e-01
   outer loop
     vertex 7.8928270998e-03 3.9947442185e-01 1.5263251853e-02
     vertex 1.7711394777e-02 3.9947442185e-01 2.2352905260e-02
     vertex 1.7711394777e-02 8.8073736299e-01 2.2352905260e-02
   endloop
 endfacet
 facet normal  -4.2610378432e-01 0.0000000000e+00 9.0467428669e-01
   outer loop
     vertex 1.7711394777e-02 3.9947442185e-01 2.2352905260e-02
     vertex 3.4701656177e-02 8.8073736299e-01 3.0355359608e-02
     vertex 1.7711394777e-02 8.8073736299e-01 2.2352905260e-02
   endloop
 endfacet
 facet normal  -4.2610378432e-01 0.0000000000e+00 9.0467428669e-01
   outer loop
     vertex 1.7711394777e-02 3.9947442185e-01 2.2352905260e-02
     vertex 3.4701656177e-02 3.9947442185e-01 3.0355359608e-02
     vertex 3.4701656177e-02 8.8073736299e-01 3.0355359608e-02
   endloop
 endfacet
 facet normal  -2.9935221327e-01 0.0000000000e+00 9.5414267927e-01
   outer loop
     vertex 3.4701656177e-02 3.9947442185e-01 3.0355359608e-02
     vertex 6.2004804867e-02 8.8073736299e-01 3.8921434858e-02
     vertex 3.4701656177e-02 8.8073736299e-01 3.0355359608e-02
   endloop
 endfacet
 facet normal  -2.9935221327e-01 0.0000000000e+00 9.5414267927e-01
   outer loop
     vertex 3.4701656177e-02 3.9947442185e-01 3.0355359608e-02
     vertex 6.2004804867e-02 3.9947442185e-01 3.8921434858e-02
     vertex 6.2004804867e-02 8.8073736299e-01 3.8921434858e-02
   endloop
 endfacet
 facet normal  -2.0023240962e-01 0.0000000000e+00 9.7974842798e-01
   outer loop
     vertex 6.2004804867e-02 3.9947442185e-01 3.8921434858e-02
     vertex 1.0361138312e-01 8.8073736299e-01 4.7424623209e-02
     vertex 6.2004804867e-02 8.8073736299e-01 3.8921434858e-02
   endloop
 endfacet
 facet normal  -2.0023240962e-01 -1.4126104075e-17 9.7974842798e-01
   outer loop
     vertex 6.2004804867e-02 3.9947442185e-01 3.8921434858e-02
     vertex 1.0361138312e-01 3.9947442185e-01 4.7424623209e-02
     vertex 1.0361138312e-01 8.8073736299e-01 4.7424623209e-02
   endloop
 endfacet
 facet normal  -1.2076702739e-01 -1.4861729994e-17 9.9268087777e-01
   outer loop
     vertex 1.0361138312e-01 3.9947442185e-01 4.7424623209e-02
     vertex 1.6380190832e-01 8.8073736299e-01 5.4747249210e-02
     vertex 1.0361138312e-01 8.8073736299e-01 4.7424623209e-02
   endloop
 endfacet
 facet normal  -1.2076702739e-01 -6.9649209905e-18 9.9268087777e-01
   outer loop
     vertex 1.0361138312e-01 3.9947442185e-01 4.7424623209e-02
     vertex 1.6380190832e-01 3.9947442185e-01 5.4747249210e-02
     vertex 1.6380190832e-01 8.8073736299e-01 5.4747249210e-02
   endloop
 endfacet
 facet normal  -5.5453819818e-02 -2.7481627111e-18 9.9846125306e-01
   outer loop
     vertex 1.6380190832e-01 3.9947442185e-01 5.4747249210e-02
     vertex 2.4565152047e-01 8.8073736299e-01 5.9293117796e-02
     vertex 1.6380190832e-01 8.8073736299e-01 5.4747249210e-02
   endloop
 endfacet
 facet normal  -5.5453819818e-02 -1.4395907330e-17 9.9846125306e-01
   outer loop
     vertex 1.6380190832e-01 3.9947442185e-01 5.4747249210e-02
     vertex 2.4565152047e-01 3.9947442185e-01 5.9293117796e-02
     vertex 2.4565152047e-01 8.8073736299e-01 5.9293117796e-02
   endloop
 endfacet
 facet normal  -2.0754226775e-03 -1.4419076344e-17 9.9999784631e-01
   outer loop
     vertex 2.4565152047e-01 3.9947442185e-01 5.9293117796e-02
     vertex 3.4867161706e-01 8.8073736299e-01 5.9506928501e-02
     vertex 2.4565152047e-01 8.8073736299e-01 5.9293117796e-02
   endloop
 endfacet
 facet normal  -2.0754226775e-03 -1.4418062075e-17 9.9999784631e-01
   outer loop
     vertex 2.4565152047e-01 3.9947442185e-01 5.9293117796e-02
     vertex 3.4867161706e-01 3.9947442185e-01 5.9506928501e-02
     vertex 3.4867161706e-01 8.8073736299e-01 5.9506928501e-02
   endloop
 endfacet
 facet normal  3.9613515037e-02 -1.3340553386e-17 9.9921507666e-01
   outer loop
     vertex 3.4867161706e-01 3.9947442185e-01 5.9506928501e-02
     vertex 4.6678824105e-01 8.8073736299e-01 5.4824238287e-02
     vertex 3.4867161706e-01 8.8073736299e-01 5.9506928501e-02
   endloop
 endfacet
 facet normal  3.9613515037e-02 -1.8975986820e-17 9.9921507666e-01
   outer loop
     vertex 3.4867161706e-01 3.9947442185e-01 5.9506928501e-02
     vertex 4.6678824105e-01 3.9947442185e-01 5.4824238287e-02
     vertex 4.6678824105e-01 8.8073736299e-01 5.4824238287e-02
   endloop
 endfacet
 facet normal  7.0157790253e-02 -2.2108784269e-17 9.9753590635e-01
   outer loop
     vertex 4.6678824105e-01 3.9947442185e-01 5.4824238287e-02
     vertex 5.8876378780e-01 3.9947442185e-01 4.6245564808e-02
     vertex 4.6678824105e-01 8.8073736299e-01 5.4824238287e-02
   endloop
 endfacet
 facet normal  7.0157790253e-02 -0.0000000000e+00 9.9753590635e-01
   outer loop
     vertex 4.6678824105e-01 8.8073736299e-01 5.4824238287e-02
     vertex 5.8876378780e-01 3.9947442185e-01 4.6245564808e-02
     vertex 5.8876378780e-01 8.8073736299e-01 4.6245564808e-02
   endloop
 endfacet
 facet normal  9.1463328509e-02 0.0000000000e+00 9.9580844520e-01
   outer loop
     vertex 5.8876378780e-01 3.9947442185e-01 4.6245564808e-02
     vertex 7.0192689193e-01 3.9947442185e-01 3.5851724287e-02
     vertex 5.8876378780e-01 8.8073736299e-01 4.6245564808e-02
   endloop
 endfacet
 facet normal  9.1463328509e-02 -0.0000000000e+00 9.9580844520e-01
   outer loop
     vertex 5.8876378780e-01 8.8073736299e-01 4.6245564808e-02
     vertex 7.0192689193e-01 3.9947442185e-01 3.5851724287e-02
     vertex 7.0192689193e-01 8.8073736299e-01 3.5851724287e-02
   endloop
 endfacet
 facet normal  1.0637499606e-01 0.0000000000e+00 9.9432608344e-01
   outer loop
     vertex 7.0192689193e-01 3.9947442185e-01 3.5851724287e-02
     vertex 7.9695803833e-01 3.9947442185e-01 2.5685101897e-02
     vertex 7.0192689193e-01 8.8073736299e-01 3.5851724287e-02
   endloop
 endfacet
 facet normal  1.0637499606e-01 -2.4539593593e-17 9.9432608344e-01
   outer loop
     vertex 7.0192689193e-01 8.8073736299e-01 3.5851724287e-02
     vertex 7.9695803833e-01 3.9947442185e-01 2.5685101897e-02
     vertex 7.9695803833e-01 8.8073736299e-01 2.5685101897e-02
   endloop
 endfacet
 facet normal  1.1718870894e-01 -2.7452914895e-17 9.9310966489e-01
   outer loop
     vertex 7.9695803833e-01 3.9947442185e-01 2.5685101897e-02
     vertex 8.7030448965e-01 3.9947442185e-01 1.7030090029e-02
     vertex 7.9695803833e-01 8.8073736299e-01 2.5685101897e-02
   endloop
 endfacet
 facet normal  1.1718870894e-01 -0.0000000000e+00 9.9310966489e-01
   outer loop
     vertex 7.9695803833e-01 8.8073736299e-01 2.5685101897e-02
     vertex 8.7030448965e-01 3.9947442185e-01 1.7030090029e-02
     vertex 8.7030448965e-01 8.8073736299e-01 1.7030090029e-02
   endloop
 endfacet
 facet normal  1.2513251854e-01 0.0000000000e+00 9.9214003689e-01
   outer loop
     vertex 8.7030448965e-01 3.9947442185e-01 1.7030090029e-02
     vertex 9.2331020388e-01 3.9947442185e-01 1.0344805420e-02
     vertex 8.7030448965e-01 8.8073736299e-01 1.7030090029e-02
   endloop
 endfacet
 facet normal  1.2513251854e-01 -0.0000000000e+00 9.9214003689e-01
   outer loop
     vertex 8.7030448965e-01 8.8073736299e-01 1.7030090029e-02
     vertex 9.2331020388e-01 3.9947442185e-01 1.0344805420e-02
     vertex 9.2331020388e-01 8.8073736299e-01 1.0344805420e-02
   endloop
 endfacet
 facet normal  1.3095350728e-01 0.0000000000e+00 9.9138851059e-01
   outer loop
     vertex 9.2331020388e-01 3.9947442185e-01 1.0344805420e-02
     vertex 9.5982161505e-01 3.9947442185e-01 5.5219763305e-03
     vertex 9.2331020388e-01 8.8073736299e-01 1.0344805420e-02
   endloop
 endfacet
 facet normal  1.3095350728e-01 -3.0209597813e-17 9.9138851059e-01
   outer loop
     vertex 9.2331020388e-01 8.8073736299e-01 1.0344805420e-02
     vertex 9.5982161505e-01 3.9947442185e-01 5.5219763305e-03
     vertex 9.5982161505e-01 8.8073736299e-01 5.5219763305e-03
   endloop
 endfacet
 facet normal  1.3505987260e-01 -3.0968380600e-17 9.9083743915e-01
   outer loop
     vertex 9.5982161505e-01 3.9947442185e-01 5.5219763305e-03
     vertex 9.8414844626e-01 3.9947442185e-01 2.2060149078e-03
     vertex 9.5982161505e-01 8.8073736299e-01 5.5219763305e-03
   endloop
 endfacet
 facet normal  1.3505987260e-01 -8.9287415444e-19 9.9083743915e-01
   outer loop
     vertex 9.5982161505e-01 8.8073736299e-01 5.5219763305e-03
     vertex 9.8414844626e-01 3.9947442185e-01 2.2060149078e-03
     vertex 9.8414844626e-01 8.8073736299e-01 2.2060149078e-03
   endloop
 endfacet
 facet normal  1.3783871552e-01 -8.7977302958e-19 9.9045468776e-01
   outer loop
     vertex 9.8414844626e-01 3.9947442185e-01 2.2060149078e-03
     vertex 1.0000000000e+00 3.9947442185e-01 0.0000000000e+00
     vertex 9.8414844626e-01 8.8073736299e-01 2.2060149078e-03
   endloop
 endfacet
 facet normal  1.3783871552e-01 -0.0000000000e+00 9.9045468776e-01
   outer loop
     vertex 9.8414844626e-01 8.8073736299e-01 2.2060149078e-03
     vertex 1.0000000000e+00 3.9947442185e-01 0.0000000000e+00
     vertex 1.0000000000e+00 8.8073736299e-01 0.0000000000e+00
   endloop
 endfacet
 facet normal  1.3783871552e-01 0.0000000000e+00 -9.9045468776e-01
   outer loop
     vertex 1.0000000000e+00 8.8073736299e-01 0.0000000000e+00
     vertex 9.8414844626e-01 1.4285734080e+00 -2.2060149078e-03
     vertex 1.0000000000e+00 1.4285734080e+00 0.0000000000e+00
   endloop
 endfacet
 facet normal  1.3783871552e-01 2.7933853028e-17 -9.9045468776e-01
   outer loop
     vertex 1.0000000000e+00 8.8073736299e-01 0.0000000000e+00
     vertex 9.8414844626e-01 8.8073736299e-01 -2.2060149078e-03
     vertex 9.8414844626e-01 1.4285734080e+00 -2.2060149078e-03
   endloop
 endfacet
 facet normal  1.3505987260e-01 2.8212695429e-17 -9.9083743915e-01
   outer loop
     vertex 9.8414844626e-01 8.8073736299e-01 -2.2060149078e-03
     vertex 9.5982161505e-01 1.4285734080e+00 -5.5219763305e-03
     vertex 9.8414844626e-01 1.4285734080e+00 -2.2060149078e-03
   endloop
 endfacet
 facet normal  1.3505987260e-01 0.0000000000e+00 -9.9083743915e-01
   outer loop
     vertex 9.8414844626e-01 8.8073736299e-01 -2.2060149078e-03
     vertex 9.5982161505e-01 8.8073736299e-01 -5.5219763305e-03
     vertex 9.5982161505e-01 1.4285734080e+00 -5.5219763305e-03
   endloop
 endfacet
 facet normal  1.3095350728e-01 0.0000000000e+00 -9.9138851059e-01
   outer loop
     vertex 9.5982161505e-01 8.8073736299e-01 -5.5219763305e-03
     vertex 9.2331020388e-01 1.4285734080e+00 -1.0344805420e-02
     vertex 9.5982161505e-01 1.4285734080e+00 -5.5219763305e-03
   endloop
 endfacet
 facet normal  1.3095350728e-01 0.0000000000e+00 -9.9138851059e-01
   outer loop
     vertex 9.5982161505e-01 8.8073736299e-01 -5.5219763305e-03
     vertex 9.2331020388e-01 8.8073736299e-01 -1.0344805420e-02
     vertex 9.2331020388e-01 1.4285734080e+00 -1.0344805420e-02
   endloop
 endfacet
 facet normal  1.2513251854e-01 0.0000000000e+00 -9.9214003689e-01
   outer loop
     vertex 9.2331020388e-01 8.8073736299e-01 -1.0344805420e-02
     vertex 8.7030448965e-01 1.4285734080e+00 -1.7030090029e-02
     vertex 9.2331020388e-01 1.4285734080e+00 -1.0344805420e-02
   endloop
 endfacet
 facet normal  1.2513251854e-01 0.0000000000e+00 -9.9214003689e-01
   outer loop
     vertex 9.2331020388e-01 8.8073736299e-01 -1.0344805420e-02
     vertex 8.7030448965e-01 8.8073736299e-01 -1.7030090029e-02
     vertex 8.7030448965e-01 1.4285734080e+00 -1.7030090029e-02
   endloop
 endfacet
 facet normal  1.1718870894e-01 0.0000000000e+00 -9.9310966489e-01
   outer loop
     vertex 8.7030448965e-01 8.8073736299e-01 -1.7030090029e-02
     vertex 7.9695803833e-01 1.4285734080e+00 -2.5685101897e-02
     vertex 8.7030448965e-01 1.4285734080e+00 -1.7030090029e-02
   endloop
 endfacet
 facet normal  1.1718870894e-01 0.0000000000e+00 -9.9310966489e-01
   outer loop
     vertex 8.7030448965e-01 8.8073736299e-01 -1.7030090029e-02
     vertex 7.9695803833e-01 8.8073736299e-01 -2.5685101897e-02
     vertex 7.9695803833e-01 1.4285734080e+00 -2.5685101897e-02
   endloop
 endfacet
 facet normal  1.0637499606e-01 0.0000000000e+00 -9.9432608344e-01
   outer loop
     vertex 7.9695803833e-01 8.8073736299e-01 -2.5685101897e-02
     vertex 7.0192689193e-01 1.4285734080e+00 -3.5851724287e-02
     vertex 7.9695803833e-01 1.4285734080e+00 -2.5685101897e-02
   endloop
 endfacet
 facet normal  1.0637499606e-01 0.0000000000e+00 -9.9432608344e-01
   outer loop
     vertex 7.9695803833e-01 8.8073736299e-01 -2.5685101897e-02
     vertex 7.0192689193e-01 8.8073736299e-01 -3.5851724287e-02
     vertex 7.0192689193e-01 1.4285734080e+00 -3.5851724287e-02
   endloop
 endfacet
 facet normal  9.1463328509e-02 0.0000000000e+00 -9.9580844520e-01
   outer loop
     vertex 7.0192689193e-01 8.8073736299e-01 -3.5851724287e-02
     vertex 5.8876378780e-01 1.4285734080e+00 -4.6245564808e-02
     vertex 7.0192689193e-01 1.4285734080e+00 -3.5851724287e-02
   endloop
 endfacet
 facet normal  9.1463328509e-02 0.0000000000e+00 -9.9580844520e-01
   outer loop
     vertex 7.0192689193e-01 8.8073736299e-01 -3.5851724287e-02
     vertex 5.8876378780e-01 8.8073736299e-01 -4.6245564808e-02
     vertex 5.8876378780e-01 1.4285734080e+00 -4.6245564808e-02
   endloop
 endfacet
 facet normal  7.0157790253e-02 0.0000000000e+00 -9.9753590635e-01
   outer loop
     vertex 5.8876378780e-01 8.8073736299e-01 -4.6245564808e-02
     vertex 4.6678824105e-01 1.4285734080e+00 -5.4824238287e-02
     vertex 5.8876378780e-01 1.4285734080e+00 -4.6245564808e-02
   endloop
 endfacet
 facet normal  7.0157790253e-02 0.0000000000e+00 -9.9753590635e-01
   outer loop
     vertex 5.8876378780e-01 8.8073736299e-01 -4.6245564808e-02
     vertex 4.6678824105e-01 8.8073736299e-01 -5.4824238287e-02
     vertex 4.6678824105e-01 1.4285734080e+00 -5.4824238287e-02
   endloop
 endfacet
 facet normal  3.9613515037e-02 0.0000000000e+00 -9.9921507666e-01
   outer loop
     vertex 4.6678824105e-01 8.8073736299e-01 -5.4824238287e-02
     vertex 3.4867161706e-01 8.8073736299e-01 -5.9506928501e-02
     vertex 4.6678824105e-01 1.4285734080e+00 -5.4824238287e-02
   endloop
 endfacet
 facet normal  3.9613515037e-02 0.0000000000e+00 -9.9921507666e-01
   outer loop
     vertex 4.6678824105e-01 1.4285734080e+00 -5.4824238287e-02
     vertex 3.4867161706e-01 8.8073736299e-01 -5.9506928501e-02
     vertex 3.4867161706e-01 1.4285734080e+00 -5.9506928501e-02
   endloop
 endfacet
 facet normal  -2.0754226775e-03 0.0000000000e+00 -9.9999784631e-01
   outer loop
     vertex 3.4867161706e-01 8.8073736299e-01 -5.9506928501e-02
     vertex 2.4565152047e-01 8.8073736299e-01 -5.9293117796e-02
     vertex 3.4867161706e-01 1.4285734080e+00 -5.9506928501e-02
   endloop
 endfacet
 facet normal  -2.0754226775e-03 0.0000000000e+00 -9.9999784631e-01
   outer loop
     vertex 3.4867161706e-01 1.4285734080e+00 -5.9506928501e-02
     vertex 2.4565152047e-01 8.8073736299e-01 -5.9293117796e-02
     vertex 2.4565152047e-01 1.4285734080e+00 -5.9293117796e-02
   endloop
 endfacet
 facet normal  -5.5453819818e-02 0.0000000000e+00 -9.9846125306e-01
   outer loop
     vertex 2.4565152047e-01 8.8073736299e-01 -5.9293117796e-02
     vertex 1.6380190832e-01 8.8073736299e-01 -5.4747249210e-02
     vertex 2.4565152047e-01 1.4285734080e+00 -5.9293117796e-02
   endloop
 endfacet
 facet normal  -5.5453819818e-02 -1.2646514893e-17 -9.9846125306e-01
   outer loop
     vertex 2.4565152047e-01 1.4285734080e+00 -5.9293117796e-02
     vertex 1.6380190832e-01 8.8073736299e-01 -5.4747249210e-02
     vertex 1.6380190832e-01 1.4285734080e+00 -5.4747249210e-02
   endloop
 endfacet
 facet normal  -1.2076702739e-01 -1.3055730729e-17 -9.9268087777e-01
   outer loop
     vertex 1.6380190832e-01 8.8073736299e-01 -5.4747249210e-02
     vertex 1.0361138312e-01 8.8073736299e-01 -4.7424623209e-02
     vertex 1.6380190832e-01 1.4285734080e+00 -5.4747249210e-02
   endloop
 endfacet
 facet normal  -1.2076702739e-01 3.0592714657e-18 -9.9268087777e-01
   outer loop
     vertex 1.6380190832e-01 1.4285734080e+00 -5.4747249210e-02
     vertex 1.0361138312e-01 8.8073736299e-01 -4.7424623209e-02
     vertex 1.0361138312e-01 1.4285734080e+00 -4.7424623209e-02
   endloop
 endfacet
 facet normal  -2.0023240962e-01 4.6602825072e-18 -9.7974842798e-01
   outer loop
     vertex 1.0361138312e-01 8.8073736299e-01 -4.7424623209e-02
     vertex 6.2004804867e-02 8.8073736299e-01 -3.8921434858e-02
     vertex 1.0361138312e-01 1.4285734080e+00 -4.7424623209e-02
   endloop
 endfacet
 facet normal  -2.0023240962e-01 0.0000000000e+00 -9.7974842798e-01
   outer loop
     vertex 1.0361138312e-01 1.4285734080e+00 -4.7424623209e-02
     vertex 6.2004804867e-02 8.8073736299e-01 -3.8921434858e-02
     vertex 6.2004804867e-02 1.4285734080e+00 -3.8921434858e-02
   endloop
 endfacet
 facet normal  -2.9935221327e-01 0.0000000000e+00 -9.5414267927e-01
   outer loop
     vertex 6.2004804867e-02 8.8073736299e-01 -3.8921434858e-02
     vertex 3.4701656177e-02 8.8073736299e-01 -3.0355359608e-02
     vertex 6.2004804867e-02 1.4285734080e+00 -3.8921434858e-02
   endloop
 endfacet
 facet normal  -2.9935221327e-01 0.0000000000e+00 -9.5414267927e-01
   outer loop
     vertex 6.2004804867e-02 1.4285734080e+00 -3.8921434858e-02
     vertex 3.4701656177e-02 8.8073736299e-01 -3.0355359608e-02
     vertex 3.4701656177e-02 1.4285734080e+00 -3.0355359608e-02
   endloop
 endfacet
 facet normal  -4.2610378432e-01 0.0000000000e+00 -9.0467428669e-01
   outer loop
     vertex 3.4701656177e-02 8.8073736299e-01 -3.0355359608e-02
     vertex 1.7711394777e-02 8.8073736299e-01 -2.2352905260e-02
     vertex 3.4701656177e-02 1.4285734080e+00 -3.0355359608e-02
   endloop
 endfacet
 facet normal  -4.2610378432e-01 0.0000000000e+00 -9.0467428669e-01
   outer loop
     vertex 3.4701656177e-02 1.4285734080e+00 -3.0355359608e-02
     vertex 1.7711394777e-02 8.8073736299e-01 -2.2352905260e-02
     vertex 1.7711394777e-02 1.4285734080e+00 -2.2352905260e-02
   endloop
 endfacet
 facet normal  -5.8540728658e-01 0.0000000000e+00 -8.1073935937e-01
   outer loop
     vertex 1.7711394777e-02 8.8073736299e-01 -2.2352905260e-02
     vertex 7.8928270998e-03 8.8073736299e-01 -1.5263251853e-02
     vertex 1.7711394777e-02 1.4285734080e+00 -2.2352905260e-02
   endloop
 endfacet
 facet normal  -5.8540728658e-01 0.0000000000e+00 -8.1073935937e-01
   outer loop
     vertex 1.7711394777e-02 1.4285734080e+00 -2.2352905260e-02
     vertex 7.8928270998e-03 8.8073736299e-01 -1.5263251853e-02
     vertex 7.8928270998e-03 1.4285734080e+00 -1.5263251853e-02
   endloop
 endfacet
 facet normal  -7.6128093626e-01 0.0000000000e+00 -6.4842218969e-01
   outer loop
     vertex 7.8928270998e-03 8.8073736299e-01 -1.5263251853e-02
     vertex 2.8852305479e-03 8.8073736299e-01 -9.3840764449e-03
     vertex 7.8928270998e-03 1.4285734080e+00 -1.5263251853e-02
   endloop
 endfacet
 facet normal  -7.6128093626e-01 0.0000000000e+00 -6.4842218969e-01
   outer loop
     vertex 7.8928270998e-03 1.4285734080e+00 -1.5263251853e-02
     vertex 2.8852305479e-03 8.8073736299e-01 -9.3840764449e-03
     vertex 2.8852305479e-03 1.4285734080e+00 -9.3840764449e-03
   endloop
 endfacet
 facet normal  -9.0355742872e-01 0.0000000000e+00 -4.2846700341e-01
   outer loop
     vertex 2.8852305479e-03 8.8073736299e-01 -9.3840764449e-03
     vertex 7.8807384983e-04 8.8073736299e-01 -4.9615619954e-03
     vertex 2.8852305479e-03 1.4285734080e+00 -9.3840764449e-03
   endloop
 endfacet
 facet normal  -9.0355742872e-01 0.0000000000e+00 -4.2846700341e-01
   outer loop
     vertex 2.8852305479e-03 1.4285734080e+00 -9.3840764449e-03
     vertex 7.8807384983e-04 8.8073736299e-01 -4.9615619954e-03
     vertex 7.8807384983e-04 1.4285734080e+00 -4.9615619954e-03
   endloop
 endfacet
 facet normal  -9.7629917451e-01 0.0000000000e+00 -2.1642532625e-01
   outer loop
     vertex 7.8807384983e-04 8.8073736299e-01 -4.9615619954e-03
     vertex 1.1903597513e-04 8.8073736299e-01 -1.9435181458e-03
     vertex 7.8807384983e-04 1.4285734080e+00 -4.9615619954e-03
   endloop
 endfacet
 facet normal  -9.7629917451e-01 8.5663881024e-20 -2.1642532625e-01
   outer loop
     vertex 7.8807384983e-04 1.4285734080e+00 -4.9615619954e-03
     vertex 1.1903597513e-04 8.8073736299e-01 -1.9435181458e-03
     vertex 1.1903597513e-04 1.4285734080e+00 -1.9435181458e-03
   endloop
 endfacet
 facet normal  -9.9812962151e-01 2.4814073619e-20 -6.1133122455e-02
   outer loop
     vertex 1.1903597513e-04 8.8073736299e-01 -1.9435181458e-03
     vertex 0.0000000000e+00 8.8073736299e-01 0.0000000000e+00
     vertex 1.1903597513e-04 1.4285734080e+00 -1.9435181458e-03
   endloop
 endfacet
 facet normal  -9.9812962151e-01 0.0000000000e+00 -6.1133122455e-02
   outer loop
     vertex 1.1903597513e-04 1.4285734080e+00 -1.9435181458e-03
     vertex 0.0000000000e+00 8.8073736299e-01 0.0000000000e+00
     vertex 0.0000000000e+00 1.4285734080e+00 0.0000000000e+00
   endloop
 endfacet
 facet normal  -9.9812962151e-01 0.0000000000e+00 6.1133122455e-02
   outer loop
     vertex 0.0000000000e+00 8.8073736299e-01 0.0000000000e+00
     vertex 1.1903597513e-04 1.4285734080e+00 1.9435181458e-03
     vertex 0.0000000000e+00 1.4285734080e+00 0.0000000000e+00
   endloop
 endfacet
 facet normal  -9.9812962151e-01 -4.8889283354e-20 6.1133122455e-02
   outer loop
     vertex 0.0000000000e+00 8.8073736299e-01 0.0000000000e+00
     vertex 1.1903597513e-04 8.8073736299e-01 1.9435181458e-03
     vertex 1.1903597513e-04 1.4285734080e+00 1.9435181458e-03
   endloop
 endfacet
 facet normal  -9.7629917451e-01 -2.5007891773e-19 2.1642532625e-01
   outer loop
     vertex 1.1903597513e-04 8.8073736299e-01 1.9435181458e-03
     vertex 7.8807384983e-04 1.4285734080e+00 4.9615619954e-03
     vertex 1.1903597513e-04 1.4285734080e+00 1.9435181458e-03
   endloop
 endfacet
 facet normal  -9.7629917451e-01 -3.4265552409e-19 2.1642532625e-01
   outer loop
     vertex 1.1903597513e-04 8.8073736299e-01 1.9435181458e-03
     vertex 7.8807384983e-04 8.8073736299e-01 4.9615619954e-03
     vertex 7.8807384983e-04 1.4285734080e+00 4.9615619954e-03
   endloop
 endfacet
 facet normal  -9.0355742872e-01 -6.3178046935e-19 4.2846700341e-01
   outer loop
     vertex 7.8807384983e-04 8.8073736299e-01 4.9615619954e-03
     vertex 2.8852305479e-03 1.4285734080e+00 9.3840764449e-03
     vertex 7.8807384983e-04 1.4285734080e+00 4.9615619954e-03
   endloop
 endfacet
 facet normal  -9.0355742872e-01 0.0000000000e+00 4.2846700341e-01
   outer loop
     vertex 7.8807384983e-04 8.8073736299e-01 4.9615619954e-03
     vertex 2.8852305479e-03 8.8073736299e-01 9.3840764449e-03
     vertex 2.8852305479e-03 1.4285734080e+00 9.3840764449e-03
   endloop
 endfacet
 facet normal  -7.6128093626e-01 0.0000000000e+00 6.4842218969e-01
   outer loop
     vertex 2.8852305479e-03 8.8073736299e-01 9.3840764449e-03
     vertex 7.8928270998e-03 1.4285734080e+00 1.5263251853e-02
     vertex 2.8852305479e-03 1.4285734080e+00 9.3840764449e-03
   endloop
 endfacet
 facet normal  -7.6128093626e-01 0.0000000000e+00 6.4842218969e-01
   outer loop
     vertex 2.8852305479e-03 8.8073736299e-01 9.3840764449e-03
     vertex 7.8928270998e-03 8.8073736299e-01 1.5263251853e-02
     vertex 7.8928270998e-03 1.4285734080e+00 1.5263251853e-02
   endloop
 endfacet
 facet normal  -5.8540728658e-01 0.0000000000e+00 8.1073935937e-01
   outer loop
     vertex 7.8928270998e-03 8.8073736299e-01 1.5263251853e-02
     vertex 1.7711394777e-02 1.4285734080e+00 2.2352905260e-02
     vertex 7.8928270998e-03 1.4285734080e+00 1.5263251853e-02
   endloop
 endfacet
 facet normal  -5.8540728658e-01 0.0000000000e+00 8.1073935937e-01
   outer loop
     vertex 7.8928270998e-03 8.8073736299e-01 1.5263251853e-02
     vertex 1.7711394777e-02 8.8073736299e-01 2.2352905260e-02
     vertex 1.7711394777e-02 1.4285734080e+00 2.2352905260e-02
   endloop
 endfacet
 facet normal  -4.2610378432e-01 0.0000000000e+00 9.0467428669e-01
   outer loop
     vertex 1.7711394777e-02 8.8073736299e-01 2.2352905260e-02
     vertex 3.4701656177e-02 1.4285734080e+00 3.0355359608e-02
     vertex 1.7711394777e-02 1.4285734080e+00 2.2352905260e-02
   endloop
 endfacet
 facet normal  -4.2610378432e-01 5.7293043695e-18 9.0467428669e-01
   outer loop
     vertex 1.7711394777e-02 8.8073736299e-01 2.2352905260e-02
     vertex 3.4701656177e-02 8.8073736299e-01 3.0355359608e-02
     vertex 3.4701656177e-02 1.4285734080e+00 3.0355359608e-02
   endloop
 endfacet
 facet normal  -2.9935221327e-01 6.9160839787e-18 9.5414267927e-01
   outer loop
     vertex 3.4701656177e-02 8.8073736299e-01 3.0355359608e-02
     vertex 6.2004804867e-02 1.4285734080e+00 3.8921434858e-02
     vertex 3.4701656177e-02 1.4285734080e+00 3.0355359608e-02
   endloop
 endfacet
 facet normal  -2.9935221327e-01 -3.7915965310e-18 9.5414267927e-01
   outer loop
     vertex 3.4701656177e-02 8.8073736299e-01 3.0355359608e-02
     vertex 6.2004804867e-02 8.8073736299e-01 3.8921434858e-02
     vertex 6.2004804867e-02 1.4285734080e+00 3.8921434858e-02
   endloop
 endfacet
 facet normal  -2.0023240962e-01 -2.3301412536e-18 9.7974842798e-01
   outer loop
     vertex 6.2004804867e-02 8.8073736299e-01 3.8921434858e-02
     vertex 1.0361138312e-01 1.4285734080e+00 4.7424623209e-02
     vertex 6.2004804867e-02 1.4285734080e+00 3.8921434858e-02
   endloop
 endfacet
 facet normal  -2.0023240962e-01 0.0000000000e+00 9.7974842798e-01
   outer loop
     vertex 6.2004804867e-02 8.8073736299e-01 3.8921434858e-02
     vertex 1.0361138312e-01 8.8073736299e-01 4.7424623209e-02
     vertex 1.0361138312e-01 1.4285734080e+00 4.7424623209e-02
   endloop
 endfacet
 facet normal  -1.2076702739e-01 0.0000000000e+00 9.9268087777e-01
   outer loop
     vertex 1.0361138312e-01 8.8073736299e-01 4.7424623209e-02
     vertex 1.6380190832e-01 1.4285734080e+00 5.4747249210e-02
     vertex 1.0361138312e-01 1.4285734080e+00 4.7424623209e-02
   endloop
 endfacet
 facet normal  -1.2076702739e-01 -6.4547577012e-18 9.9268087777e-01
   outer loop
     vertex 1.0361138312e-01 8.8073736299e-01 4.7424623209e-02
     vertex 1.6380190832e-01 8.8073736299e-01 5.4747249210e-02
     vertex 1.6380190832e-01 1.4285734080e+00 5.4747249210e-02
   endloop
 endfacet
 facet normal  -5.5453819818e-02 -9.6568225557e-18 9.9846125306e-01
   outer loop
     vertex 1.6380190832e-01 8.8073736299e-01 5.4747249210e-02
     vertex 2.4565152047e-01 1.4285734080e+00 5.9293117796e-02
     vertex 1.6380190832e-01 1.4285734080e+00 5.4747249210e-02
   endloop
 endfacet
 facet normal  -5.5453819818e-02 0.0000000000e+00 9.9846125306e-01
   outer loop
     vertex 1.6380190832e-01 8.8073736299e-01 5.4747249210e-02
     vertex 2.4565152047e-01 8.8073736299e-01 5.9293117796e-02
     vertex 2.4565152047e-01 1.4285734080e+00 5.9293117796e-02
   endloop
 endfacet
 facet normal  -2.0754226775e-03 0.0000000000e+00 9.9999784631e-01
   outer loop
     vertex 2.4565152047e-01 8.8073736299e-01 5.9293117796e-02
     vertex 3.4867161706e-01 1.4285734080e+00 5.9506928501e-02
     vertex 2.4565152047e-01 1.4285734080e+00 5.9293117796e-02
   endloop
 endfacet
 facet normal  -2.0754226775e-03 1.2665977390e-17 9.9999784631e-01
   outer loop
     vertex 2.4565152047e-01 8.8073736299e-01 5.9293117796e-02
     vertex 3.4867161706e-01 8.8073736299e-01 5.9506928501e-02
     vertex 3.4867161706e-01 1.4285734080e+00 5.9506928501e-02
   endloop
 endfacet
 facet normal  3.9613515037e-02 1.1719407690e-17 9.9921507666e-01
   outer loop
     vertex 3.4867161706e-01 8.8073736299e-01 5.9506928501e-02
     vertex 4.6678824105e-01 1.4285734080e+00 5.4824238287e-02
     vertex 3.4867161706e-01 1.4285734080e+00 5.9506928501e-02
   endloop
 endfacet
 facet normal  3.9613515037e-02 -0.0000000000e+00 9.9921507666e-01
   outer loop
     vertex 3.4867161706e-01 8.8073736299e-01 5.9506928501e-02
     vertex 4.6678824105e-01 8.8073736299e-01 5.4824238287e-02
     vertex 4.6678824105e-01 1.4285734080e+00 5.4824238287e-02
   endloop
 endfacet
 facet normal  7.0157790253e-02 0.0000000000e+00 9.9753590635e-01
   outer loop
     vertex 4.6678824105e-01 8.8073736299e-01 5.4824238287e-02
     vertex 5.8876378780e-01 8.8073736299e-01 4.6245564808e-02
     vertex 4.6678824105e-01 1.4285734080e+00 5.4824238287e-02
   endloop
 endfacet
 facet normal  7.0157790253e-02 -0.0000000000e+00 9.9753590635e-01
   outer loop
     vertex 4.6678824105e-01 1.4285734080e+00 5.4824238287e-02
     vertex 5.8876378780e-01 8.8073736299e-01 4.6245564808e-02
     vertex 5.8876378780e-01 1.4285734080e+00 4.6245564808e-02
   endloop
 endfacet
 facet normal  9.1463328509e-02 0.0000000000e+00 9.9580844520e-01
   outer loop
     vertex 5.8876378780e-01 8.8073736299e-01 4.6245564808e-02
     vertex 7.0192689193e-01 8.8073736299e-01 3.5851724287e-02
     vertex 5.8876378780e-01 1.4285734080e+00 4.6245564808e-02
   endloop
 endfacet
 facet normal  9.1463328509e-02 -0.0000000000e+00 9.9580844520e-01
   outer loop
     vertex 5.8876378780e-01 1.4285734080e+00 4.6245564808e-02
     vertex 7.0192689193e-01 8.8073736299e-01 3.5851724287e-02
     vertex 7.0192689193e-01 1.4285734080e+00 3.5851724287e-02
   endloop
 endfacet
 facet normal  1.0637499606e-01 0.0000000000e+00 9.9432608344e-01
   outer loop
     vertex 7.0192689193e-01 8.8073736299e-01 3.5851724287e-02
     vertex 7.9695803833e-01 8.8073736299e-01 2.5685101897e-02
     vertex 7.0192689193e-01 1.4285734080e+00 3.5851724287e-02
   endloop
 endfacet
 facet normal  1.0637499606e-01 -0.0000000000e+00 9.9432608344e-01
   outer loop
     vertex 7.0192689193e-01 1.4285734080e+00 3.5851724287e-02
     vertex 7.9695803833e-01 8.8073736299e-01 2.5685101897e-02
     vertex 7.9695803833e-01 1.4285734080e+00 2.5685101897e-02
   endloop
 endfacet
 facet normal  1.1718870894e-01 0.0000000000e+00 9.9310966489e-01
   outer loop
     vertex 7.9695803833e-01 8.8073736299e-01 2.5685101897e-02
     vertex 8.7030448965e-01 8.8073736299e-01 1.7030090029e-02
     vertex 7.9695803833e-01 1.4285734080e+00 2.5685101897e-02
   endloop
 endfacet
 facet normal  1.1718870894e-01 -0.0000000000e+00 9.9310966489e-01
   outer loop
     vertex 7.9695803833e-01 1.4285734080e+00 2.5685101897e-02
     vertex 8.7030448965e-01 8.8073736299e-01 1.7030090029e-02
     vertex 8.7030448965e-01 1.4285734080e+00 1.7030090029e-02
   endloop
 endfacet
 facet normal  1.2513251854e-01 0.0000000000e+00 9.9214003689e-01
   outer loop
     vertex 8.7030448965e-01 8.8073736299e-01 1.7030090029e-02
     vertex 9.2331020388e-01 8.8073736299e-01 1.0344805420e-02
     vertex 8.7030448965e-01 1.4285734080e+00 1.7030090029e-02
   endloop
 endfacet
 facet normal  1.2513251854e-01 -0.0000000000e+00 9.9214003689e-01
   outer loop
     vertex 8.7030448965e-01 1.4285734080e+00 1.7030090029e-02
     vertex 9.2331020388e-01 8.8073736299e-01 1.0344805420e-02
     vertex 9.2331020388e-01 1.4285734080e+00 1.0344805420e-02
   endloop
 endfacet
 facet normal  1.3095350728e-01 0.0000000000e+00 9.9138851059e-01
   outer loop
     vertex 9.2331020388e-01 8.8073736299e-01 1.0344805420e-02
     vertex 9.5982161505e-01 8.8073736299e-01 5.5219763305e-03
     vertex 9.2331020388e-01 1.4285734080e+00 1.0344805420e-02
   endloop
 endfacet
 facet normal  1.3095350728e-01 -0.0000000000e+00 9.9138851059e-01
   outer loop
     vertex 9.2331020388e-01 1.4285734080e+00 1.0344805420e-02
     vertex 9.5982161505e-01 8.8073736299e-01 5.5219763305e-03
     vertex 9.5982161505e-01 1.4285734080e+00 5.5219763305e-03
   endloop
 endfacet
 facet normal  1.3505987260e-01 0.0000000000e+00 9.9083743915e-01
   outer loop
     vertex 9.5982161505e-01 8.8073736299e-01 5.5219763305e-03
     vertex 9.8414844626e-01 8.8073736299e-01 2.2060149078e-03
     vertex 9.5982161505e-01 1.4285734080e+00 5.5219763305e-03
   endloop
 endfacet
 facet normal  1.3505987260e-01 -0.0000000000e+00 9.9083743915e-01
   outer loop
     vertex 9.5982161505e-01 1.4285734080e+00 5.5219763305e-03
     vertex 9.8414844626e-01 8.8073736299e-01 2.2060149078e-03
     vertex 9.8414844626e-01 1.4285734080e+00 2.2060149078e-03
   endloop
 endfacet
 facet normal  1.3783871552e-01 0.0000000000e+00 9.9045468776e-01
   outer loop
     vertex 9.8414844626e-01 8.8073736299e-01 2.2060149078e-03
     vertex 1.0000000000e+00 8.8073736299e-01 0.0000000000e+00
     vertex 9.8414844626e-01 1.4285734080e+00 2.2060149078e-03
   endloop
 endfacet
 facet normal  1.3783871552e-01 -0.0000000000e+00 9.9045468776e-01
   outer loop
     vertex 9.8414844626e-01 1.4285734080e+00 2.2060149078e-03
     vertex 1.0000000000e+00 8.8073736299e-01 0.0000000000e+00
     vertex 1.0000000000e+00 1.4285734080e+00 0.0000000000e+00
   endloop
 endfacet
 facet normal  1.3783871552e-01 0.0000000000e+00 -9.9045468776e-01
   outer loop
     vertex 1.0000000000e+00 1.4285734080e+00 0.0000000000e+00
     vertex 9.8414844626e-01 2.0133560182e+00 -2.2060149078e-03
     vertex 1.0000000000e+00 2.0133560182e+00 0.0000000000e+00
   endloop
 endfacet
 facet normal  1.3783871552e-01 -5.2337984405e-17 -9.9045468776e-01
   outer loop
     vertex 1.0000000000e+00 1.4285734080e+00 0.0000000000e+00
     vertex 9.8414844626e-01 1.4285734080e+00 -2.2060149078e-03
     vertex 9.8414844626e-01 2.0133560182e+00 -2.2060149078e-03
   endloop
 endfacet
 facet normal  1.3505987260e-01 -5.1916498348e-17 -9.9083743915e-01
   outer loop
     vertex 9.8414844626e-01 1.4285734080e+00 -2.2060149078e-03
     vertex 9.5982161505e-01 2.0133560182e+00 -5.5219763305e-03
     vertex 9.8414844626e-01 2.0133560182e+00 -2.2060149078e-03
   endloop
 endfacet
 facet normal  1.3505987260e-01 0.0000000000e+00 -9.9083743915e-01
   outer loop
     vertex 9.8414844626e-01 1.4285734080e+00 -2.2060149078e-03
     vertex 9.5982161505e-01 1.4285734080e+00 -5.5219763305e-03
     vertex 9.5982161505e-01 2.0133560182e+00 -5.5219763305e-03
   endloop
 endfacet
 facet normal  1.3095350728e-01 0.0000000000e+00 -9.9138851059e-01
   outer loop
     vertex 9.5982161505e-01 1.4285734080e+00 -5.5219763305e-03
     vertex 9.2331020388e-01 2.0133560182e+00 -1.0344805420e-02
     vertex 9.5982161505e-01 2.0133560182e+00 -5.5219763305e-03
   endloop
 endfacet
 facet normal  1.3095350728e-01 0.0000000000e+00 -9.9138851059e-01
   outer loop
     vertex 9.5982161505e-01 1.4285734080e+00 -5.5219763305e-03
     vertex 9.2331020388e-01 1.4285734080e+00 -1.0344805420e-02
     vertex 9.2331020388e-01 2.0133560182e+00 -1.0344805420e-02
   endloop
 endfacet
 facet normal  1.2513251854e-01 0.0000000000e+00 -9.9214003689e-01
   outer loop
     vertex 9.2331020388e-01 1.4285734080e+00 -1.0344805420e-02
     vertex 8.7030448965e-01 2.0133560182e+00 -1.7030090029e-02
     vertex 9.2331020388e-01 2.0133560182e+00 -1.0344805420e-02
   endloop
 endfacet
 facet normal  1.2513251854e-01 0.0000000000e+00 -9.9214003689e-01
   outer loop
     vertex 9.2331020388e-01 1.4285734080e+00 -1.0344805420e-02
     vertex 8.7030448965e-01 1.4285734080e+00 -1.7030090029e-02
     vertex 8.7030448965e-01 2.0133560182e+00 -1.7030090029e-02
   endloop
 endfacet
 facet normal  1.1718870894e-01 0.0000000000e+00 -9.9310966489e-01
   outer loop
     vertex 8.7030448965e-01 1.4285734080e+00 -1.7030090029e-02
     vertex 7.9695803833e-01 2.0133560182e+00 -2.5685101897e-02
     vertex 8.7030448965e-01 2.0133560182e+00 -1.7030090029e-02
   endloop
 endfacet
 facet normal  1.1718870894e-01 0.0000000000e+00 -9.9310966489e-01
   outer loop
     vertex 8.7030448965e-01 1.4285734080e+00 -1.7030090029e-02
     vertex 7.9695803833e-01 1.4285734080e+00 -2.5685101897e-02
     vertex 7.9695803833e-01 2.0133560182e+00 -2.5685101897e-02
   endloop
 endfacet
 facet normal  1.0637499606e-01 0.0000000000e+00 -9.9432608344e-01
   outer loop
     vertex 7.9695803833e-01 1.4285734080e+00 -2.5685101897e-02
     vertex 7.0192689193e-01 2.0133560182e+00 -3.5851724287e-02
     vertex 7.9695803833e-01 2.0133560182e+00 -2.5685101897e-02
   endloop
 endfacet
 facet normal  1.0637499606e-01 0.0000000000e+00 -9.9432608344e-01
   outer loop
     vertex 7.9695803833e-01 1.4285734080e+00 -2.5685101897e-02
     vertex 7.0192689193e-01 1.4285734080e+00 -3.5851724287e-02
     vertex 7.0192689193e-01 2.0133560182e+00 -3.5851724287e-02
   endloop
 endfacet
 facet normal  9.1463328509e-02 0.0000000000e+00 -9.9580844520e-01
   outer loop
     vertex 7.0192689193e-01 1.4285734080e+00 -3.5851724287e-02
     vertex 5.8876378780e-01 2.0133560182e+00 -4.6245564808e-02
     vertex 7.0192689193e-01 2.0133560182e+00 -3.5851724287e-02
   endloop
 endfacet
 facet normal  9.1463328509e-02 0.0000000000e+00 -9.9580844520e-01
   outer loop
     vertex 7.0192689193e-01 1.4285734080e+00 -3.5851724287e-02
     vertex 5.8876378780e-01 1.4285734080e+00 -4.6245564808e-02
     vertex 5.8876378780e-01 2.0133560182e+00 -4.6245564808e-02
   endloop
 endfacet
 facet normal  7.0157790253e-02 0.0000000000e+00 -9.9753590635e-01
   outer loop
     vertex 5.8876378780e-01 1.4285734080e+00 -4.6245564808e-02
     vertex 4.6678824105e-01 2.0133560182e+00 -5.4824238287e-02
     vertex 5.8876378780e-01 2.0133560182e+00 -4.6245564808e-02
   endloop
 endfacet
 facet normal  7.0157790253e-02 0.0000000000e+00 -9.9753590635e-01
   outer loop
     vertex 5.8876378780e-01 1.4285734080e+00 -4.6245564808e-02
     vertex 4.6678824105e-01 1.4285734080e+00 -5.4824238287e-02
     vertex 4.6678824105e-01 2.0133560182e+00 -5.4824238287e-02
   endloop
 endfacet
 facet normal  3.9613515037e-02 0.0000000000e+00 -9.9921507666e-01
   outer loop
     vertex 4.6678824105e-01 1.4285734080e+00 -5.4824238287e-02
     vertex 3.4867161706e-01 1.4285734080e+00 -5.9506928501e-02
     vertex 4.6678824105e-01 2.0133560182e+00 -5.4824238287e-02
   endloop
 endfacet
 facet normal  3.9613515037e-02 0.0000000000e+00 -9.9921507666e-01
   outer loop
     vertex 4.6678824105e-01 2.0133560182e+00 -5.4824238287e-02
     vertex 3.4867161706e-01 1.4285734080e+00 -5.9506928501e-02
     vertex 3.4867161706e-01 2.0133560182e+00 -5.9506928501e-02
   endloop
 endfacet
 facet normal  -2.0754226775e-03 0.0000000000e+00 -9.9999784631e-01
   outer loop
     vertex 3.4867161706e-01 1.4285734080e+00 -5.9506928501e-02
     vertex 2.4565152047e-01 1.4285734080e+00 -5.9293117796e-02
     vertex 3.4867161706e-01 2.0133560182e+00 -5.9506928501e-02
   endloop
 endfacet
 facet normal  -2.0754226775e-03 0.0000000000e+00 -9.9999784631e-01
   outer loop
     vertex 3.4867161706e-01 2.0133560182e+00 -5.9506928501e-02
     vertex 2.4565152047e-01 1.4285734080e+00 -5.9293117796e-02
     vertex 2.4565152047e-01 2.0133560182e+00 -5.9293117796e-02
   endloop
 endfacet
 facet normal  -5.5453819818e-02 0.0000000000e+00 -9.9846125306e-01
   outer loop
     vertex 2.4565152047e-01 1.4285734080e+00 -5.9293117796e-02
     vertex 1.6380190832e-01 1.4285734080e+00 -5.4747249210e-02
     vertex 2.4565152047e-01 2.0133560182e+00 -5.9293117796e-02
   endloop
 endfacet
 facet normal  -5.5453819818e-02 0.0000000000e+00 -9.9846125306e-01
   outer loop
     vertex 2.4565152047e-01 2.0133560182e+00 -5.9293117796e-02
     vertex 1.6380190832e-01 1.4285734080e+00 -5.4747249210e-02
     vertex 1.6380190832e-01 2.0133560182e+00 -5.4747249210e-02
   endloop
 endfacet
 facet normal  -1.2076702739e-01 0.0000000000e+00 -9.9268087777e-01
   outer loop
     vertex 1.6380190832e-01 1.4285734080e+00 -5.4747249210e-02
     vertex 1.0361138312e-01 1.4285734080e+00 -4.7424623209e-02
     vertex 1.6380190832e-01 2.0133560182e+00 -5.4747249210e-02
   endloop
 endfacet
 facet normal  -1.2076702739e-01 0.0000000000e+00 -9.9268087777e-01
   outer loop
     vertex 1.6380190832e-01 2.0133560182e+00 -5.4747249210e-02
     vertex 1.0361138312e-01 1.4285734080e+00 -4.7424623209e-02
     vertex 1.0361138312e-01 2.0133560182e+00 -4.7424623209e-02
   endloop
 endfacet
 facet normal  -2.0023240962e-01 0.0000000000e+00 -9.7974842798e-01
   outer loop
     vertex 1.0361138312e-01 1.4285734080e+00 -4.7424623209e-02
     vertex 6.2004804867e-02 1.4285734080e+00 -3.8921434858e-02
     vertex 1.0361138312e-01 2.0133560182e+00 -4.7424623209e-02
   endloop
 endfacet
 facet normal  -2.0023240962e-01 -4.7518220357e-18 -9.7974842798e-01
   outer loop
     vertex 1.0361138312e-01 2.0133560182e+00 -4.7424623209e-02
     vertex 6.2004804867e-02 1.4285734080e+00 -3.8921434858e-02
     vertex 6.2004804867e-02 2.0133560182e+00 -3.8921434858e-02
   endloop
 endfacet
 facet normal  -2.9935221327e-01 -8.0989072437e-18 -9.5414267927e-01
   outer loop
     vertex 6.2004804867e-02 1.4285734080e+00 -3.8921434858e-02
     vertex 3.4701656177e-02 1.4285734080e+00 -3.0355359608e-02
     vertex 6.2004804867e-02 2.0133560182e+00 -3.8921434858e-02
   endloop
 endfacet
 facet normal  -2.9935221327e-01 0.0000000000e+00 -9.5414267927e-01
   outer loop
     vertex 6.2004804867e-02 2.0133560182e+00 -3.8921434858e-02
     vertex 3.4701656177e-02 1.4285734080e+00 -3.0355359608e-02
     vertex 3.4701656177e-02 2.0133560182e+00 -3.0355359608e-02
   endloop
 endfacet
 facet normal  -4.2610378432e-01 0.0000000000e+00 -9.0467428669e-01
   outer loop
     vertex 3.4701656177e-02 1.4285734080e+00 -3.0355359608e-02
     vertex 1.7711394777e-02 1.4285734080e+00 -2.2352905260e-02
     vertex 3.4701656177e-02 2.0133560182e+00 -3.0355359608e-02
   endloop
 endfacet
 facet normal  -4.2610378432e-01 0.0000000000e+00 -9.0467428669e-01
   outer loop
     vertex 3.4701656177e-02 2.0133560182e+00 -3.0355359608e-02
     vertex 1.7711394777e-02 1.4285734080e+00 -2.2352905260e-02
     vertex 1.7711394777e-02 2.0133560182e+00 -2.2352905260e-02
   endloop
 endfacet
 facet normal  -5.8540728658e-01 0.0000000000e+00 -8.1073935937e-01
   outer loop
     vertex 1.7711394777e-02 1.4285734080e+00 -2.2352905260e-02
     vertex 7.8928270998e-03 1.4285734080e+00 -1.5263251853e-02
     vertex 1.7711394777e-02 2.0133560182e+00 -2.2352905260e-02
   endloop
 endfacet
 facet normal  -5.8540728658e-01 2.4050109822e-18 -8.1073935937e-01
   outer loop
     vertex 1.7711394777e-02 2.0133560182e+00 -2.2352905260e-02
     vertex 7.8928270998e-03 1.4285734080e+00 -1.5263251853e-02
     vertex 7.8928270998e-03 2.0133560182e+00 -1.5263251853e-02
   endloop
 endfacet
 facet normal  -7.6128093626e-01 2.2506897697e-18 -6.4842218969e-01
   outer loop
     vertex 7.8928270998e-03 1.4285734080e+00 -1.5263251853e-02
     vertex 2.8852305479e-03 1.4285734080e+00 -9.3840764449e-03
     vertex 7.8928270998e-03 2.0133560182e+00 -1.5263251853e-02
   endloop
 endfacet
 facet normal  -7.6128093626e-01 0.0000000000e+00 -6.4842218969e-01
   outer loop
     vertex 7.8928270998e-03 2.0133560182e+00 -1.5263251853e-02
     vertex 2.8852305479e-03 1.4285734080e+00 -9.3840764449e-03
     vertex 2.8852305479e-03 2.0133560182e+00 -9.3840764449e-03
   endloop
 endfacet
 facet normal  -9.0355742872e-01 0.0000000000e+00 -4.2846700341e-01
   outer loop
     vertex 2.8852305479e-03 1.4285734080e+00 -9.3840764449e-03
     vertex 7.8807384983e-04 1.4285734080e+00 -4.9615619954e-03
     vertex 2.8852305479e-03 2.0133560182e+00 -9.3840764449e-03
   endloop
 endfacet
 facet normal  -9.0355742872e-01 0.0000000000e+00 -4.2846700341e-01
   outer loop
     vertex 2.8852305479e-03 2.0133560182e+00 -9.3840764449e-03
     vertex 7.8807384983e-04 1.4285734080e+00 -4.9615619954e-03
     vertex 7.8807384983e-04 2.0133560182e+00 -4.9615619954e-03
   endloop
 endfacet
 facet normal  -9.7629917451e-01 0.0000000000e+00 -2.1642532625e-01
   outer loop
     vertex 7.8807384983e-04 1.4285734080e+00 -4.9615619954e-03
     vertex 1.1903597513e-04 1.4285734080e+00 -1.9435181458e-03
     vertex 7.8807384983e-04 2.0133560182e+00 -4.9615619954e-03
   endloop
 endfacet
 facet normal  -9.7629917451e-01 0.0000000000e+00 -2.1642532625e-01
   outer loop
     vertex 7.8807384983e-04 2.0133560182e+00 -4.9615619954e-03
     vertex 1.1903597513e-04 1.4285734080e+00 -1.9435181458e-03
     vertex 1.1903597513e-04 2.0133560182e+00 -1.9435181458e-03
   endloop
 endfacet
 facet normal  -9.9812962151e-01 0.0000000000e+00 -6.1133122455e-02
   outer loop
     vertex 1.1903597513e-04 1.4285734080e+00 -1.9435181458e-03
     vertex 0.0000000000e+00 1.4285734080e+00 0.0000000000e+00
     vertex 1.1903597513e-04 2.0133560182e+00 -1.9435181458e-03
   endloop
 endfacet
 facet normal  -9.9812962151e-01 0.0000000000e+00 -6.1133122455e-02
   outer loop
     vertex 1.1903597513e-04 2.0133560182e+00 -1.9435181458e-03
     vertex 0.0000000000e+00 1.4285734080e+00 0.0000000000e+00
     vertex 0.0000000000e+00 2.0133560182e+00 0.0000000000e+00
   endloop
 endfacet
 facet normal  -9.9812962151e-01 0.0000000000e+00 6.1133122455e-02
   outer loop
     vertex 0.0000000000e+00 1.4285734080e+00 0.0000000000e+00
     vertex 1.1903597513e-04 2.0133560182e+00 1.9435181458e-03
     vertex 0.0000000000e+00 2.0133560182e+00 0.0000000000e+00
   endloop
 endfacet
 facet normal  -9.9812962151e-01 6.8468938332e-20 6.1133122455e-02
   outer loop
     vertex 0.0000000000e+00 1.4285734080e+00 0.0000000000e+00
     vertex 1.1903597513e-04 1.4285734080e+00 1.9435181458e-03
     vertex 1.1903597513e-04 2.0133560182e+00 1.9435181458e-03
   endloop
 endfacet
 facet normal  -9.7629917451e-01 2.3427893178e-19 2.1642532625e-01
   outer loop
     vertex 1.1903597513e-04 1.4285734080e+00 1.9435181458e-03
     vertex 7.8807384983e-04 2.0133560182e+00 4.9615619954e-03
     vertex 1.1903597513e-04 2.0133560182e+00 1.9435181458e-03
   endloop
 endfacet
 facet normal  -9.7629917451e-01 0.0000000000e+00 2.1642532625e-01
   outer loop
     vertex 1.1903597513e-04 1.4285734080e+00 1.9435181458e-03
     vertex 7.8807384983e-04 1.4285734080e+00 4.9615619954e-03
     vertex 7.8807384983e-04 2.0133560182e+00 4.9615619954e-03
   endloop
 endfacet
 facet normal  -9.0355742872e-01 0.0000000000e+00 4.2846700341e-01
   outer loop
     vertex 7.8807384983e-04 1.4285734080e+00 4.9615619954e-03
     vertex 2.8852305479e-03 2.0133560182e+00 9.3840764449e-03
     vertex 7.8807384983e-04 2.0133560182e+00 4.9615619954e-03
   endloop
 endfacet
 facet normal  -9.0355742872e-01 0.0000000000e+00 4.2846700341e-01
   outer loop
     vertex 7.8807384983e-04 1.4285734080e+00 4.9615619954e-03
     vertex 2.8852305479e-03 1.4285734080e+00 9.3840764449e-03
     vertex 2.8852305479e-03 2.0133560182e+00 9.3840764449e-03
   endloop
 endfacet
 facet normal  -7.6128093626e-01 0.0000000000e+00 6.4842218969e-01
   outer loop
     vertex 2.8852305479e-03 1.4285734080e+00 9.3840764449e-03
     vertex 7.8928270998e-03 2.0133560182e+00 1.5263251853e-02
     vertex 2.8852305479e-03 2.0133560182e+00 9.3840764449e-03
   endloop
 endfacet
 facet normal  -7.6128093626e-01 0.0000000000e+00 6.4842218969e-01
   outer loop
     vertex 2.8852305479e-03 1.4285734080e+00 9.3840764449e-03
     vertex 7.8928270998e-03 1.4285734080e+00 1.5263251853e-02
     vertex 7.8928270998e-03 2.0133560182e+00 1.5263251853e-02
   endloop
 endfacet
 facet normal  -5.8540728658e-01 0.0000000000e+00 8.1073935937e-01
   outer loop
     vertex 7.8928270998e-03 1.4285734080e+00 1.5263251853e-02
     vertex 1.7711394777e-02 2.0133560182e+00 2.2352905260e-02
     vertex 7.8928270998e-03 2.0133560182e+00 1.5263251853e-02
   endloop
 endfacet
 facet normal  -5.8540728658e-01 0.0000000000e+00 8.1073935937e-01
   outer loop
     vertex 7.8928270998e-03 1.4285734080e+00 1.5263251853e-02
     vertex 1.7711394777e-02 1.4285734080e+00 2.2352905260e-02
     vertex 1.7711394777e-02 2.0133560182e+00 2.2352905260e-02
   endloop
 endfacet
 facet normal  -4.2610378432e-01 0.0000000000e+00 9.0467428669e-01
   outer loop
     vertex 1.7711394777e-02 1.4285734080e+00 2.2352905260e-02
     vertex 3.4701656177e-02 2.0133560182e+00 3.0355359608e-02
     vertex 1.7711394777e-02 2.0133560182e+00 2.2352905260e-02
   endloop
 endfacet
 facet normal  -4.2610378432e-01 -1.0734653842e-17 9.0467428669e-01
   outer loop
     vertex 1.7711394777e-02 1.4285734080e+00 2.2352905260e-02
     vertex 3.4701656177e-02 1.4285734080e+00 3.0355359608e-02
     vertex 3.4701656177e-02 2.0133560182e+00 3.0355359608e-02
   endloop
 endfacet
 facet normal  -2.9935221327e-01 -1.1338470141e-17 9.5414267927e-01
   outer loop
     vertex 3.4701656177e-02 1.4285734080e+00 3.0355359608e-02
     vertex 6.2004804867e-02 2.0133560182e+00 3.8921434858e-02
     vertex 3.4701656177e-02 2.0133560182e+00 3.0355359608e-02
   endloop
 endfacet
 facet normal  -2.9935221327e-01 7.1040869266e-18 9.5414267927e-01
   outer loop
     vertex 3.4701656177e-02 1.4285734080e+00 3.0355359608e-02
     vertex 6.2004804867e-02 1.4285734080e+00 3.8921434858e-02
     vertex 6.2004804867e-02 2.0133560182e+00 3.8921434858e-02
   endloop
 endfacet
 facet normal  -2.0023240962e-01 4.3658458598e-18 9.7974842798e-01
   outer loop
     vertex 6.2004804867e-02 1.4285734080e+00 3.8921434858e-02
     vertex 1.0361138312e-01 2.0133560182e+00 4.7424623209e-02
     vertex 6.2004804867e-02 2.0133560182e+00 3.8921434858e-02
   endloop
 endfacet
 facet normal  -2.0023240962e-01 0.0000000000e+00 9.7974842798e-01
   outer loop
     vertex 6.2004804867e-02 1.4285734080e+00 3.8921434858e-02
     vertex 1.0361138312e-01 1.4285734080e+00 4.7424623209e-02
     vertex 1.0361138312e-01 2.0133560182e+00 4.7424623209e-02
   endloop
 endfacet
 facet normal  -1.2076702739e-01 0.0000000000e+00 9.9268087777e-01
   outer loop
     vertex 1.0361138312e-01 1.4285734080e+00 4.7424623209e-02
     vertex 1.6380190832e-01 2.0133560182e+00 5.4747249210e-02
     vertex 1.0361138312e-01 2.0133560182e+00 4.7424623209e-02
   endloop
 endfacet
 facet normal  -1.2076702739e-01 0.0000000000e+00 9.9268087777e-01
   outer loop
     vertex 1.0361138312e-01 1.4285734080e+00 4.7424623209e-02
     vertex 1.6380190832e-01 1.4285734080e+00 5.4747249210e-02
     vertex 1.6380190832e-01 2.0133560182e+00 5.4747249210e-02
   endloop
 endfacet
 facet normal  -5.5453819818e-02 0.0000000000e+00 9.9846125306e-01
   outer loop
     vertex 1.6380190832e-01 1.4285734080e+00 5.4747249210e-02
     vertex 2.4565152047e-01 2.0133560182e+00 5.9293117796e-02
     vertex 1.6380190832e-01 2.0133560182e+00 5.4747249210e-02
   endloop
 endfacet
 facet normal  -5.5453819818e-02 0.0000000000e+00 9.9846125306e-01
   outer loop
     vertex 1.6380190832e-01 1.4285734080e+00 5.4747249210e-02
     vertex 2.4565152047e-01 1.4285734080e+00 5.9293117796e-02
     vertex 2.4565152047e-01 2.0133560182e+00 5.9293117796e-02
   endloop
 endfacet
 facet normal  -2.0754226775e-03 0.0000000000e+00 9.9999784631e-01
   outer loop
     vertex 2.4565152047e-01 1.4285734080e+00 5.9293117796e-02
     vertex 3.4867161706e-01 2.0133560182e+00 5.9506928501e-02
     vertex 2.4565152047e-01 2.0133560182e+00 5.9293117796e-02
   endloop
 endfacet
 facet normal  -2.0754226775e-03 -2.3731481885e-17 9.9999784631e-01
   outer loop
     vertex 2.4565152047e-01 1.4285734080e+00 5.9293117796e-02
     vertex 3.4867161706e-01 1.4285734080e+00 5.9506928501e-02
     vertex 3.4867161706e-01 2.0133560182e+00 5.9506928501e-02
   endloop
 endfacet
 facet normal  3.9613515037e-02 -2.3526376106e-17 9.9921507666e-01
   outer loop
     vertex 3.4867161706e-01 1.4285734080e+00 5.9506928501e-02
     vertex 4.6678824105e-01 2.0133560182e+00 5.4824238287e-02
     vertex 3.4867161706e-01 2.0133560182e+00 5.9506928501e-02
   endloop
 endfacet
 facet normal  3.9613515037e-02 -0.0000000000e+00 9.9921507666e-01
   outer loop
     vertex 3.4867161706e-01 1.4285734080e+00 5.9506928501e-02
     vertex 4.6678824105e-01 1.4285734080e+00 5.4824238287e-02
     vertex 4.6678824105e-01 2.0133560182e+00 5.4824238287e-02
   endloop
 endfacet
 facet normal  7.0157790253e-02 0.0000000000e+00 9.9753590635e-01
   outer loop
     vertex 4.6678824105e-01 1.4285734080e+00 5.4824238287e-02
     vertex 5.8876378780e-01 1.4285734080e+00 4.6245564808e-02
     vertex 4.6678824105e-01 2.0133560182e+00 5.4824238287e-02
   endloop
 endfacet
 facet normal  7.0157790253e-02 -0.0000000000e+00 9.9753590635e-01
   outer loop
     vertex 4.6678824105e-01 2.0133560182e+00 5.4824238287e-02
     vertex 5.8876378780e-01 1.4285734080e+00 4.6245564808e-02
     vertex 5.8876378780e-01 2.0133560182e+00 4.6245564808e-02
   endloop
 endfacet
 facet normal  9.1463328509e-02 0.0000000000e+00 9.9580844520e-01
   outer loop
     vertex 5.8876378780e-01 1.4285734080e+00 4.6245564808e-02
     vertex 7.0192689193e-01 1.4285734080e+00 3.5851724287e-02
     vertex 5.8876378780e-01 2.0133560182e+00 4.6245564808e-02
   endloop
 endfacet
 facet normal  9.1463328509e-02 -0.0000000000e+00 9.9580844520e-01
   outer loop
     vertex 5.8876378780e-01 2.0133560182e+00 4.6245564808e-02
     vertex 7.0192689193e-01 1.4285734080e+00 3.5851724287e-02
     vertex 7.0192689193e-01 2.0133560182e+00 3.5851724287e-02
   endloop
 endfacet
 facet normal  1.0637499606e-01 0.0000000000e+00 9.9432608344e-01
   outer loop
     vertex 7.0192689193e-01 1.4285734080e+00 3.5851724287e-02
     vertex 7.9695803833e-01 1.4285734080e+00 2.5685101897e-02
     vertex 7.0192689193e-01 2.0133560182e+00 3.5851724287e-02
   endloop
 endfacet
 facet normal  1.0637499606e-01 -0.0000000000e+00 9.9432608344e-01
   outer loop
     vertex 7.0192689193e-01 2.0133560182e+00 3.5851724287e-02
     vertex 7.9695803833e-01 1.4285734080e+00 2.5685101897e-02
     vertex 7.9695803833e-01 2.0133560182e+00 2.5685101897e-02
   endloop
 endfacet
 facet normal  1.1718870894e-01 0.0000000000e+00 9.9310966489e-01
   outer loop
     vertex 7.9695803833e-01 1.4285734080e+00 2.5685101897e-02
     vertex 8.7030448965e-01 1.4285734080e+00 1.7030090029e-02
     vertex 7.9695803833e-01 2.0133560182e+00 2.5685101897e-02
   endloop
 endfacet
 facet normal  1.1718870894e-01 2.2248541702e-17 9.9310966489e-01
   outer loop
     vertex 7.9695803833e-01 2.0133560182e+00 2.5685101897e-02
     vertex 8.7030448965e-01 1.4285734080e+00 1.7030090029e-02
     vertex 8.7030448965e-01 2.0133560182e+00 1.7030090029e-02
   endloop
 endfacet
 facet normal  1.2513251854e-01 2.4292049001e-17 9.9214003689e-01
   outer loop
     vertex 8.7030448965e-01 1.4285734080e+00 1.7030090029e-02
     vertex 9.2331020388e-01 1.4285734080e+00 1.0344805420e-02
     vertex 8.7030448965e-01 2.0133560182e+00 1.7030090029e-02
   endloop
 endfacet
 facet normal  1.2513251854e-01 -0.0000000000e+00 9.9214003689e-01
   outer loop
     vertex 8.7030448965e-01 2.0133560182e+00 1.7030090029e-02
     vertex 9.2331020388e-01 1.4285734080e+00 1.0344805420e-02
     vertex 9.2331020388e-01 2.0133560182e+00 1.0344805420e-02
   endloop
 endfacet
 facet normal  1.3095350728e-01 0.0000000000e+00 9.9138851059e-01
   outer loop
     vertex 9.2331020388e-01 1.4285734080e+00 1.0344805420e-02
     vertex 9.5982161505e-01 1.4285734080e+00 5.5219763305e-03
     vertex 9.2331020388e-01 2.0133560182e+00 1.0344805420e-02
   endloop
 endfacet
 facet normal  1.3095350728e-01 -0.0000000000e+00 9.9138851059e-01
   outer loop
     vertex 9.2331020388e-01 2.0133560182e+00 1.0344805420e-02
     vertex 9.5982161505e-01 1.4285734080e+00 5.5219763305e-03
     vertex 9.5982161505e-01 2.0133560182e+00 5.5219763305e-03
   endloop
 endfacet
 facet normal  1.3505987260e-01 0.0000000000e+00 9.9083743915e-01
   outer loop
     vertex 9.5982161505e-01 1.4285734080e+00 5.5219763305e-03
     vertex 9.8414844626e-01 1.4285734080e+00 2.2060149078e-03
     vertex 9.5982161505e-01 2.0133560182e+00 5.5219763305e-03
   endloop
 endfacet
 facet normal  1.3505987260e-01 -0.0000000000e+00 9.9083743915e-01
   outer loop
     vertex 9.5982161505e-01 2.0133560182e+00 5.5219763305e-03
     vertex 9.8414844626e-01 1.4285734080e+00 2.2060149078e-03
     vertex 9.8414844626e-01 2.0133560182e+00 2.2060149078e-03
   endloop
 endfacet
 facet normal  1.3783871552e-01 0.0000000000e+00 9.9045468776e-01
   outer loop
     vertex 9.8414844626e-01 1.4285734080e+00 2.2060149078e-03
     vertex 1.0000000000e+00 1.4285734080e+00 0.0000000000e+00
     vertex 9.8414844626e-01 2.0133560182e+00 2.2060149078e-03
   endloop
 endfacet
 facet normal  1.3783871552e-01 -0.0000000000e+00 9.9045468776e-01
   outer loop
     vertex 9.8414844626e-01 2.0133560182e+00 2.2060149078e-03
     vertex 1.0000000000e+00 1.4285734080e+00 0.0000000000e+00
     vertex 1.0000000000e+00 2.0133560182e+00 0.0000000000e+00
   endloop
 endfacet
 facet normal  1.3783871552e-01 0.0000000000e+00 -9.9045468776e-01
   outer loop
     vertex 1.0000000000e+00 2.0133560182e+00 0.0000000000e+00
     vertex 9.8414844626e-01 2.5962556796e+00 -2.2060149078e-03
     vertex 1.0000000000e+00 2.5962556796e+00 0.0000000000e+00
   endloop
 endfacet
 facet normal  1.3783871552e-01 0.0000000000e+00 -9.9045468776e-01
   outer loop
     vertex 1.0000000000e+00 2.0133560182e+00 0.0000000000e+00
     vertex 9.8414844626e-01 2.0133560182e+00 -2.2060149078e-03
     vertex 9.8414844626e-01 2.5962556796e+00 -2.2060149078e-03
   endloop
 endfacet
 facet normal  1.3505987260e-01 0.0000000000e+00 -9.9083743915e-01
   outer loop
     vertex 9.8414844626e-01 2.0133560182e+00 -2.2060149078e-03
     vertex 9.5982161505e-01 2.5962556796e+00 -5.5219763305e-03
     vertex 9.8414844626e-01 2.5962556796e+00 -2.2060149078e-03
   endloop
 endfacet
 facet normal  1.3505987260e-01 0.0000000000e+00 -9.9083743915e-01
   outer loop
     vertex 9.8414844626e-01 2.0133560182e+00 -2.2060149078e-03
     vertex 9.5982161505e-01 2.0133560182e+00 -5.5219763305e-03
     vertex 9.5982161505e-01 2.5962556796e+00 -5.5219763305e-03
   endloop
 endfacet
 facet normal  1.3095350728e-01 0.0000000000e+00 -9.9138851059e-01
   outer loop
     vertex 9.5982161505e-01 2.0133560182e+00 -5.5219763305e-03
     vertex 9.2331020388e-01 2.5962556796e+00 -1.0344805420e-02
     vertex 9.5982161505e-01 2.5962556796e+00 -5.5219763305e-03
   endloop
 endfacet
 facet normal  1.3095350728e-01 0.0000000000e+00 -9.9138851059e-01
   outer loop
     vertex 9.5982161505e-01 2.0133560182e+00 -5.5219763305e-03
     vertex 9.2331020388e-01 2.0133560182e+00 -1.0344805420e-02
     vertex 9.2331020388e-01 2.5962556796e+00 -1.0344805420e-02
   endloop
 endfacet
 facet normal  1.2513251854e-01 0.0000000000e+00 -9.9214003689e-01
   outer loop
     vertex 9.2331020388e-01 2.0133560182e+00 -1.0344805420e-02
     vertex 8.7030448965e-01 2.5962556796e+00 -1.7030090029e-02
     vertex 9.2331020388e-01 2.5962556796e+00 -1.0344805420e-02
   endloop
 endfacet
 facet normal  1.2513251854e-01 0.0000000000e+00 -9.9214003689e-01
   outer loop
     vertex 9.2331020388e-01 2.0133560182e+00 -1.0344805420e-02
     vertex 8.7030448965e-01 2.0133560182e+00 -1.7030090029e-02
     vertex 8.7030448965e-01 2.5962556796e+00 -1.7030090029e-02
   endloop
 endfacet
 facet normal  1.1718870894e-01 0.0000000000e+00 -9.9310966489e-01
   outer loop
     vertex 8.7030448965e-01 2.0133560182e+00 -1.7030090029e-02
     vertex 7.9695803833e-01 2.5962556796e+00 -2.5685101897e-02
     vertex 8.7030448965e-01 2.5962556796e+00 -1.7030090029e-02
   endloop
 endfacet
 facet normal  1.1718870894e-01 0.0000000000e+00 -9.9310966489e-01
   outer loop
     vertex 8.7030448965e-01 2.0133560182e+00 -1.7030090029e-02
     vertex 7.9695803833e-01 2.0133560182e+00 -2.5685101897e-02
     vertex 7.9695803833e-01 2.5962556796e+00 -2.5685101897e-02
   endloop
 endfacet
 facet normal  1.0637499606e-01 0.0000000000e+00 -9.9432608344e-01
   outer loop
     vertex 7.9695803833e-01 2.0133560182e+00 -2.5685101897e-02
     vertex 7.0192689193e-01 2.5962556796e+00 -3.5851724287e-02
     vertex 7.9695803833e-01 2.5962556796e+00 -2.5685101897e-02
   endloop
 endfacet
 facet normal  1.0637499606e-01 0.0000000000e+00 -9.9432608344e-01
   outer loop
     vertex 7.9695803833e-01 2.0133560182e+00 -2.5685101897e-02
     vertex 7.0192689193e-01 2.0133560182e+00 -3.5851724287e-02
     vertex 7.0192689193e-01 2.5962556796e+00 -3.5851724287e-02
   endloop
 endfacet
 facet normal  9.1463328509e-02 0.0000000000e+00 -9.9580844520e-01
   outer loop
     vertex 7.0192689193e-01 2.0133560182e+00 -3.5851724287e-02
     vertex 5.8876378780e-01 2.5962556796e+00 -4.6245564808e-02
     vertex 7.0192689193e-01 2.5962556796e+00 -3.5851724287e-02
   endloop
 endfacet
 facet normal  9.1463328509e-02 0.0000000000e+00 -9.9580844520e-01
   outer loop
     vertex 7.0192689193e-01 2.0133560182e+00 -3.5851724287e-02
     vertex 5.8876378780e-01 2.0133560182e+00 -4.6245564808e-02
     vertex 5.8876378780e-01 2.5962556796e+00 -4.6245564808e-02
   endloop
 endfacet
 facet normal  7.0157790253e-02 0.0000000000e+00 -9.9753590635e-01
   outer loop
     vertex 5.8876378780e-01 2.0133560182e+00 -4.6245564808e-02
     vertex 4.6678824105e-01 2.5962556796e+00 -5.4824238287e-02
     vertex 5.8876378780e-01 2.5962556796e+00 -4.6245564808e-02
   endloop
 endfacet
 facet normal  7.0157790253e-02 0.0000000000e+00 -9.9753590635e-01
   outer loop
     vertex 5.8876378780e-01 2.0133560182e+00 -4.6245564808e-02
     vertex 4.6678824105e-01 2.0133560182e+00 -5.4824238287e-02
     vertex 4.6678824105e-01 2.5962556796e+00 -5.4824238287e-02
   endloop
 endfacet
 facet normal  3.9613515037e-02 0.0000000000e+00 -9.9921507666e-01
   outer loop
     vertex 4.6678824105e-01 2.0133560182e+00 -5.4824238287e-02
     vertex 3.4867161706e-01 2.0133560182e+00 -5.9506928501e-02
     vertex 4.6678824105e-01 2.5962556796e+00 -5.4824238287e-02
   endloop
 endfacet
 facet normal  3.9613515037e-02 0.0000000000e+00 -9.9921507666e-01
   outer loop
     vertex 4.6678824105e-01 2.5962556796e+00 -5.4824238287e-02
     vertex 3.4867161706e-01 2.0133560182e+00 -5.9506928501e-02
     vertex 3.4867161706e-01 2.5962556796e+00 -5.9506928501e-02
   endloop
 endfacet
 facet normal  -2.0754226775e-03 0.0000000000e+00 -9.9999784631e-01
   outer loop
     vertex 3.4867161706e-01 2.0133560182e+00 -5.9506928501e-02
     vertex 2.4565152047e-01 2.0133560182e+00 -5.9293117796e-02
     vertex 3.4867161706e-01 2.5962556796e+00 -5.9506928501e-02
   endloop
 endfacet
 facet normal  -2.0754226775e-03 0.0000000000e+00 -9.9999784631e-01
   outer loop
     vertex 3.4867161706e-01 2.5962556796e+00 -5.9506928501e-02
     vertex 2.4565152047e-01 2.0133560182e+00 -5.9293117796e-02
     vertex 2.4565152047e-01 2.5962556796e+00 -5.9293117796e-02
   endloop
 endfacet
 facet normal  -5.5453819818e-02 0.0000000000e+00 -9.9846125306e-01
   outer loop
     vertex 2.4565152047e-01 2.0133560182e+00 -5.9293117796e-02
     vertex 1.6380190832e-01 2.0133560182e+00 -5.4747249210e-02
     vertex 2.4565152047e-01 2.5962556796e+00 -5.9293117796e-02
   endloop
 endfacet
 facet normal  -5.5453819818e-02 1.1885779253e-17 -9.9846125306e-01
   outer loop
     vertex 2.4565152047e-01 2.5962556796e+00 -5.9293117796e-02
     vertex 1.6380190832e-01 2.0133560182e+00 -5.4747249210e-02
     vertex 1.6380190832e-01 2.5962556796e+00 -5.4747249210e-02
   endloop
 endfacet
 facet normal  -1.2076702739e-01 1.2270379211e-17 -9.9268087777e-01
   outer loop
     vertex 1.6380190832e-01 2.0133560182e+00 -5.4747249210e-02
     vertex 1.0361138312e-01 2.0133560182e+00 -4.7424623209e-02
     vertex 1.6380190832e-01 2.5962556796e+00 -5.4747249210e-02
   endloop
 endfacet
 facet normal  -1.2076702739e-01 0.0000000000e+00 -9.9268087777e-01
   outer loop
     vertex 1.6380190832e-01 2.5962556796e+00 -5.4747249210e-02
     vertex 1.0361138312e-01 2.0133560182e+00 -4.7424623209e-02
     vertex 1.0361138312e-01 2.5962556796e+00 -4.7424623209e-02
   endloop
 endfacet
 facet normal  -2.0023240962e-01 0.0000000000e+00 -9.7974842798e-01
   outer loop
     vertex 1.0361138312e-01 2.0133560182e+00 -4.7424623209e-02
     vertex 6.2004804867e-02 2.0133560182e+00 -3.8921434858e-02
     vertex 1.0361138312e-01 2.5962556796e+00 -4.7424623209e-02
   endloop
 endfacet
 facet normal  -2.0023240962e-01 0.0000000000e+00 -9.7974842798e-01
   outer loop
     vertex 1.0361138312e-01 2.5962556796e+00 -4.7424623209e-02
     vertex 6.2004804867e-02 2.0133560182e+00 -3.8921434858e-02
     vertex 6.2004804867e-02 2.5962556796e+00 -3.8921434858e-02
   endloop
 endfacet
 facet normal  -2.9935221327e-01 0.0000000000e+00 -9.5414267927e-01
   outer loop
     vertex 6.2004804867e-02 2.0133560182e+00 -3.8921434858e-02
     vertex 3.4701656177e-02 2.0133560182e+00 -3.0355359608e-02
     vertex 6.2004804867e-02 2.5962556796e+00 -3.8921434858e-02
   endloop
 endfacet
 facet normal  -2.9935221327e-01 0.0000000000e+00 -9.5414267927e-01
   outer loop
     vertex 6.2004804867e-02 2.5962556796e+00 -3.8921434858e-02
     vertex 3.4701656177e-02 2.0133560182e+00 -3.0355359608e-02
     vertex 3.4701656177e-02 2.5962556796e+00 -3.0355359608e-02
   endloop
 endfacet
 facet normal  -4.2610378432e-01 0.0000000000e+00 -9.0467428669e-01
   outer loop
     vertex 3.4701656177e-02 2.0133560182e+00 -3.0355359608e-02
     vertex 1.7711394777e-02 2.0133560182e+00 -2.2352905260e-02
     vertex 3.4701656177e-02 2.5962556796e+00 -3.0355359608e-02
   endloop
 endfacet
 facet normal  -4.2610378432e-01 0.0000000000e+00 -9.0467428669e-01
   outer loop
     vertex 3.4701656177e-02 2.5962556796e+00 -3.0355359608e-02
     vertex 1.7711394777e-02 2.0133560182e+00 -2.2352905260e-02
     vertex 1.7711394777e-02 2.5962556796e+00 -2.2352905260e-02
   endloop
 endfacet
 facet normal  -5.8540728658e-01 0.0000000000e+00 -8.1073935937e-01
   outer loop
     vertex 1.7711394777e-02 2.0133560182e+00 -2.2352905260e-02
     vertex 7.8928270998e-03 2.0133560182e+00 -1.5263251853e-02
     vertex 1.7711394777e-02 2.5962556796e+00 -2.2352905260e-02
   endloop
 endfacet
 facet normal  -5.8540728658e-01 -2.4127799219e-18 -8.1073935937e-01
   outer loop
     vertex 1.7711394777e-02 2.5962556796e+00 -2.2352905260e-02
     vertex 7.8928270998e-03 2.0133560182e+00 -1.5263251853e-02
     vertex 7.8928270998e-03 2.5962556796e+00 -1.5263251853e-02
   endloop
 endfacet
 facet normal  -7.6128093626e-01 -2.2579602035e-18 -6.4842218969e-01
   outer loop
     vertex 7.8928270998e-03 2.0133560182e+00 -1.5263251853e-02
     vertex 2.8852305479e-03 2.0133560182e+00 -9.3840764449e-03
     vertex 7.8928270998e-03 2.5962556796e+00 -1.5263251853e-02
   endloop
 endfacet
 facet normal  -7.6128093626e-01 0.0000000000e+00 -6.4842218969e-01
   outer loop
     vertex 7.8928270998e-03 2.5962556796e+00 -1.5263251853e-02
     vertex 2.8852305479e-03 2.0133560182e+00 -9.3840764449e-03
     vertex 2.8852305479e-03 2.5962556796e+00 -9.3840764449e-03
   endloop
 endfacet
 facet normal  -9.0355742872e-01 0.0000000000e+00 -4.2846700341e-01
   outer loop
     vertex 2.8852305479e-03 2.0133560182e+00 -9.3840764449e-03
     vertex 7.8807384983e-04 2.0133560182e+00 -4.9615619954e-03
     vertex 2.8852305479e-03 2.5962556796e+00 -9.3840764449e-03
   endloop
 endfacet
 facet normal  -9.0355742872e-01 0.0000000000e+00 -4.2846700341e-01
   outer loop
     vertex 2.8852305479e-03 2.5962556796e+00 -9.3840764449e-03
     vertex 7.8807384983e-04 2.0133560182e+00 -4.9615619954e-03
     vertex 7.8807384983e-04 2.5962556796e+00 -4.9615619954e-03
   endloop
 endfacet
 facet normal  -9.7629917451e-01 0.0000000000e+00 -2.1642532625e-01
   outer loop
     vertex 7.8807384983e-04 2.0133560182e+00 -4.9615619954e-03
     vertex 1.1903597513e-04 2.0133560182e+00 -1.9435181458e-03
     vertex 7.8807384983e-04 2.5962556796e+00 -4.9615619954e-03
   endloop
 endfacet
 facet normal  -9.7629917451e-01 -8.0510875003e-20 -2.1642532625e-01
   outer loop
     vertex 7.8807384983e-04 2.5962556796e+00 -4.9615619954e-03
     vertex 1.1903597513e-04 2.0133560182e+00 -1.9435181458e-03
     vertex 1.1903597513e-04 2.5962556796e+00 -1.9435181458e-03
   endloop
 endfacet
 facet normal  -9.9812962151e-01 -2.3321413361e-20 -6.1133122455e-02
   outer loop
     vertex 1.1903597513e-04 2.0133560182e+00 -1.9435181458e-03
     vertex 0.0000000000e+00 2.0133560182e+00 0.0000000000e+00
     vertex 1.1903597513e-04 2.5962556796e+00 -1.9435181458e-03
   endloop
 endfacet
 facet normal  -9.9812962151e-01 0.0000000000e+00 -6.1133122455e-02
   outer loop
     vertex 1.1903597513e-04 2.5962556796e+00 -1.9435181458e-03
     vertex 0.0000000000e+00 2.0133560182e+00 0.0000000000e+00
     vertex 0.0000000000e+00 2.5962556796e+00 0.0000000000e+00
   endloop
 endfacet
 facet normal  -9.9812962151e-01 0.0000000000e+00 6.1133122455e-02
   outer loop
     vertex 0.0000000000e+00 2.0133560182e+00 0.0000000000e+00
     vertex 1.1903597513e-04 2.5962556796e+00 1.9435181458e-03
     vertex 0.0000000000e+00 2.5962556796e+00 0.0000000000e+00
   endloop
 endfacet
 facet normal  -9.9812962151e-01 -4.5483412369e-20 6.1133122455e-02
   outer loop
     vertex 0.0000000000e+00 2.0133560182e+00 0.0000000000e+00
     vertex 1.1903597513e-04 2.0133560182e+00 1.9435181458e-03
     vertex 1.1903597513e-04 2.5962556796e+00 1.9435181458e-03
   endloop
 endfacet
 facet normal  -9.7629917451e-01 -2.3503572620e-19 2.1642532625e-01
   outer loop
     vertex 1.1903597513e-04 2.0133560182e+00 1.9435181458e-03
     vertex 7.8807384983e-04 2.5962556796e+00 4.9615619954e-03
     vertex 1.1903597513e-04 2.5962556796e+00 1.9435181458e-03
   endloop
 endfacet
 facet normal  -9.7629917451e-01 0.0000000000e+00 2.1642532625e-01
   outer loop
     vertex 1.1903597513e-04 2.0133560182e+00 1.9435181458e-03
     vertex 7.8807384983e-04 2.0133560182e+00 4.9615619954e-03
     vertex 7.8807384983e-04 2.5962556796e+00 4.9615619954e-03
   endloop
 endfacet
 facet normal  -9.0355742872e-01 0.0000000000e+00 4.2846700341e-01
   outer loop
     vertex 7.8807384983e-04 2.0133560182e+00 4.9615619954e-03
     vertex 2.8852305479e-03 2.5962556796e+00 9.3840764449e-03
     vertex 7.8807384983e-04 2.5962556796e+00 4.9615619954e-03
   endloop
 endfacet
 facet normal  -9.0355742872e-01 0.0000000000e+00 4.2846700341e-01
   outer loop
     vertex 7.8807384983e-04 2.0133560182e+00 4.9615619954e-03
     vertex 2.8852305479e-03 2.0133560182e+00 9.3840764449e-03
     vertex 2.8852305479e-03 2.5962556796e+00 9.3840764449e-03
   endloop
 endfacet
 facet normal  -7.6128093626e-01 0.0000000000e+00 6.4842218969e-01
   outer loop
     vertex 2.8852305479e-03 2.0133560182e+00 9.3840764449e-03
     vertex 7.8928270998e-03 2.5962556796e+00 1.5263251853e-02
     vertex 2.8852305479e-03 2.5962556796e+00 9.3840764449e-03
   endloop
 endfacet
 facet normal  -7.6128093626e-01 0.0000000000e+00 6.4842218969e-01
   outer loop
     vertex 2.8852305479e-03 2.0133560182e+00 9.3840764449e-03
     vertex 7.8928270998e-03 2.0133560182e+00 1.5263251853e-02
     vertex 7.8928270998e-03 2.5962556796e+00 1.5263251853e-02
   endloop
 endfacet
 facet normal  -5.8540728658e-01 0.0000000000e+00 8.1073935937e-01
   outer loop
     vertex 7.8928270998e-03 2.0133560182e+00 1.5263251853e-02
     vertex 1.7711394777e-02 2.5962556796e+00 2.2352905260e-02
     vertex 7.8928270998e-03 2.5962556796e+00 1.5263251853e-02
   endloop
 endfacet
 facet normal  -5.8540728658e-01 0.0000000000e+00 8.1073935937e-01
   outer loop
     vertex 7.8928270998e-03 2.0133560182e+00 1.5263251853e-02
     vertex 1.7711394777e-02 2.0133560182e+00 2.2352905260e-02
     vertex 1.7711394777e-02 2.5962556796e+00 2.2352905260e-02
   endloop
 endfacet
 facet normal  -4.2610378432e-01 0.0000000000e+00 9.0467428669e-01
   outer loop
     vertex 1.7711394777e-02 2.0133560182e+00 2.2352905260e-02
     vertex 3.4701656177e-02 2.5962556796e+00 3.0355359608e-02
     vertex 1.7711394777e-02 2.5962556796e+00 2.2352905260e-02
   endloop
 endfacet
 facet normal  -4.2610378432e-01 0.0000000000e+00 9.0467428669e-01
   outer loop
     vertex 1.7711394777e-02 2.0133560182e+00 2.2352905260e-02
     vertex 3.4701656177e-02 2.0133560182e+00 3.0355359608e-02
     vertex 3.4701656177e-02 2.5962556796e+00 3.0355359608e-02
   endloop
 endfacet
 facet normal  -2.9935221327e-01 0.0000000000e+00 9.5414267927e-01
   outer loop
     vertex 3.4701656177e-02 2.0133560182e+00 3.0355359608e-02
     vertex 6.2004804867e-02 2.5962556796e+00 3.8921434858e-02
     vertex 3.4701656177e-02 2.5962556796e+00 3.0355359608e-02
   endloop
 endfacet
 facet normal  -2.9935221327e-01 0.0000000000e+00 9.5414267927e-01
   outer loop
     vertex 3.4701656177e-02 2.0133560182e+00 3.0355359608e-02
     vertex 6.2004804867e-02 2.0133560182e+00 3.8921434858e-02
     vertex 6.2004804867e-02 2.5962556796e+00 3.8921434858e-02
   endloop
 endfacet
 facet normal  -2.0023240962e-01 0.0000000000e+00 9.7974842798e-01
   outer loop
     vertex 6.2004804867e-02 2.0133560182e+00 3.8921434858e-02
     vertex 1.0361138312e-01 2.5962556796e+00 4.7424623209e-02
     vertex 6.2004804867e-02 2.5962556796e+00 3.8921434858e-02
   endloop
 endfacet
 facet normal  -2.0023240962e-01 0.0000000000e+00 9.7974842798e-01
   outer loop
     vertex 6.2004804867e-02 2.0133560182e+00 3.8921434858e-02
     vertex 1.0361138312e-01 2.0133560182e+00 4.7424623209e-02
     vertex 1.0361138312e-01 2.5962556796e+00 4.7424623209e-02
   endloop
 endfacet
 facet normal  -1.2076702739e-01 0.0000000000e+00 9.9268087777e-01
   outer loop
     vertex 1.0361138312e-01 2.0133560182e+00 4.7424623209e-02
     vertex 1.6380190832e-01 2.5962556796e+00 5.4747249210e-02
     vertex 1.0361138312e-01 2.5962556796e+00 4.7424623209e-02
   endloop
 endfacet
 facet normal  -1.2076702739e-01 1.1816969106e-17 9.9268087777e-01
   outer loop
     vertex 1.0361138312e-01 2.0133560182e+00 4.7424623209e-02
     vertex 1.6380190832e-01 2.0133560182e+00 5.4747249210e-02
     vertex 1.6380190832e-01 2.5962556796e+00 5.4747249210e-02
   endloop
 endfacet
 facet normal  -5.5453819818e-02 1.2479401278e-17 9.9846125306e-01
   outer loop
     vertex 1.6380190832e-01 2.0133560182e+00 5.4747249210e-02
     vertex 2.4565152047e-01 2.5962556796e+00 5.9293117796e-02
     vertex 1.6380190832e-01 2.5962556796e+00 5.4747249210e-02
   endloop
 endfacet
 facet normal  -5.5453819818e-02 0.0000000000e+00 9.9846125306e-01
   outer loop
     vertex 1.6380190832e-01 2.0133560182e+00 5.4747249210e-02
     vertex 2.4565152047e-01 2.0133560182e+00 5.9293117796e-02
     vertex 2.4565152047e-01 2.5962556796e+00 5.9293117796e-02
   endloop
 endfacet
 facet normal  -2.0754226775e-03 0.0000000000e+00 9.9999784631e-01
   outer loop
     vertex 2.4565152047e-01 2.0133560182e+00 5.9293117796e-02
     vertex 3.4867161706e-01 2.5962556796e+00 5.9506928501e-02
     vertex 2.4565152047e-01 2.5962556796e+00 5.9293117796e-02
   endloop
 endfacet
 facet normal  -2.0754226775e-03 1.1904071007e-17 9.9999784631e-01
   outer loop
     vertex 2.4565152047e-01 2.0133560182e+00 5.9293117796e-02
     vertex 3.4867161706e-01 2.0133560182e+00 5.9506928501e-02
     vertex 3.4867161706e-01 2.5962556796e+00 5.9506928501e-02
   endloop
 endfacet
 facet normal  3.9613515037e-02 1.2587932629e-17 9.9921507666e-01
   outer loop
     vertex 3.4867161706e-01 2.0133560182e+00 5.9506928501e-02
     vertex 4.6678824105e-01 2.5962556796e+00 5.4824238287e-02
     vertex 3.4867161706e-01 2.5962556796e+00 5.9506928501e-02
   endloop
 endfacet
 facet normal  3.9613515037e-02 -0.0000000000e+00 9.9921507666e-01
   outer loop
     vertex 3.4867161706e-01 2.0133560182e+00 5.9506928501e-02
     vertex 4.6678824105e-01 2.0133560182e+00 5.4824238287e-02
     vertex 4.6678824105e-01 2.5962556796e+00 5.4824238287e-02
   endloop
 endfacet
 facet normal  7.0157790253e-02 0.0000000000e+00 9.9753590635e-01
   outer loop
     vertex 4.6678824105e-01 2.0133560182e+00 5.4824238287e-02
     vertex 5.8876378780e-01 2.0133560182e+00 4.6245564808e-02
     vertex 4.6678824105e-01 2.5962556796e+00 5.4824238287e-02
   endloop
 endfacet
 facet normal  7.0157790253e-02 -0.0000000000e+00 9.9753590635e-01
   outer loop
     vertex 4.6678824105e-01 2.5962556796e+00 5.4824238287e-02
     vertex 5.8876378780e-01 2.0133560182e+00 4.6245564808e-02
     vertex 5.8876378780e-01 2.5962556796e+00 4.6245564808e-02
   endloop
 endfacet
 facet normal  9.1463328509e-02 0.0000000000e+00 9.9580844520e-01
   outer loop
     vertex 5.8876378780e-01 2.0133560182e+00 4.6245564808e-02
     vertex 7.0192689193e-01 2.0133560182e+00 3.5851724287e-02
     vertex 5.8876378780e-01 2.5962556796e+00 4.6245564808e-02
   endloop
 endfacet
 facet normal  9.1463328509e-02 -0.0000000000e+00 9.9580844520e-01
   outer loop
     vertex 5.8876378780e-01 2.5962556796e+00 4.6245564808e-02
     vertex 7.0192689193e-01 2.0133560182e+00 3.5851724287e-02
     vertex 7.0192689193e-01 2.5962556796e+00 3.5851724287e-02
   endloop
 endfacet
 facet normal  1.0637499606e-01 0.0000000000e+00 9.9432608344e-01
   outer loop
     vertex 7.0192689193e-01 2.0133560182e+00 3.5851724287e-02
     vertex 7.9695803833e-01 2.0133560182e+00 2.5685101897e-02
     vertex 7.0192689193e-01 2.5962556796e+00 3.5851724287e-02
   endloop
 endfacet
 facet normal  1.0637499606e-01 -0.0000000000e+00 9.9432608344e-01
   outer loop
     vertex 7.0192689193e-01 2.5962556796e+00 3.5851724287e-02
     vertex 7.9695803833e-01 2.0133560182e+00 2.5685101897e-02
     vertex 7.9695803833e-01 2.5962556796e+00 2.5685101897e-02
   endloop
 endfacet
 facet normal  1.1718870894e-01 0.0000000000e+00 9.9310966489e-01
   outer loop
     vertex 7.9695803833e-01 2.0133560182e+00 2.5685101897e-02
     vertex 8.7030448965e-01 2.0133560182e+00 1.7030090029e-02
     vertex 7.9695803833e-01 2.5962556796e+00 2.5685101897e-02
   endloop
 endfacet
 facet normal  1.1718870894e-01 -2.2320411470e-17 9.9310966489e-01
   outer loop
     vertex 7.9695803833e-01 2.5962556796e+00 2.5685101897e-02
     vertex 8.7030448965e-01 2.0133560182e+00 1.7030090029e-02
     vertex 8.7030448965e-01 2.5962556796e+00 1.7030090029e-02
   endloop
 endfacet
 facet normal  1.2513251854e-01 -2.4370519938e-17 9.9214003689e-01
   outer loop
     vertex 8.7030448965e-01 2.0133560182e+00 1.7030090029e-02
     vertex 9.2331020388e-01 2.0133560182e+00 1.0344805420e-02
     vertex 8.7030448965e-01 2.5962556796e+00 1.7030090029e-02
   endloop
 endfacet
 facet normal  1.2513251854e-01 -0.0000000000e+00 9.9214003689e-01
   outer loop
     vertex 8.7030448965e-01 2.5962556796e+00 1.7030090029e-02
     vertex 9.2331020388e-01 2.0133560182e+00 1.0344805420e-02
     vertex 9.2331020388e-01 2.5962556796e+00 1.0344805420e-02
   endloop
 endfacet
 facet normal  1.3095350728e-01 0.0000000000e+00 9.9138851059e-01
   outer loop
     vertex 9.2331020388e-01 2.0133560182e+00 1.0344805420e-02
     vertex 9.5982161505e-01 2.0133560182e+00 5.5219763305e-03
     vertex 9.2331020388e-01 2.5962556796e+00 1.0344805420e-02
   endloop
 endfacet
 facet normal  1.3095350728e-01 -0.0000000000e+00 9.9138851059e-01
   outer loop
     vertex 9.2331020388e-01 2.5962556796e+00 1.0344805420e-02
     vertex 9.5982161505e-01 2.0133560182e+00 5.5219763305e-03
     vertex 9.5982161505e-01 2.5962556796e+00 5.5219763305e-03
   endloop
 endfacet
 facet normal  1.3505987260e-01 0.0000000000e+00 9.9083743915e-01
   outer loop
     vertex 9.5982161505e-01 2.0133560182e+00 5.5219763305e-03
     vertex 9.8414844626e-01 2.0133560182e+00 2.2060149078e-03
     vertex 9.5982161505e-01 2.5962556796e+00 5.5219763305e-03
   endloop
 endfacet
 facet normal  1.3505987260e-01 -0.0000000000e+00 9.9083743915e-01
   outer loop
     vertex 9.5982161505e-01 2.5962556796e+00 5.5219763305e-03
     vertex 9.8414844626e-01 2.0133560182e+00 2.2060149078e-03
     vertex 9.8414844626e-01 2.5962556796e+00 2.2060149078e-03
   endloop
 endfacet
 facet normal  1.3783871552e-01 0.0000000000e+00 9.9045468776e-01
   outer loop
     vertex 9.8414844626e-01 2.0133560182e+00 2.2060149078e-03
     vertex 1.0000000000e+00 2.0133560182e+00 0.0000000000e+00
     vertex 9.8414844626e-01 2.5962556796e+00 2.2060149078e-03
   endloop
 endfacet
 facet normal  1.3783871552e-01 -0.0000000000e+00 9.9045468776e-01
   outer loop
     vertex 9.8414844626e-01 2.5962556796e+00 2.2060149078e-03
     vertex 1.0000000000e+00 2.0133560182e+00 0.0000000000e+00
     vertex 1.0000000000e+00 2.5962556796e+00 0.0000000000e+00
   endloop
 endfacet
 facet normal  1.3783871552e-01 0.0000000000e+00 -9.9045468776e-01
   outer loop
     vertex 1.0000000000e+00 2.5962556796e+00 0.0000000000e+00
     vertex 9.8414844626e-01 3.1389324637e+00 -2.2060149078e-03
     vertex 1.0000000000e+00 3.1389324637e+00 0.0000000000e+00
   endloop
 endfacet
 facet normal  1.3783871552e-01 2.8199421851e-17 -9.9045468776e-01
   outer loop
     vertex 1.0000000000e+00 2.5962556796e+00 0.0000000000e+00
     vertex 9.8414844626e-01 2.5962556796e+00 -2.2060149078e-03
     vertex 9.8414844626e-01 3.1389324637e+00 -2.2060149078e-03
   endloop
 endfacet
 facet normal  1.3505987260e-01 2.7463739680e-17 -9.9083743915e-01
   outer loop
     vertex 9.8414844626e-01 2.5962556796e+00 -2.2060149078e-03
     vertex 9.5982161505e-01 3.1389324637e+00 -5.5219763305e-03
     vertex 9.8414844626e-01 3.1389324637e+00 -2.2060149078e-03
   endloop
 endfacet
 facet normal  1.3505987260e-01 0.0000000000e+00 -9.9083743915e-01
   outer loop
     vertex 9.8414844626e-01 2.5962556796e+00 -2.2060149078e-03
     vertex 9.5982161505e-01 2.5962556796e+00 -5.5219763305e-03
     vertex 9.5982161505e-01 3.1389324637e+00 -5.5219763305e-03
   endloop
 endfacet
 facet normal  1.3095350728e-01 0.0000000000e+00 -9.9138851059e-01
   outer loop
     vertex 9.5982161505e-01 2.5962556796e+00 -5.5219763305e-03
     vertex 9.2331020388e-01 3.1389324637e+00 -1.0344805420e-02
     vertex 9.5982161505e-01 3.1389324637e+00 -5.5219763305e-03
   endloop
 endfacet
 facet normal  1.3095350728e-01 0.0000000000e+00 -9.9138851059e-01
   outer loop
     vertex 9.5982161505e-01 2.5962556796e+00 -5.5219763305e-03
     vertex 9.2331020388e-01 2.5962556796e+00 -1.0344805420e-02
     vertex 9.2331020388e-01 3.1389324637e+00 -1.0344805420e-02
   endloop
 endfacet
 facet normal  1.2513251854e-01 0.0000000000e+00 -9.9214003689e-01
   outer loop
     vertex 9.2331020388e-01 2.5962556796e+00 -1.0344805420e-02
     vertex 8.7030448965e-01 3.1389324637e+00 -1.7030090029e-02
     vertex 9.2331020388e-01 3.1389324637e+00 -1.0344805420e-02
   endloop
 endfacet
 facet normal  1.2513251854e-01 0.0000000000e+00 -9.9214003689e-01
   outer loop
     vertex 9.2331020388e-01 2.5962556796e+00 -1.0344805420e-02
     vertex 8.7030448965e-01 2.5962556796e+00 -1.7030090029e-02
     vertex 8.7030448965e-01 3.1389324637e+00 -1.7030090029e-02
   endloop
 endfacet
 facet normal  1.1718870894e-01 0.0000000000e+00 -9.9310966489e-01
   outer loop
     vertex 8.7030448965e-01 2.5962556796e+00 -1.7030090029e-02
     vertex 7.9695803833e-01 3.1389324637e+00 -2.5685101897e-02
     vertex 8.7030448965e-01 3.1389324637e+00 -1.7030090029e-02
   endloop
 endfacet
 facet normal  1.1718870894e-01 0.0000000000e+00 -9.9310966489e-01
   outer loop
     vertex 8.7030448965e-01 2.5962556796e+00 -1.7030090029e-02
     vertex 7.9695803833e-01 2.5962556796e+00 -2.5685101897e-02
     vertex 7.9695803833e-01 3.1389324637e+00 -2.5685101897e-02
   endloop
 endfacet
 facet normal  1.0637499606e-01 0.0000000000e+00 -9.9432608344e-01
   outer loop
     vertex 7.9695803833e-01 2.5962556796e+00 -2.5685101897e-02
     vertex 7.0192689193e-01 3.1389324637e+00 -3.5851724287e-02
     vertex 7.9695803833e-01 3.1389324637e+00 -2.5685101897e-02
   endloop
 endfacet
 facet normal  1.0637499606e-01 0.0000000000e+00 -9.9432608344e-01
   outer loop
     vertex 7.9695803833e-01 2.5962556796e+00 -2.5685101897e-02
     vertex 7.0192689193e-01 2.5962556796e+00 -3.5851724287e-02
     vertex 7.0192689193e-01 3.1389324637e+00 -3.5851724287e-02
   endloop
 endfacet
 facet normal  9.1463328509e-02 0.0000000000e+00 -9.9580844520e-01
   outer loop
     vertex 7.0192689193e-01 2.5962556796e+00 -3.5851724287e-02
     vertex 5.8876378780e-01 3.1389324637e+00 -4.6245564808e-02
     vertex 7.0192689193e-01 3.1389324637e+00 -3.5851724287e-02
   endloop
 endfacet
 facet normal  9.1463328509e-02 0.0000000000e+00 -9.9580844520e-01
   outer loop
     vertex 7.0192689193e-01 2.5962556796e+00 -3.5851724287e-02
     vertex 5.8876378780e-01 2.5962556796e+00 -4.6245564808e-02
     vertex 5.8876378780e-01 3.1389324637e+00 -4.6245564808e-02
   endloop
 endfacet
 facet normal  7.0157790253e-02 0.0000000000e+00 -9.9753590635e-01
   outer loop
     vertex 5.8876378780e-01 2.5962556796e+00 -4.6245564808e-02
     vertex 4.6678824105e-01 3.1389324637e+00 -5.4824238287e-02
     vertex 5.8876378780e-01 3.1389324637e+00 -4.6245564808e-02
   endloop
 endfacet
 facet normal  7.0157790253e-02 0.0000000000e+00 -9.9753590635e-01
   outer loop
     vertex 5.8876378780e-01 2.5962556796e+00 -4.6245564808e-02
     vertex 4.6678824105e-01 2.5962556796e+00 -5.4824238287e-02
     vertex 4.6678824105e-01 3.1389324637e+00 -5.4824238287e-02
   endloop
 endfacet
 facet normal  3.9613515037e-02 0.0000000000e+00 -9.9921507666e-01
   outer loop
     vertex 4.6678824105e-01 2.5962556796e+00 -5.4824238287e-02
     vertex 3.4867161706e-01 2.5962556796e+00 -5.9506928501e-02
     vertex 4.6678824105e-01 3.1389324637e+00 -5.4824238287e-02
   endloop
 endfacet
 facet normal  3.9613515037e-02 0.0000000000e+00 -9.9921507666e-01
   outer loop
     vertex 4.6678824105e-01 3.1389324637e+00 -5.4824238287e-02
     vertex 3.4867161706e-01 2.5962556796e+00 -5.9506928501e-02
     vertex 3.4867161706e-01 3.1389324637e+00 -5.9506928501e-02
   endloop
 endfacet
 facet normal  -2.0754226775e-03 0.0000000000e+00 -9.9999784631e-01
   outer loop
     vertex 3.4867161706e-01 2.5962556796e+00 -5.9506928501e-02
     vertex 2.4565152047e-01 2.5962556796e+00 -5.9293117796e-02
     vertex 3.4867161706e-01 3.1389324637e+00 -5.9506928501e-02
   endloop
 endfacet
 facet normal  -2.0754226775e-03 0.0000000000e+00 -9.9999784631e-01
   outer loop
     vertex 3.4867161706e-01 3.1389324637e+00 -5.9506928501e-02
     vertex 2.4565152047e-01 2.5962556796e+00 -5.9293117796e-02
     vertex 2.4565152047e-01 3.1389324637e+00 -5.9293117796e-02
   endloop
 endfacet
 facet normal  -5.5453819818e-02 0.0000000000e+00 -9.9846125306e-01
   outer loop
     vertex 2.4565152047e-01 2.5962556796e+00 -5.9293117796e-02
     vertex 1.6380190832e-01 2.5962556796e+00 -5.4747249210e-02
     vertex 2.4565152047e-01 3.1389324637e+00 -5.9293117796e-02
   endloop
 endfacet
 facet normal  -5.5453819818e-02 -1.2766746072e-17 -9.9846125306e-01
   outer loop
     vertex 2.4565152047e-01 3.1389324637e+00 -5.9293117796e-02
     vertex 1.6380190832e-01 2.5962556796e+00 -5.4747249210e-02
     vertex 1.6380190832e-01 3.1389324637e+00 -5.4747249210e-02
   endloop
 endfacet
 facet normal  -1.2076702739e-01 -1.3179852347e-17 -9.9268087777e-01
   outer loop
     vertex 1.6380190832e-01 2.5962556796e+00 -5.4747249210e-02
     vertex 1.0361138312e-01 2.5962556796e+00 -4.7424623209e-02
     vertex 1.6380190832e-01 3.1389324637e+00 -5.4747249210e-02
   endloop
 endfacet
 facet normal  -1.2076702739e-01 3.0883561437e-18 -9.9268087777e-01
   outer loop
     vertex 1.6380190832e-01 3.1389324637e+00 -5.4747249210e-02
     vertex 1.0361138312e-01 2.5962556796e+00 -4.7424623209e-02
     vertex 1.0361138312e-01 3.1389324637e+00 -4.7424623209e-02
   endloop
 endfacet
 facet normal  -2.0023240962e-01 7.0568821405e-18 -9.7974842798e-01
   outer loop
     vertex 1.0361138312e-01 2.5962556796e+00 -4.7424623209e-02
     vertex 6.2004804867e-02 2.5962556796e+00 -3.8921434858e-02
     vertex 1.0361138312e-01 3.1389324637e+00 -4.7424623209e-02
   endloop
 endfacet
 facet normal  -2.0023240962e-01 2.5602559149e-18 -9.7974842798e-01
   outer loop
     vertex 1.0361138312e-01 3.1389324637e+00 -4.7424623209e-02
     vertex 6.2004804867e-02 2.5962556796e+00 -3.8921434858e-02
     vertex 6.2004804867e-02 3.1389324637e+00 -3.8921434858e-02
   endloop
 endfacet
 facet normal  -2.9935221327e-01 3.4909178028e-18 -9.5414267927e-01
   outer loop
     vertex 6.2004804867e-02 2.5962556796e+00 -3.8921434858e-02
     vertex 3.4701656177e-02 2.5962556796e+00 -3.0355359608e-02
     vertex 6.2004804867e-02 3.1389324637e+00 -3.8921434858e-02
   endloop
 endfacet
 facet normal  -2.9935221327e-01 0.0000000000e+00 -9.5414267927e-01
   outer loop
     vertex 6.2004804867e-02 3.1389324637e+00 -3.8921434858e-02
     vertex 3.4701656177e-02 2.5962556796e+00 -3.0355359608e-02
     vertex 3.4701656177e-02 3.1389324637e+00 -3.0355359608e-02
   endloop
 endfacet
 facet normal  -4.2610378432e-01 0.0000000000e+00 -9.0467428669e-01
   outer loop
     vertex 3.4701656177e-02 2.5962556796e+00 -3.0355359608e-02
     vertex 1.7711394777e-02 2.5962556796e+00 -2.2352905260e-02
     vertex 3.4701656177e-02 3.1389324637e+00 -3.0355359608e-02
   endloop
 endfacet
 facet normal  -4.2610378432e-01 0.0000000000e+00 -9.0467428669e-01
   outer loop
     vertex 3.4701656177e-02 3.1389324637e+00 -3.0355359608e-02
     vertex 1.7711394777e-02 2.5962556796e+00 -2.2352905260e-02
     vertex 1.7711394777e-02 3.1389324637e+00 -2.2352905260e-02
   endloop
 endfacet
 facet normal  -5.8540728658e-01 0.0000000000e+00 -8.1073935937e-01
   outer loop
     vertex 1.7711394777e-02 2.5962556796e+00 -2.2352905260e-02
     vertex 7.8928270998e-03 2.5962556796e+00 -1.5263251853e-02
     vertex 1.7711394777e-02 3.1389324637e+00 -2.2352905260e-02
   endloop
 endfacet
 facet normal  -5.8540728658e-01 0.0000000000e+00 -8.1073935937e-01
   outer loop
     vertex 1.7711394777e-02 3.1389324637e+00 -2.2352905260e-02
     vertex 7.8928270998e-03 2.5962556796e+00 -1.5263251853e-02
     vertex 7.8928270998e-03 3.1389324637e+00 -1.5263251853e-02
   endloop
 endfacet
 facet normal  -7.6128093626e-01 0.0000000000e+00 -6.4842218969e-01
   outer loop
     vertex 7.8928270998e-03 2.5962556796e+00 -1.5263251853e-02
     vertex 2.8852305479e-03 2.5962556796e+00 -9.3840764449e-03
     vertex 7.8928270998e-03 3.1389324637e+00 -1.5263251853e-02
   endloop
 endfacet
 facet normal  -7.6128093626e-01 0.0000000000e+00 -6.4842218969e-01
   outer loop
     vertex 7.8928270998e-03 3.1389324637e+00 -1.5263251853e-02
     vertex 2.8852305479e-03 2.5962556796e+00 -9.3840764449e-03
     vertex 2.8852305479e-03 3.1389324637e+00 -9.3840764449e-03
   endloop
 endfacet
 facet normal  -9.0355742872e-01 0.0000000000e+00 -4.2846700341e-01
   outer loop
     vertex 2.8852305479e-03 2.5962556796e+00 -9.3840764449e-03
     vertex 7.8807384983e-04 2.5962556796e+00 -4.9615619954e-03
     vertex 2.8852305479e-03 3.1389324637e+00 -9.3840764449e-03
   endloop
 endfacet
 facet normal  -9.0355742872e-01 0.0000000000e+00 -4.2846700341e-01
   outer loop
     vertex 2.8852305479e-03 3.1389324637e+00 -9.3840764449e-03
     vertex 7.8807384983e-04 2.5962556796e+00 -4.9615619954e-03
     vertex 7.8807384983e-04 3.1389324637e+00 -4.9615619954e-03
   endloop
 endfacet
 facet normal  -9.7629917451e-01 0.0000000000e+00 -2.1642532625e-01
   outer loop
     vertex 7.8807384983e-04 2.5962556796e+00 -4.9615619954e-03
     vertex 1.1903597513e-04 2.5962556796e+00 -1.9435181458e-03
     vertex 7.8807384983e-04 3.1389324637e+00 -4.9615619954e-03
   endloop
 endfacet
 facet normal  -9.7629917451e-01 -6.2096705976e-20 -2.1642532625e-01
   outer loop
     vertex 7.8807384983e-04 3.1389324637e+00 -4.9615619954e-03
     vertex 1.1903597513e-04 2.5962556796e+00 -1.9435181458e-03
     vertex 1.1903597513e-04 3.1389324637e+00 -1.9435181458e-03
   endloop
 endfacet
 facet normal  -9.9812962151e-01 0.0000000000e+00 -6.1133122455e-02
   outer loop
     vertex 1.1903597513e-04 2.5962556796e+00 -1.9435181458e-03
     vertex 0.0000000000e+00 2.5962556796e+00 0.0000000000e+00
     vertex 1.1903597513e-04 3.1389324637e+00 -1.9435181458e-03
   endloop
 endfacet
 facet normal  -9.9812962151e-01 0.0000000000e+00 -6.1133122455e-02
   outer loop
     vertex 1.1903597513e-04 3.1389324637e+00 -1.9435181458e-03
     vertex 0.0000000000e+00 2.5962556796e+00 0.0000000000e+00
     vertex 0.0000000000e+00 3.1389324637e+00 0.0000000000e+00
   endloop
 endfacet
 facet normal  -9.9812962151e-01 0.0000000000e+00 6.1133122455e-02
   outer loop
     vertex 0.0000000000e+00 2.5962556796e+00 0.0000000000e+00
     vertex 1.1903597513e-04 3.1389324637e+00 1.9435181458e-03
     vertex 0.0000000000e+00 3.1389324637e+00 0.0000000000e+00
   endloop
 endfacet
 facet normal  -9.9812962151e-01 -4.9946114040e-22 6.1133122455e-02
   outer loop
     vertex 0.0000000000e+00 2.5962556796e+00 0.0000000000e+00
     vertex 1.1903597513e-04 2.5962556796e+00 1.9435181458e-03
     vertex 1.1903597513e-04 3.1389324637e+00 1.9435181458e-03
   endloop
 endfacet
 facet normal  -9.7629917451e-01 2.5245643306e-19 2.1642532625e-01
   outer loop
     vertex 1.1903597513e-04 2.5962556796e+00 1.9435181458e-03
     vertex 7.8807384983e-04 3.1389324637e+00 4.9615619954e-03
     vertex 1.1903597513e-04 3.1389324637e+00 1.9435181458e-03
   endloop
 endfacet
 facet normal  -9.7629917451e-01 1.9505269378e-19 2.1642532625e-01
   outer loop
     vertex 1.1903597513e-04 2.5962556796e+00 1.9435181458e-03
     vertex 7.8807384983e-04 2.5962556796e+00 4.9615619954e-03
     vertex 7.8807384983e-04 3.1389324637e+00 4.9615619954e-03
   endloop
 endfacet
 facet normal  -9.0355742872e-01 0.0000000000e+00 4.2846700341e-01
   outer loop
     vertex 7.8807384983e-04 2.5962556796e+00 4.9615619954e-03
     vertex 2.8852305479e-03 3.1389324637e+00 9.3840764449e-03
     vertex 7.8807384983e-04 3.1389324637e+00 4.9615619954e-03
   endloop
 endfacet
 facet normal  -9.0355742872e-01 0.0000000000e+00 4.2846700341e-01
   outer loop
     vertex 7.8807384983e-04 2.5962556796e+00 4.9615619954e-03
     vertex 2.8852305479e-03 2.5962556796e+00 9.3840764449e-03
     vertex 2.8852305479e-03 3.1389324637e+00 9.3840764449e-03
   endloop
 endfacet
 facet normal  -7.6128093626e-01 0.0000000000e+00 6.4842218969e-01
   outer loop
     vertex 2.8852305479e-03 2.5962556796e+00 9.3840764449e-03
     vertex 7.8928270998e-03 3.1389324637e+00 1.5263251853e-02
     vertex 2.8852305479e-03 3.1389324637e+00 9.3840764449e-03
   endloop
 endfacet
 facet normal  -7.6128093626e-01 0.0000000000e+00 6.4842218969e-01
   outer loop
     vertex 2.8852305479e-03 2.5962556796e+00 9.3840764449e-03
     vertex 7.8928270998e-03 2.5962556796e+00 1.5263251853e-02
     vertex 7.8928270998e-03 3.1389324637e+00 1.5263251853e-02
   endloop
 endfacet
 facet normal  -5.8540728658e-01 0.0000000000e+00 8.1073935937e-01
   outer loop
     vertex 7.8928270998e-03 2.5962556796e+00 1.5263251853e-02
     vertex 1.7711394777e-02 3.1389324637e+00 2.2352905260e-02
     vertex 7.8928270998e-03 3.1389324637e+00 1.5263251853e-02
   endloop
 endfacet
 facet normal  -5.8540728658e-01 0.0000000000e+00 8.1073935937e-01
   outer loop
     vertex 7.8928270998e-03 2.5962556796e+00 1.5263251853e-02
     vertex 1.7711394777e-02 2.5962556796e+00 2.2352905260e-02
     vertex 1.7711394777e-02 3.1389324637e+00 2.2352905260e-02
   endloop
 endfacet
 facet normal  -4.2610378432e-01 0.0000000000e+00 9.0467428669e-01
   outer loop
     vertex 1.7711394777e-02 2.5962556796e+00 2.2352905260e-02
     vertex 3.4701656177e-02 3.1389324637e+00 3.0355359608e-02
     vertex 1.7711394777e-02 3.1389324637e+00 2.2352905260e-02
   endloop
 endfacet
 facet normal  -4.2610378432e-01 0.0000000000e+00 9.0467428669e-01
   outer loop
     vertex 1.7711394777e-02 2.5962556796e+00 2.2352905260e-02
     vertex 3.4701656177e-02 2.5962556796e+00 3.0355359608e-02
     vertex 3.4701656177e-02 3.1389324637e+00 3.0355359608e-02
   endloop
 endfacet
 facet normal  -2.9935221327e-01 0.0000000000e+00 9.5414267927e-01
   outer loop
     vertex 3.4701656177e-02 2.5962556796e+00 3.0355359608e-02
     vertex 6.2004804867e-02 3.1389324637e+00 3.8921434858e-02
     vertex 3.4701656177e-02 3.1389324637e+00 3.0355359608e-02
   endloop
 endfacet
 facet normal  -2.9935221327e-01 -3.8276434675e-18 9.5414267927e-01
   outer loop
     vertex 3.4701656177e-02 2.5962556796e+00 3.0355359608e-02
     vertex 6.2004804867e-02 2.5962556796e+00 3.8921434858e-02
     vertex 6.2004804867e-02 3.1389324637e+00 3.8921434858e-02
   endloop
 endfacet
 facet normal  -2.0023240962e-01 -2.3522940468e-18 9.7974842798e-01
   outer loop
     vertex 6.2004804867e-02 2.5962556796e+00 3.8921434858e-02
     vertex 1.0361138312e-01 3.1389324637e+00 4.7424623209e-02
     vertex 6.2004804867e-02 3.1389324637e+00 3.8921434858e-02
   endloop
 endfacet
 facet normal  -2.0023240962e-01 0.0000000000e+00 9.7974842798e-01
   outer loop
     vertex 6.2004804867e-02 2.5962556796e+00 3.8921434858e-02
     vertex 1.0361138312e-01 2.5962556796e+00 4.7424623209e-02
     vertex 1.0361138312e-01 3.1389324637e+00 4.7424623209e-02
   endloop
 endfacet
 facet normal  -1.2076702739e-01 0.0000000000e+00 9.9268087777e-01
   outer loop
     vertex 1.0361138312e-01 2.5962556796e+00 4.7424623209e-02
     vertex 1.6380190832e-01 3.1389324637e+00 5.4747249210e-02
     vertex 1.0361138312e-01 3.1389324637e+00 4.7424623209e-02
   endloop
 endfacet
 facet normal  -1.2076702739e-01 0.0000000000e+00 9.9268087777e-01
   outer loop
     vertex 1.0361138312e-01 2.5962556796e+00 4.7424623209e-02
     vertex 1.6380190832e-01 2.5962556796e+00 5.4747249210e-02
     vertex 1.6380190832e-01 3.1389324637e+00 5.4747249210e-02
   endloop
 endfacet
 facet normal  -5.5453819818e-02 0.0000000000e+00 9.9846125306e-01
   outer loop
     vertex 1.6380190832e-01 2.5962556796e+00 5.4747249210e-02
     vertex 2.4565152047e-01 3.1389324637e+00 5.9293117796e-02
     vertex 1.6380190832e-01 3.1389324637e+00 5.4747249210e-02
   endloop
 endfacet
 facet normal  -5.5453819818e-02 0.0000000000e+00 9.9846125306e-01
   outer loop
     vertex 1.6380190832e-01 2.5962556796e+00 5.4747249210e-02
     vertex 2.4565152047e-01 2.5962556796e+00 5.9293117796e-02
     vertex 2.4565152047e-01 3.1389324637e+00 5.9293117796e-02
   endloop
 endfacet
 facet normal  -2.0754226775e-03 0.0000000000e+00 9.9999784631e-01
   outer loop
     vertex 2.4565152047e-01 2.5962556796e+00 5.9293117796e-02
     vertex 3.4867161706e-01 3.1389324637e+00 5.9506928501e-02
     vertex 2.4565152047e-01 3.1389324637e+00 5.9293117796e-02
   endloop
 endfacet
 facet normal  -2.0754226775e-03 0.0000000000e+00 9.9999784631e-01
   outer loop
     vertex 2.4565152047e-01 2.5962556796e+00 5.9293117796e-02
     vertex 3.4867161706e-01 2.5962556796e+00 5.9506928501e-02
     vertex 3.4867161706e-01 3.1389324637e+00 5.9506928501e-02
   endloop
 endfacet
 facet normal  3.9613515037e-02 0.0000000000e+00 9.9921507666e-01
   outer loop
     vertex 3.4867161706e-01 2.5962556796e+00 5.9506928501e-02
     vertex 4.6678824105e-01 3.1389324637e+00 5.4824238287e-02
     vertex 3.4867161706e-01 3.1389324637e+00 5.9506928501e-02
   endloop
 endfacet
 facet normal  3.9613515037e-02 -0.0000000000e+00 9.9921507666e-01
   outer loop
     vertex 3.4867161706e-01 2.5962556796e+00 5.9506928501e-02
     vertex 4.6678824105e-01 2.5962556796e+00 5.4824238287e-02
     vertex 4.6678824105e-01 3.1389324637e+00 5.4824238287e-02
   endloop
 endfacet
 facet normal  7.0157790253e-02 0.0000000000e+00 9.9753590635e-01
   outer loop
     vertex 4.6678824105e-01 2.5962556796e+00 5.4824238287e-02
     vertex 5.8876378780e-01 2.5962556796e+00 4.6245564808e-02
     vertex 4.6678824105e-01 3.1389324637e+00 5.4824238287e-02
   endloop
 endfacet
 facet normal  7.0157790253e-02 -0.0000000000e+00 9.9753590635e-01
   outer loop
     vertex 4.6678824105e-01 3.1389324637e+00 5.4824238287e-02
     vertex 5.8876378780e-01 2.5962556796e+00 4.6245564808e-02
     vertex 5.8876378780e-01 3.1389324637e+00 4.6245564808e-02
   endloop
 endfacet
 facet normal  9.1463328509e-02 0.0000000000e+00 9.9580844520e-01
   outer loop
     vertex 5.8876378780e-01 2.5962556796e+00 4.6245564808e-02
     vertex 7.0192689193e-01 2.5962556796e+00 3.5851724287e-02
     vertex 5.8876378780e-01 3.1389324637e+00 4.6245564808e-02
   endloop
 endfacet
 facet normal  9.1463328509e-02 -0.0000000000e+00 9.9580844520e-01
   outer loop
     vertex 5.8876378780e-01 3.1389324637e+00 4.6245564808e-02
     vertex 7.0192689193e-01 2.5962556796e+00 3.5851724287e-02
     vertex 7.0192689193e-01 3.1389324637e+00 3.5851724287e-02
   endloop
 endfacet
 facet normal  1.0637499606e-01 0.0000000000e+00 9.9432608344e-01
   outer loop
     vertex 7.0192689193e-01 2.5962556796e+00 3.5851724287e-02
     vertex 7.9695803833e-01 2.5962556796e+00 2.5685101897e-02
     vertex 7.0192689193e-01 3.1389324637e+00 3.5851724287e-02
   endloop
 endfacet
 facet normal  1.0637499606e-01 -0.0000000000e+00 9.9432608344e-01
   outer loop
     vertex 7.0192689193e-01 3.1389324637e+00 3.5851724287e-02
     vertex 7.9695803833e-01 2.5962556796e+00 2.5685101897e-02
     vertex 7.9695803833e-01 3.1389324637e+00 2.5685101897e-02
   endloop
 endfacet
 facet normal  1.1718870894e-01 0.0000000000e+00 9.9310966489e-01
   outer loop
     vertex 7.9695803833e-01 2.5962556796e+00 2.5685101897e-02
     vertex 8.7030448965e-01 2.5962556796e+00 1.7030090029e-02
     vertex 7.9695803833e-01 3.1389324637e+00 2.5685101897e-02
   endloop
 endfacet
 facet normal  1.1718870894e-01 2.3974786961e-17 9.9310966489e-01
   outer loop
     vertex 7.9695803833e-01 3.1389324637e+00 2.5685101897e-02
     vertex 8.7030448965e-01 2.5962556796e+00 1.7030090029e-02
     vertex 8.7030448965e-01 3.1389324637e+00 1.7030090029e-02
   endloop
 endfacet
 facet normal  1.2513251854e-01 2.6176848238e-17 9.9214003689e-01
   outer loop
     vertex 8.7030448965e-01 2.5962556796e+00 1.7030090029e-02
     vertex 9.2331020388e-01 2.5962556796e+00 1.0344805420e-02
     vertex 8.7030448965e-01 3.1389324637e+00 1.7030090029e-02
   endloop
 endfacet
 facet normal  1.2513251854e-01 -0.0000000000e+00 9.9214003689e-01
   outer loop
     vertex 8.7030448965e-01 3.1389324637e+00 1.7030090029e-02
     vertex 9.2331020388e-01 2.5962556796e+00 1.0344805420e-02
     vertex 9.2331020388e-01 3.1389324637e+00 1.0344805420e-02
   endloop
 endfacet
 facet normal  1.3095350728e-01 0.0000000000e+00 9.9138851059e-01
   outer loop
     vertex 9.2331020388e-01 2.5962556796e+00 1.0344805420e-02
     vertex 9.5982161505e-01 2.5962556796e+00 5.5219763305e-03
     vertex 9.2331020388e-01 3.1389324637e+00 1.0344805420e-02
   endloop
 endfacet
 facet normal  1.3095350728e-01 -0.0000000000e+00 9.9138851059e-01
   outer loop
     vertex 9.2331020388e-01 3.1389324637e+00 1.0344805420e-02
     vertex 9.5982161505e-01 2.5962556796e+00 5.5219763305e-03
     vertex 9.5982161505e-01 3.1389324637e+00 5.5219763305e-03
   endloop
 endfacet
 facet normal  1.3505987260e-01 0.0000000000e+00 9.9083743915e-01
   outer loop
     vertex 9.5982161505e-01 2.5962556796e+00 5.5219763305e-03
     vertex 9.8414844626e-01 2.5962556796e+00 2.2060149078e-03
     vertex 9.5982161505e-01 3.1389324637e+00 5.5219763305e-03
   endloop
 endfacet
 facet normal  1.3505987260e-01 -0.0000000000e+00 9.9083743915e-01
   outer loop
     vertex 9.5982161505e-01 3.1389324637e+00 5.5219763305e-03
     vertex 9.8414844626e-01 2.5962556796e+00 2.2060149078e-03
     vertex 9.8414844626e-01 3.1389324637e+00 2.2060149078e-03
   endloop
 endfacet
 facet normal  1.3783871552e-01 0.0000000000e+00 9.9045468776e-01
   outer loop
     vertex 9.8414844626e-01 2.5962556796e+00 2.2060149078e-03
     vertex 1.0000000000e+00 2.5962556796e+00 0.0000000000e+00
     vertex 9.8414844626e-01 3.1389324637e+00 2.2060149078e-03
   endloop
 endfacet
 facet normal  1.3783871552e-01 -0.0000000000e+00 9.9045468776e-01
   outer loop
     vertex 9.8414844626e-01 3.1389324637e+00 2.2060149078e-03
     vertex 1.0000000000e+00 2.5962556796e+00 0.0000000000e+00
     vertex 1.0000000000e+00 3.1389324637e+00 0.0000000000e+00
   endloop
 endfacet
 facet normal  1.3783871552e-01 0.0000000000e+00 -9.9045468776e-01
   outer loop
     vertex 1.0000000000e+00 3.1389324637e+00 0.0000000000e+00
     vertex 9.8414844626e-01 3.6129769752e+00 -2.2060149078e-03
     vertex 1.0000000000e+00 3.6129769752e+00 0.0000000000e+00
   endloop
 endfacet
 facet normal  1.3783871552e-01 0.0000000000e+00 -9.9045468776e-01
   outer loop
     vertex 1.0000000000e+00 3.1389324637e+00 0.0000000000e+00
     vertex 9.8414844626e-01 3.1389324637e+00 -2.2060149078e-03
     vertex 9.8414844626e-01 3.6129769752e+00 -2.2060149078e-03
   endloop
 endfacet
 facet normal  1.3505987260e-01 0.0000000000e+00 -9.9083743915e-01
   outer loop
     vertex 9.8414844626e-01 3.1389324637e+00 -2.2060149078e-03
     vertex 9.5982161505e-01 3.6129769752e+00 -5.5219763305e-03
     vertex 9.8414844626e-01 3.6129769752e+00 -2.2060149078e-03
   endloop
 endfacet
 facet normal  1.3505987260e-01 0.0000000000e+00 -9.9083743915e-01
   outer loop
     vertex 9.8414844626e-01 3.1389324637e+00 -2.2060149078e-03
     vertex 9.5982161505e-01 3.1389324637e+00 -5.5219763305e-03
     vertex 9.5982161505e-01 3.6129769752e+00 -5.5219763305e-03
   endloop
 endfacet
 facet normal  1.3095350728e-01 0.0000000000e+00 -9.9138851059e-01
   outer loop
     vertex 9.5982161505e-01 3.1389324637e+00 -5.5219763305e-03
     vertex 9.2331020388e-01 3.6129769752e+00 -1.0344805420e-02
     vertex 9.5982161505e-01 3.6129769752e+00 -5.5219763305e-03
   endloop
 endfacet
 facet normal  1.3095350728e-01 0.0000000000e+00 -9.9138851059e-01
   outer loop
     vertex 9.5982161505e-01 3.1389324637e+00 -5.5219763305e-03
     vertex 9.2331020388e-01 3.1389324637e+00 -1.0344805420e-02
     vertex 9.2331020388e-01 3.6129769752e+00 -1.0344805420e-02
   endloop
 endfacet
 facet normal  1.2513251854e-01 0.0000000000e+00 -9.9214003689e-01
   outer loop
     vertex 9.2331020388e-01 3.1389324637e+00 -1.0344805420e-02
     vertex 8.7030448965e-01 3.6129769752e+00 -1.7030090029e-02
     vertex 9.2331020388e-01 3.6129769752e+00 -1.0344805420e-02
   endloop
 endfacet
 facet normal  1.2513251854e-01 0.0000000000e+00 -9.9214003689e-01
   outer loop
     vertex 9.2331020388e-01 3.1389324637e+00 -1.0344805420e-02
     vertex 8.7030448965e-01 3.1389324637e+00 -1.7030090029e-02
     vertex 8.7030448965e-01 3.6129769752e+00 -1.7030090029e-02
   endloop
 endfacet
 facet normal  1.1718870894e-01 0.0000000000e+00 -9.9310966489e-01
   outer loop
     vertex 8.7030448965e-01 3.1389324637e+00 -1.7030090029e-02
     vertex 7.9695803833e-01 3.6129769752e+00 -2.5685101897e-02
     vertex 8.7030448965e-01 3.6129769752e+00 -1.7030090029e-02
   endloop
 endfacet
 facet normal  1.1718870894e-01 0.0000000000e+00 -9.9310966489e-01
   outer loop
     vertex 8.7030448965e-01 3.1389324637e+00 -1.7030090029e-02
     vertex 7.9695803833e-01 3.1389324637e+00 -2.5685101897e-02
     vertex 7.9695803833e-01 3.6129769752e+00 -2.5685101897e-02
   endloop
 endfacet
 facet normal  1.0637499606e-01 0.0000000000e+00 -9.9432608344e-01
   outer loop
     vertex 7.9695803833e-01 3.1389324637e+00 -2.5685101897e-02
     vertex 7.0192689193e-01 3.6129769752e+00 -3.5851724287e-02
     vertex 7.9695803833e-01 3.6129769752e+00 -2.5685101897e-02
   endloop
 endfacet
 facet normal  1.0637499606e-01 0.0000000000e+00 -9.9432608344e-01
   outer loop
     vertex 7.9695803833e-01 3.1389324637e+00 -2.5685101897e-02
     vertex 7.0192689193e-01 3.1389324637e+00 -3.5851724287e-02
     vertex 7.0192689193e-01 3.6129769752e+00 -3.5851724287e-02
   endloop
 endfacet
 facet normal  9.1463328509e-02 0.0000000000e+00 -9.9580844520e-01
   outer loop
     vertex 7.0192689193e-01 3.1389324637e+00 -3.5851724287e-02
     vertex 5.8876378780e-01 3.6129769752e+00 -4.6245564808e-02
     vertex 7.0192689193e-01 3.6129769752e+00 -3.5851724287e-02
   endloop
 endfacet
 facet normal  9.1463328509e-02 0.0000000000e+00 -9.9580844520e-01
   outer loop
     vertex 7.0192689193e-01 3.1389324637e+00 -3.5851724287e-02
     vertex 5.8876378780e-01 3.1389324637e+00 -4.6245564808e-02
     vertex 5.8876378780e-01 3.6129769752e+00 -4.6245564808e-02
   endloop
 endfacet
 facet normal  7.0157790253e-02 0.0000000000e+00 -9.9753590635e-01
   outer loop
     vertex 5.8876378780e-01 3.1389324637e+00 -4.6245564808e-02
     vertex 4.6678824105e-01 3.6129769752e+00 -5.4824238287e-02
     vertex 5.8876378780e-01 3.6129769752e+00 -4.6245564808e-02
   endloop
 endfacet
 facet normal  7.0157790253e-02 0.0000000000e+00 -9.9753590635e-01
   outer loop
     vertex 5.8876378780e-01 3.1389324637e+00 -4.6245564808e-02
     vertex 4.6678824105e-01 3.1389324637e+00 -5.4824238287e-02
     vertex 4.6678824105e-01 3.6129769752e+00 -5.4824238287e-02
   endloop
 endfacet
 facet normal  3.9613515037e-02 0.0000000000e+00 -9.9921507666e-01
   outer loop
     vertex 4.6678824105e-01 3.1389324637e+00 -5.4824238287e-02
     vertex 3.4867161706e-01 3.1389324637e+00 -5.9506928501e-02
     vertex 4.6678824105e-01 3.6129769752e+00 -5.4824238287e-02
   endloop
 endfacet
 facet normal  3.9613515037e-02 0.0000000000e+00 -9.9921507666e-01
   outer loop
     vertex 4.6678824105e-01 3.6129769752e+00 -5.4824238287e-02
     vertex 3.4867161706e-01 3.1389324637e+00 -5.9506928501e-02
     vertex 3.4867161706e-01 3.6129769752e+00 -5.9506928501e-02
   endloop
 endfacet
 facet normal  -2.0754226775e-03 0.0000000000e+00 -9.9999784631e-01
   outer loop
     vertex 3.4867161706e-01 3.1389324637e+00 -5.9506928501e-02
     vertex 2.4565152047e-01 3.1389324637e+00 -5.9293117796e-02
     vertex 3.4867161706e-01 3.6129769752e+00 -5.9506928501e-02
   endloop
 endfacet
 facet normal  -2.0754226775e-03 0.0000000000e+00 -9.9999784631e-01
   outer loop
     vertex 3.4867161706e-01 3.6129769752e+00 -5.9506928501e-02
     vertex 2.4565152047e-01 3.1389324637e+00 -5.9293117796e-02
     vertex 2.4565152047e-01 3.6129769752e+00 -5.9293117796e-02
   endloop
 endfacet
 facet normal  -5.5453819818e-02 0.0000000000e+00 -9.9846125306e-01
   outer loop
     vertex 2.4565152047e-01 3.1389324637e+00 -5.9293117796e-02
     vertex 1.6380190832e-01 3.1389324637e+00 -5.4747249210e-02
     vertex 2.4565152047e-01 3.6129769752e+00 -5.9293117796e-02
   endloop
 endfacet
 facet normal  -5.5453819818e-02 1.4615118484e-17 -9.9846125306e-01
   outer loop
     vertex 2.4565152047e-01 3.6129769752e+00 -5.9293117796e-02
     vertex 1.6380190832e-01 3.1389324637e+00 -5.4747249210e-02
     vertex 1.6380190832e-01 3.6129769752e+00 -5.4747249210e-02
   endloop
 endfacet
 facet normal  -1.2076702739e-01 1.3202030084e-17 -9.9268087777e-01
   outer loop
     vertex 1.6380190832e-01 3.1389324637e+00 -5.4747249210e-02
     vertex 1.0361138312e-01 3.1389324637e+00 -4.7424623209e-02
     vertex 1.6380190832e-01 3.6129769752e+00 -5.4747249210e-02
   endloop
 endfacet
 facet normal  -1.2076702739e-01 -3.5354890517e-18 -9.9268087777e-01
   outer loop
     vertex 1.6380190832e-01 3.6129769752e+00 -5.4747249210e-02
     vertex 1.0361138312e-01 3.1389324637e+00 -4.7424623209e-02
     vertex 1.0361138312e-01 3.6129769752e+00 -4.7424623209e-02
   endloop
 endfacet
 facet normal  -2.0023240962e-01 -5.3857194326e-18 -9.7974842798e-01
   outer loop
     vertex 1.0361138312e-01 3.1389324637e+00 -4.7424623209e-02
     vertex 6.2004804867e-02 3.1389324637e+00 -3.8921434858e-02
     vertex 1.0361138312e-01 3.6129769752e+00 -4.7424623209e-02
   endloop
 endfacet
 facet normal  -2.0023240962e-01 0.0000000000e+00 -9.7974842798e-01
   outer loop
     vertex 1.0361138312e-01 3.6129769752e+00 -4.7424623209e-02
     vertex 6.2004804867e-02 3.1389324637e+00 -3.8921434858e-02
     vertex 6.2004804867e-02 3.6129769752e+00 -3.8921434858e-02
   endloop
 endfacet
 facet normal  -2.9935221327e-01 0.0000000000e+00 -9.5414267927e-01
   outer loop
     vertex 6.2004804867e-02 3.1389324637e+00 -3.8921434858e-02
     vertex 3.4701656177e-02 3.1389324637e+00 -3.0355359608e-02
     vertex 6.2004804867e-02 3.6129769752e+00 -3.8921434858e-02
   endloop
 endfacet
 facet normal  -2.9935221327e-01 0.0000000000e+00 -9.5414267927e-01
   outer loop
     vertex 6.2004804867e-02 3.6129769752e+00 -3.8921434858e-02
     vertex 3.4701656177e-02 3.1389324637e+00 -3.0355359608e-02
     vertex 3.4701656177e-02 3.6129769752e+00 -3.0355359608e-02
   endloop
 endfacet
 facet normal  -4.2610378432e-01 0.0000000000e+00 -9.0467428669e-01
   outer loop
     vertex 3.4701656177e-02 3.1389324637e+00 -3.0355359608e-02
     vertex 1.7711394777e-02 3.1389324637e+00 -2.2352905260e-02
     vertex 3.4701656177e-02 3.6129769752e+00 -3.0355359608e-02
   endloop
 endfacet
 facet normal  -4.2610378432e-01 0.0000000000e+00 -9.0467428669e-01
   outer loop
     vertex 3.4701656177e-02 3.6129769752e+00 -3.0355359608e-02
     vertex 1.7711394777e-02 3.1389324637e+00 -2.2352905260e-02
     vertex 1.7711394777e-02 3.6129769752e+00 -2.2352905260e-02
   endloop
 endfacet
 facet normal  -5.8540728658e-01 0.0000000000e+00 -8.1073935937e-01
   outer loop
     vertex 1.7711394777e-02 3.1389324637e+00 -2.2352905260e-02
     vertex 7.8928270998e-03 3.1389324637e+00 -1.5263251853e-02
     vertex 1.7711394777e-02 3.6129769752e+00 -2.2352905260e-02
   endloop
 endfacet
 facet normal  -5.8540728658e-01 0.0000000000e+00 -8.1073935937e-01
   outer loop
     vertex 1.7711394777e-02 3.6129769752e+00 -2.2352905260e-02
     vertex 7.8928270998e-03 3.1389324637e+00 -1.5263251853e-02
     vertex 7.8928270998e-03 3.6129769752e+00 -1.5263251853e-02
   endloop
 endfacet
 facet normal  -7.6128093626e-01 0.0000000000e+00 -6.4842218969e-01
   outer loop
     vertex 7.8928270998e-03 3.1389324637e+00 -1.5263251853e-02
     vertex 2.8852305479e-03 3.1389324637e+00 -9.3840764449e-03
     vertex 7.8928270998e-03 3.6129769752e+00 -1.5263251853e-02
   endloop
 endfacet
 facet normal  -7.6128093626e-01 0.0000000000e+00 -6.4842218969e-01
   outer loop
     vertex 7.8928270998e-03 3.6129769752e+00 -1.5263251853e-02
     vertex 2.8852305479e-03 3.1389324637e+00 -9.3840764449e-03
     vertex 2.8852305479e-03 3.6129769752e+00 -9.3840764449e-03
   endloop
 endfacet
 facet normal  -9.0355742872e-01 0.0000000000e+00 -4.2846700341e-01
   outer loop
     vertex 2.8852305479e-03 3.1389324637e+00 -9.3840764449e-03
     vertex 7.8807384983e-04 3.1389324637e+00 -4.9615619954e-03
     vertex 2.8852305479e-03 3.6129769752e+00 -9.3840764449e-03
   endloop
 endfacet
 facet normal  -9.0355742872e-01 0.0000000000e+00 -4.2846700341e-01
   outer loop
     vertex 2.8852305479e-03 3.6129769752e+00 -9.3840764449e-03
     vertex 7.8807384983e-04 3.1389324637e+00 -4.9615619954e-03
     vertex 7.8807384983e-04 3.6129769752e+00 -4.9615619954e-03
   endloop
 endfacet
 facet normal  -9.7629917451e-01 0.0000000000e+00 -2.1642532625e-01
   outer loop
     vertex 7.8807384983e-04 3.1389324637e+00 -4.9615619954e-03
     vertex 1.1903597513e-04 3.1389324637e+00 -1.9435181458e-03
     vertex 7.8807384983e-04 3.6129769752e+00 -4.9615619954e-03
   endloop
 endfacet
 facet normal  -9.7629917451e-01 -5.5823116836e-20 -2.1642532625e-01
   outer loop
     vertex 7.8807384983e-04 3.6129769752e+00 -4.9615619954e-03
     vertex 1.1903597513e-04 3.1389324637e+00 -1.9435181458e-03
     vertex 1.1903597513e-04 3.6129769752e+00 -1.9435181458e-03
   endloop
 endfacet
 facet normal  -9.9812962151e-01 -5.7353449402e-20 -6.1133122455e-02
   outer loop
     vertex 1.1903597513e-04 3.1389324637e+00 -1.9435181458e-03
     vertex 0.0000000000e+00 3.1389324637e+00 0.0000000000e+00
     vertex 1.1903597513e-04 3.6129769752e+00 -1.9435181458e-03
   endloop
 endfacet
 facet normal  -9.9812962151e-01 0.0000000000e+00 -6.1133122455e-02
   outer loop
     vertex 1.1903597513e-04 3.6129769752e+00 -1.9435181458e-03
     vertex 0.0000000000e+00 3.1389324637e+00 0.0000000000e+00
     vertex 0.0000000000e+00 3.6129769752e+00 0.0000000000e+00
   endloop
 endfacet
 facet normal  -9.9812962151e-01 0.0000000000e+00 6.1133122455e-02
   outer loop
     vertex 0.0000000000e+00 3.1389324637e+00 0.0000000000e+00
     vertex 1.1903597513e-04 3.6129769752e+00 1.9435181458e-03
     vertex 0.0000000000e+00 3.6129769752e+00 0.0000000000e+00
   endloop
 endfacet
 facet normal  -9.9812962151e-01 -2.7963898989e-20 6.1133122455e-02
   outer loop
     vertex 0.0000000000e+00 3.1389324637e+00 0.0000000000e+00
     vertex 1.1903597513e-04 3.1389324637e+00 1.9435181458e-03
     vertex 1.1903597513e-04 3.6129769752e+00 1.9435181458e-03
   endloop
 endfacet
 facet normal  -9.7629917451e-01 -2.8900713311e-19 2.1642532625e-01
   outer loop
     vertex 1.1903597513e-04 3.1389324637e+00 1.9435181458e-03
     vertex 7.8807384983e-04 3.6129769752e+00 4.9615619954e-03
     vertex 1.1903597513e-04 3.6129769752e+00 1.9435181458e-03
   endloop
 endfacet
 facet normal  -9.7629917451e-01 -2.2329246734e-19 2.1642532625e-01
   outer loop
     vertex 1.1903597513e-04 3.1389324637e+00 1.9435181458e-03
     vertex 7.8807384983e-04 3.1389324637e+00 4.9615619954e-03
     vertex 7.8807384983e-04 3.6129769752e+00 4.9615619954e-03
   endloop
 endfacet
 facet normal  -9.0355742872e-01 0.0000000000e+00 4.2846700341e-01
   outer loop
     vertex 7.8807384983e-04 3.1389324637e+00 4.9615619954e-03
     vertex 2.8852305479e-03 3.6129769752e+00 9.3840764449e-03
     vertex 7.8807384983e-04 3.6129769752e+00 4.9615619954e-03
   endloop
 endfacet
 facet normal  -9.0355742872e-01 0.0000000000e+00 4.2846700341e-01
   outer loop
     vertex 7.8807384983e-04 3.1389324637e+00 4.9615619954e-03
     vertex 2.8852305479e-03 3.1389324637e+00 9.3840764449e-03
     vertex 2.8852305479e-03 3.6129769752e+00 9.3840764449e-03
   endloop
 endfacet
 facet normal  -7.6128093626e-01 0.0000000000e+00 6.4842218969e-01
   outer loop
     vertex 2.8852305479e-03 3.1389324637e+00 9.3840764449e-03
     vertex 7.8928270998e-03 3.6129769752e+00 1.5263251853e-02
     vertex 2.8852305479e-03 3.6129769752e+00 9.3840764449e-03
   endloop
 endfacet
 facet normal  -7.6128093626e-01 0.0000000000e+00 6.4842218969e-01
   outer loop
     vertex 2.8852305479e-03 3.1389324637e+00 9.3840764449e-03
     vertex 7.8928270998e-03 3.1389324637e+00 1.5263251853e-02
     vertex 7.8928270998e-03 3.6129769752e+00 1.5263251853e-02
   endloop
 endfacet
 facet normal  -5.8540728658e-01 0.0000000000e+00 8.1073935937e-01
   outer loop
     vertex 7.8928270998e-03 3.1389324637e+00 1.5263251853e-02
     vertex 1.7711394777e-02 3.6129769752e+00 2.2352905260e-02
     vertex 7.8928270998e-03 3.6129769752e+00 1.5263251853e-02
   endloop
 endfacet
 facet normal  -5.8540728658e-01 0.0000000000e+00 8.1073935937e-01
   outer loop
     vertex 7.8928270998e-03 3.1389324637e+00 1.5263251853e-02
     vertex 1.7711394777e-02 3.1389324637e+00 2.2352905260e-02
     vertex 1.7711394777e-02 3.6129769752e+00 2.2352905260e-02
   endloop
 endfacet
 facet normal  -4.2610378432e-01 0.0000000000e+00 9.0467428669e-01
   outer loop
     vertex 1.7711394777e-02 3.1389324637e+00 2.2352905260e-02
     vertex 3.4701656177e-02 3.6129769752e+00 3.0355359608e-02
     vertex 1.7711394777e-02 3.6129769752e+00 2.2352905260e-02
   endloop
 endfacet
 facet normal  -4.2610378432e-01 6.6211492179e-18 9.0467428669e-01
   outer loop
     vertex 1.7711394777e-02 3.1389324637e+00 2.2352905260e-02
     vertex 3.4701656177e-02 3.1389324637e+00 3.0355359608e-02
     vertex 3.4701656177e-02 3.6129769752e+00 3.0355359608e-02
   endloop
 endfacet
 facet normal  -2.9935221327e-01 5.9945005196e-18 9.5414267927e-01
   outer loop
     vertex 3.4701656177e-02 3.1389324637e+00 3.0355359608e-02
     vertex 6.2004804867e-02 3.6129769752e+00 3.8921434858e-02
     vertex 3.4701656177e-02 3.6129769752e+00 3.0355359608e-02
   endloop
 endfacet
 facet normal  -2.9935221327e-01 0.0000000000e+00 9.5414267927e-01
   outer loop
     vertex 3.4701656177e-02 3.1389324637e+00 3.0355359608e-02
     vertex 6.2004804867e-02 3.1389324637e+00 3.8921434858e-02
     vertex 6.2004804867e-02 3.6129769752e+00 3.8921434858e-02
   endloop
 endfacet
 facet normal  -2.0023240962e-01 0.0000000000e+00 9.7974842798e-01
   outer loop
     vertex 6.2004804867e-02 3.1389324637e+00 3.8921434858e-02
     vertex 1.0361138312e-01 3.6129769752e+00 4.7424623209e-02
     vertex 6.2004804867e-02 3.6129769752e+00 3.8921434858e-02
   endloop
 endfacet
 facet normal  -2.0023240962e-01 0.0000000000e+00 9.7974842798e-01
   outer loop
     vertex 6.2004804867e-02 3.1389324637e+00 3.8921434858e-02
     vertex 1.0361138312e-01 3.1389324637e+00 4.7424623209e-02
     vertex 1.0361138312e-01 3.6129769752e+00 4.7424623209e-02
   endloop
 endfacet
 facet normal  -1.2076702739e-01 0.0000000000e+00 9.9268087777e-01
   outer loop
     vertex 1.0361138312e-01 3.1389324637e+00 4.7424623209e-02
     vertex 1.6380190832e-01 3.6129769752e+00 5.4747249210e-02
     vertex 1.0361138312e-01 3.6129769752e+00 4.7424623209e-02
   endloop
 endfacet
 facet normal  -1.2076702739e-01 0.0000000000e+00 9.9268087777e-01
   outer loop
     vertex 1.0361138312e-01 3.1389324637e+00 4.7424623209e-02
     vertex 1.6380190832e-01 3.1389324637e+00 5.4747249210e-02
     vertex 1.6380190832e-01 3.6129769752e+00 5.4747249210e-02
   endloop
 endfacet
 facet normal  -5.5453819818e-02 0.0000000000e+00 9.9846125306e-01
   outer loop
     vertex 1.6380190832e-01 3.1389324637e+00 5.4747249210e-02
     vertex 2.4565152047e-01 3.6129769752e+00 5.9293117796e-02
     vertex 1.6380190832e-01 3.6129769752e+00 5.4747249210e-02
   endloop
 endfacet
 facet normal  -5.5453819818e-02 0.0000000000e+00 9.9846125306e-01
   outer loop
     vertex 1.6380190832e-01 3.1389324637e+00 5.4747249210e-02
     vertex 2.4565152047e-01 3.1389324637e+00 5.9293117796e-02
     vertex 2.4565152047e-01 3.6129769752e+00 5.9293117796e-02
   endloop
 endfacet
 facet normal  -2.0754226775e-03 0.0000000000e+00 9.9999784631e-01
   outer loop
     vertex 2.4565152047e-01 3.1389324637e+00 5.9293117796e-02
     vertex 3.4867161706e-01 3.6129769752e+00 5.9506928501e-02
     vertex 2.4565152047e-01 3.6129769752e+00 5.9293117796e-02
   endloop
 endfacet
 facet normal  -2.0754226775e-03 0.0000000000e+00 9.9999784631e-01
   outer loop
     vertex 2.4565152047e-01 3.1389324637e+00 5.9293117796e-02
     vertex 3.4867161706e-01 3.1389324637e+00 5.9506928501e-02
     vertex 3.4867161706e-01 3.6129769752e+00 5.9506928501e-02
   endloop
 endfacet
 facet normal  3.9613515037e-02 0.0000000000e+00 9.9921507666e-01
   outer loop
     vertex 3.4867161706e-01 3.1389324637e+00 5.9506928501e-02
     vertex 4.6678824105e-01 3.6129769752e+00 5.4824238287e-02
     vertex 3.4867161706e-01 3.6129769752e+00 5.9506928501e-02
   endloop
 endfacet
 facet normal  3.9613515037e-02 -0.0000000000e+00 9.9921507666e-01
   outer loop
     vertex 3.4867161706e-01 3.1389324637e+00 5.9506928501e-02
     vertex 4.6678824105e-01 3.1389324637e+00 5.4824238287e-02
     vertex 4.6678824105e-01 3.6129769752e+00 5.4824238287e-02
   endloop
 endfacet
 facet normal  7.0157790253e-02 0.0000000000e+00 9.9753590635e-01
   outer loop
     vertex 4.6678824105e-01 3.1389324637e+00 5.4824238287e-02
     vertex 5.8876378780e-01 3.1389324637e+00 4.6245564808e-02
     vertex 4.6678824105e-01 3.6129769752e+00 5.4824238287e-02
   endloop
 endfacet
 facet normal  7.0157790253e-02 -0.0000000000e+00 9.9753590635e-01
   outer loop
     vertex 4.6678824105e-01 3.6129769752e+00 5.4824238287e-02
     vertex 5.8876378780e-01 3.1389324637e+00 4.6245564808e-02
     vertex 5.8876378780e-01 3.6129769752e+00 4.6245564808e-02
   endloop
 endfacet
 facet normal  9.1463328509e-02 0.0000000000e+00 9.9580844520e-01
   outer loop
     vertex 5.8876378780e-01 3.1389324637e+00 4.6245564808e-02
     vertex 7.0192689193e-01 3.1389324637e+00 3.5851724287e-02
     vertex 5.8876378780e-01 3.6129769752e+00 4.6245564808e-02
   endloop
 endfacet
 facet normal  9.1463328509e-02 -0.0000000000e+00 9.9580844520e-01
   outer loop
     vertex 5.8876378780e-01 3.6129769752e+00 4.6245564808e-02
     vertex 7.0192689193e-01 3.1389324637e+00 3.5851724287e-02
     vertex 7.0192689193e-01 3.6129769752e+00 3.5851724287e-02
   endloop
 endfacet
 facet normal  1.0637499606e-01 0.0000000000e+00 9.9432608344e-01
   outer loop
     vertex 7.0192689193e-01 3.1389324637e+00 3.5851724287e-02
     vertex 7.9695803833e-01 3.1389324637e+00 2.5685101897e-02
     vertex 7.0192689193e-01 3.6129769752e+00 3.5851724287e-02
   endloop
 endfacet
 facet normal  1.0637499606e-01 -0.0000000000e+00 9.9432608344e-01
   outer loop
     vertex 7.0192689193e-01 3.6129769752e+00 3.5851724287e-02
     vertex 7.9695803833e-01 3.1389324637e+00 2.5685101897e-02
     vertex 7.9695803833e-01 3.6129769752e+00 2.5685101897e-02
   endloop
 endfacet
 facet normal  1.1718870894e-01 0.0000000000e+00 9.9310966489e-01
   outer loop
     vertex 7.9695803833e-01 3.1389324637e+00 2.5685101897e-02
     vertex 8.7030448965e-01 3.1389324637e+00 1.7030090029e-02
     vertex 7.9695803833e-01 3.6129769752e+00 2.5685101897e-02
   endloop
 endfacet
 facet normal  1.1718870894e-01 -2.7445862094e-17 9.9310966489e-01
   outer loop
     vertex 7.9695803833e-01 3.6129769752e+00 2.5685101897e-02
     vertex 8.7030448965e-01 3.1389324637e+00 1.7030090029e-02
     vertex 8.7030448965e-01 3.6129769752e+00 1.7030090029e-02
   endloop
 endfacet
 facet normal  1.2513251854e-01 -2.9966738305e-17 9.9214003689e-01
   outer loop
     vertex 8.7030448965e-01 3.1389324637e+00 1.7030090029e-02
     vertex 9.2331020388e-01 3.1389324637e+00 1.0344805420e-02
     vertex 8.7030448965e-01 3.6129769752e+00 1.7030090029e-02
   endloop
 endfacet
 facet normal  1.2513251854e-01 2.9306320366e-17 9.9214003689e-01
   outer loop
     vertex 8.7030448965e-01 3.6129769752e+00 1.7030090029e-02
     vertex 9.2331020388e-01 3.1389324637e+00 1.0344805420e-02
     vertex 9.2331020388e-01 3.6129769752e+00 1.0344805420e-02
   endloop
 endfacet
 facet normal  1.3095350728e-01 3.1051059079e-17 9.9138851059e-01
   outer loop
     vertex 9.2331020388e-01 3.1389324637e+00 1.0344805420e-02
     vertex 9.5982161505e-01 3.1389324637e+00 5.5219763305e-03
     vertex 9.2331020388e-01 3.6129769752e+00 1.0344805420e-02
   endloop
 endfacet
 facet normal  1.3095350728e-01 -0.0000000000e+00 9.9138851059e-01
   outer loop
     vertex 9.2331020388e-01 3.6129769752e+00 1.0344805420e-02
     vertex 9.5982161505e-01 3.1389324637e+00 5.5219763305e-03
     vertex 9.5982161505e-01 3.6129769752e+00 5.5219763305e-03
   endloop
 endfacet
 facet normal  1.3505987260e-01 0.0000000000e+00 9.9083743915e-01
   outer loop
     vertex 9.5982161505e-01 3.1389324637e+00 5.5219763305e-03
     vertex 9.8414844626e-01 3.1389324637e+00 2.2060149078e-03
     vertex 9.5982161505e-01 3.6129769752e+00 5.5219763305e-03
   endloop
 endfacet
 facet normal  1.3505987260e-01 -0.0000000000e+00 9.9083743915e-01
   outer loop
     vertex 9.5982161505e-01 3.6129769752e+00 5.5219763305e-03
     vertex 9.8414844626e-01 3.1389324637e+00 2.2060149078e-03
     vertex 9.8414844626e-01 3.6129769752e+00 2.2060149078e-03
   endloop
 endfacet
 facet normal  1.3783871552e-01 0.0000000000e+00 9.9045468776e-01
   outer loop
     vertex 9.8414844626e-01 3.1389324637e+00 2.2060149078e-03
     vertex 1.0000000000e+00 3.1389324637e+00 0.0000000000e+00
     vertex 9.8414844626e-01 3.6129769752e+00 2.2060149078e-03
   endloop
 endfacet
 facet normal  1.3783871552e-01 -0.0000000000e+00 9.9045468776e-01
   outer loop
     vertex 9.8414844626e-01 3.6129769752e+00 2.2060149078e-03
     vertex 1.0000000000e+00 3.1389324637e+00 0.0000000000e+00
     vertex 1.0000000000e+00 3.6129769752e+00 0.0000000000e+00
   endloop
 endfacet
 facet normal  1.3783871552e-01 0.0000000000e+00 -9.9045468776e-01
   outer loop
     vertex 1.0000000000e+00 3.6129769752e+00 0.0000000000e+00
     vertex 9.8414844626e-01 4.0045664100e+00 -2.2060149078e-03
     vertex 1.0000000000e+00 4.0045664100e+00 0.0000000000e+00
   endloop
 endfacet
 facet normal  1.3783871552e-01 0.0000000000e+00 -9.9045468776e-01
   outer loop
     vertex 1.0000000000e+00 3.6129769752e+00 0.0000000000e+00
     vertex 9.8414844626e-01 3.6129769752e+00 -2.2060149078e-03
     vertex 9.8414844626e-01 4.0045664100e+00 -2.2060149078e-03
   endloop
 endfacet
 facet normal  1.3505987260e-01 0.0000000000e+00 -9.9083743915e-01
   outer loop
     vertex 9.8414844626e-01 3.6129769752e+00 -2.2060149078e-03
     vertex 9.5982161505e-01 4.0045664100e+00 -5.5219763305e-03
     vertex 9.8414844626e-01 4.0045664100e+00 -2.2060149078e-03
   endloop
 endfacet
 facet normal  1.3505987260e-01 0.0000000000e+00 -9.9083743915e-01
   outer loop
     vertex 9.8414844626e-01 3.6129769752e+00 -2.2060149078e-03
     vertex 9.5982161505e-01 3.6129769752e+00 -5.5219763305e-03
     vertex 9.5982161505e-01 4.0045664100e+00 -5.5219763305e-03
   endloop
 endfacet
 facet normal  1.3095350728e-01 0.0000000000e+00 -9.9138851059e-01
   outer loop
     vertex 9.5982161505e-01 3.6129769752e+00 -5.5219763305e-03
     vertex 9.2331020388e-01 4.0045664100e+00 -1.0344805420e-02
     vertex 9.5982161505e-01 4.0045664100e+00 -5.5219763305e-03
   endloop
 endfacet
 facet normal  1.3095350728e-01 0.0000000000e+00 -9.9138851059e-01
   outer loop
     vertex 9.5982161505e-01 3.6129769752e+00 -5.5219763305e-03
     vertex 9.2331020388e-01 3.6129769752e+00 -1.0344805420e-02
     vertex 9.2331020388e-01 4.0045664100e+00 -1.0344805420e-02
   endloop
 endfacet
 facet normal  1.2513251854e-01 0.0000000000e+00 -9.9214003689e-01
   outer loop
     vertex 9.2331020388e-01 3.6129769752e+00 -1.0344805420e-02
     vertex 8.7030448965e-01 4.0045664100e+00 -1.7030090029e-02
     vertex 9.2331020388e-01 4.0045664100e+00 -1.0344805420e-02
   endloop
 endfacet
 facet normal  1.2513251854e-01 0.0000000000e+00 -9.9214003689e-01
   outer loop
     vertex 9.2331020388e-01 3.6129769752e+00 -1.0344805420e-02
     vertex 8.7030448965e-01 3.6129769752e+00 -1.7030090029e-02
     vertex 8.7030448965e-01 4.0045664100e+00 -1.7030090029e-02
   endloop
 endfacet
 facet normal  1.1718870894e-01 0.0000000000e+00 -9.9310966489e-01
   outer loop
     vertex 8.7030448965e-01 3.6129769752e+00 -1.7030090029e-02
     vertex 7.9695803833e-01 4.0045664100e+00 -2.5685101897e-02
     vertex 8.7030448965e-01 4.0045664100e+00 -1.7030090029e-02
   endloop
 endfacet
 facet normal  1.1718870894e-01 0.0000000000e+00 -9.9310966489e-01
   outer loop
     vertex 8.7030448965e-01 3.6129769752e+00 -1.7030090029e-02
     vertex 7.9695803833e-01 3.6129769752e+00 -2.5685101897e-02
     vertex 7.9695803833e-01 4.0045664100e+00 -2.5685101897e-02
   endloop
 endfacet
 facet normal  1.0637499606e-01 0.0000000000e+00 -9.9432608344e-01
   outer loop
     vertex 7.9695803833e-01 3.6129769752e+00 -2.5685101897e-02
     vertex 7.0192689193e-01 4.0045664100e+00 -3.5851724287e-02
     vertex 7.9695803833e-01 4.0045664100e+00 -2.5685101897e-02
   endloop
 endfacet
 facet normal  1.0637499606e-01 0.0000000000e+00 -9.9432608344e-01
   outer loop
     vertex 7.9695803833e-01 3.6129769752e+00 -2.5685101897e-02
     vertex 7.0192689193e-01 3.6129769752e+00 -3.5851724287e-02
     vertex 7.0192689193e-01 4.0045664100e+00 -3.5851724287e-02
   endloop
 endfacet
 facet normal  9.1463328509e-02 0.0000000000e+00 -9.9580844520e-01
   outer loop
     vertex 7.0192689193e-01 3.6129769752e+00 -3.5851724287e-02
     vertex 5.8876378780e-01 4.0045664100e+00 -4.6245564808e-02
     vertex 7.0192689193e-01 4.0045664100e+00 -3.5851724287e-02
   endloop
 endfacet
 facet normal  9.1463328509e-02 0.0000000000e+00 -9.9580844520e-01
   outer loop
     vertex 7.0192689193e-01 3.6129769752e+00 -3.5851724287e-02
     vertex 5.8876378780e-01 3.6129769752e+00 -4.6245564808e-02
     vertex 5.8876378780e-01 4.0045664100e+00 -4.6245564808e-02
   endloop
 endfacet
 facet normal  7.0157790253e-02 0.0000000000e+00 -9.9753590635e-01
   outer loop
     vertex 5.8876378780e-01 3.6129769752e+00 -4.6245564808e-02
     vertex 4.6678824105e-01 4.0045664100e+00 -5.4824238287e-02
     vertex 5.8876378780e-01 4.0045664100e+00 -4.6245564808e-02
   endloop
 endfacet
 facet normal  7.0157790253e-02 0.0000000000e+00 -9.9753590635e-01
   outer loop
     vertex 5.8876378780e-01 3.6129769752e+00 -4.6245564808e-02
     vertex 4.6678824105e-01 3.6129769752e+00 -5.4824238287e-02
     vertex 4.6678824105e-01 4.0045664100e+00 -5.4824238287e-02
   endloop
 endfacet
 facet normal  3.9613515037e-02 0.0000000000e+00 -9.9921507666e-01
   outer loop
     vertex 4.6678824105e-01 3.6129769752e+00 -5.4824238287e-02
     vertex 3.4867161706e-01 3.6129769752e+00 -5.9506928501e-02
     vertex 4.6678824105e-01 4.0045664100e+00 -5.4824238287e-02
   endloop
 endfacet
 facet normal  3.9613515037e-02 0.0000000000e+00 -9.9921507666e-01
   outer loop
     vertex 4.6678824105e-01 4.0045664100e+00 -5.4824238287e-02
     vertex 3.4867161706e-01 3.6129769752e+00 -5.9506928501e-02
     vertex 3.4867161706e-01 4.0045664100e+00 -5.9506928501e-02
   endloop
 endfacet
 facet normal  -2.0754226775e-03 0.0000000000e+00 -9.9999784631e-01
   outer loop
     vertex 3.4867161706e-01 3.6129769752e+00 -5.9506928501e-02
     vertex 2.4565152047e-01 3.6129769752e+00 -5.9293117796e-02
     vertex 3.4867161706e-01 4.0045664100e+00 -5.9506928501e-02
   endloop
 endfacet
 facet normal  -2.0754226775e-03 0.0000000000e+00 -9.9999784631e-01
   outer loop
     vertex 3.4867161706e-01 4.0045664100e+00 -5.9506928501e-02
     vertex 2.4565152047e-01 3.6129769752e+00 -5.9293117796e-02
     vertex 2.4565152047e-01 4.0045664100e+00 -5.9293117796e-02
   endloop
 endfacet
 facet normal  -5.5453819818e-02 0.0000000000e+00 -9.9846125306e-01
   outer loop
     vertex 2.4565152047e-01 3.6129769752e+00 -5.9293117796e-02
     vertex 1.6380190832e-01 3.6129769752e+00 -5.4747249210e-02
     vertex 2.4565152047e-01 4.0045664100e+00 -5.9293117796e-02
   endloop
 endfacet
 facet normal  -5.5453819818e-02 0.0000000000e+00 -9.9846125306e-01
   outer loop
     vertex 2.4565152047e-01 4.0045664100e+00 -5.9293117796e-02
     vertex 1.6380190832e-01 3.6129769752e+00 -5.4747249210e-02
     vertex 1.6380190832e-01 4.0045664100e+00 -5.4747249210e-02
   endloop
 endfacet
 facet normal  -1.2076702739e-01 0.0000000000e+00 -9.9268087777e-01
   outer loop
     vertex 1.6380190832e-01 3.6129769752e+00 -5.4747249210e-02
     vertex 1.0361138312e-01 3.6129769752e+00 -4.7424623209e-02
     vertex 1.6380190832e-01 4.0045664100e+00 -5.4747249210e-02
   endloop
 endfacet
 facet normal  -1.2076702739e-01 0.0000000000e+00 -9.9268087777e-01
   outer loop
     vertex 1.6380190832e-01 4.0045664100e+00 -5.4747249210e-02
     vertex 1.0361138312e-01 3.6129769752e+00 -4.7424623209e-02
     vertex 1.0361138312e-01 4.0045664100e+00 -4.7424623209e-02
   endloop
 endfacet
 facet normal  -2.0023240962e-01 0.0000000000e+00 -9.7974842798e-01
   outer loop
     vertex 1.0361138312e-01 3.6129769752e+00 -4.7424623209e-02
     vertex 6.2004804867e-02 3.6129769752e+00 -3.8921434858e-02
     vertex 1.0361138312e-01 4.0045664100e+00 -4.7424623209e-02
   endloop
 endfacet
 facet normal  -2.0023240962e-01 -3.5480820546e-18 -9.7974842798e-01
   outer loop
     vertex 1.0361138312e-01 4.0045664100e+00 -4.7424623209e-02
     vertex 6.2004804867e-02 3.6129769752e+00 -3.8921434858e-02
     vertex 6.2004804867e-02 4.0045664100e+00 -3.8921434858e-02
   endloop
 endfacet
 facet normal  -2.9935221327e-01 -4.8378221638e-18 -9.5414267927e-01
   outer loop
     vertex 6.2004804867e-02 3.6129769752e+00 -3.8921434858e-02
     vertex 3.4701656177e-02 3.6129769752e+00 -3.0355359608e-02
     vertex 6.2004804867e-02 4.0045664100e+00 -3.8921434858e-02
   endloop
 endfacet
 facet normal  -2.9935221327e-01 0.0000000000e+00 -9.5414267927e-01
   outer loop
     vertex 6.2004804867e-02 4.0045664100e+00 -3.8921434858e-02
     vertex 3.4701656177e-02 3.6129769752e+00 -3.0355359608e-02
     vertex 3.4701656177e-02 4.0045664100e+00 -3.0355359608e-02
   endloop
 endfacet
 facet normal  -4.2610378432e-01 0.0000000000e+00 -9.0467428669e-01
   outer loop
     vertex 3.4701656177e-02 3.6129769752e+00 -3.0355359608e-02
     vertex 1.7711394777e-02 3.6129769752e+00 -2.2352905260e-02
     vertex 3.4701656177e-02 4.0045664100e+00 -3.0355359608e-02
   endloop
 endfacet
 facet normal  -4.2610378432e-01 0.0000000000e+00 -9.0467428669e-01
   outer loop
     vertex 3.4701656177e-02 4.0045664100e+00 -3.0355359608e-02
     vertex 1.7711394777e-02 3.6129769752e+00 -2.2352905260e-02
     vertex 1.7711394777e-02 4.0045664100e+00 -2.2352905260e-02
   endloop
 endfacet
 facet normal  -5.8540728658e-01 0.0000000000e+00 -8.1073935937e-01
   outer loop
     vertex 1.7711394777e-02 3.6129769752e+00 -2.2352905260e-02
     vertex 7.8928270998e-03 3.6129769752e+00 -1.5263251853e-02
     vertex 1.7711394777e-02 4.0045664100e+00 -2.2352905260e-02
   endloop
 endfacet
 facet normal  -5.8540728658e-01 0.0000000000e+00 -8.1073935937e-01
   outer loop
     vertex 1.7711394777e-02 4.0045664100e+00 -2.2352905260e-02
     vertex 7.8928270998e-03 3.6129769752e+00 -1.5263251853e-02
     vertex 7.8928270998e-03 4.0045664100e+00 -1.5263251853e-02
   endloop
 endfacet
 facet normal  -7.6128093626e-01 0.0000000000e+00 -6.4842218969e-01
   outer loop
     vertex 7.8928270998e-03 3.6129769752e+00 -1.5263251853e-02
     vertex 2.8852305479e-03 3.6129769752e+00 -9.3840764449e-03
     vertex 7.8928270998e-03 4.0045664100e+00 -1.5263251853e-02
   endloop
 endfacet
 facet normal  -7.6128093626e-01 0.0000000000e+00 -6.4842218969e-01
   outer loop
     vertex 7.8928270998e-03 4.0045664100e+00 -1.5263251853e-02
     vertex 2.8852305479e-03 3.6129769752e+00 -9.3840764449e-03
     vertex 2.8852305479e-03 4.0045664100e+00 -9.3840764449e-03
   endloop
 endfacet
 facet normal  -9.0355742872e-01 0.0000000000e+00 -4.2846700341e-01
   outer loop
     vertex 2.8852305479e-03 3.6129769752e+00 -9.3840764449e-03
     vertex 7.8807384983e-04 3.6129769752e+00 -4.9615619954e-03
     vertex 2.8852305479e-03 4.0045664100e+00 -9.3840764449e-03
   endloop
 endfacet
 facet normal  -9.0355742872e-01 0.0000000000e+00 -4.2846700341e-01
   outer loop
     vertex 2.8852305479e-03 4.0045664100e+00 -9.3840764449e-03
     vertex 7.8807384983e-04 3.6129769752e+00 -4.9615619954e-03
     vertex 7.8807384983e-04 4.0045664100e+00 -4.9615619954e-03
   endloop
 endfacet
 facet normal  -9.7629917451e-01 0.0000000000e+00 -2.1642532625e-01
   outer loop
     vertex 7.8807384983e-04 3.6129769752e+00 -4.9615619954e-03
     vertex 1.1903597513e-04 3.6129769752e+00 -1.9435181458e-03
     vertex 7.8807384983e-04 4.0045664100e+00 -4.9615619954e-03
   endloop
 endfacet
 facet normal  -9.7629917451e-01 1.5363305928e-19 -2.1642532625e-01
   outer loop
     vertex 7.8807384983e-04 4.0045664100e+00 -4.9615619954e-03
     vertex 1.1903597513e-04 3.6129769752e+00 -1.9435181458e-03
     vertex 1.1903597513e-04 4.0045664100e+00 -1.9435181458e-03
   endloop
 endfacet
 facet normal  -9.9812962151e-01 6.9430085405e-20 -6.1133122455e-02
   outer loop
     vertex 1.1903597513e-04 3.6129769752e+00 -1.9435181458e-03
     vertex 0.0000000000e+00 3.6129769752e+00 0.0000000000e+00
     vertex 1.1903597513e-04 4.0045664100e+00 -1.9435181458e-03
   endloop
 endfacet
 facet normal  -9.9812962151e-01 0.0000000000e+00 -6.1133122455e-02
   outer loop
     vertex 1.1903597513e-04 4.0045664100e+00 -1.9435181458e-03
     vertex 0.0000000000e+00 3.6129769752e+00 0.0000000000e+00
     vertex 0.0000000000e+00 4.0045664100e+00 0.0000000000e+00
   endloop
 endfacet
 facet normal  -9.9812962151e-01 0.0000000000e+00 6.1133122455e-02
   outer loop
     vertex 0.0000000000e+00 3.6129769752e+00 0.0000000000e+00
     vertex 1.1903597513e-04 4.0045664100e+00 1.9435181458e-03
     vertex 0.0000000000e+00 4.0045664100e+00 0.0000000000e+00
   endloop
 endfacet
 facet normal  -9.9812962151e-01 3.3852120758e-20 6.1133122455e-02
   outer loop
     vertex 0.0000000000e+00 3.6129769752e+00 0.0000000000e+00
     vertex 1.1903597513e-04 3.6129769752e+00 1.9435181458e-03
     vertex 1.1903597513e-04 4.0045664100e+00 1.9435181458e-03
   endloop
 endfacet
 facet normal  -9.7629917451e-01 3.4986195501e-19 2.1642532625e-01
   outer loop
     vertex 1.1903597513e-04 3.6129769752e+00 1.9435181458e-03
     vertex 7.8807384983e-04 4.0045664100e+00 4.9615619954e-03
     vertex 1.1903597513e-04 4.0045664100e+00 1.9435181458e-03
   endloop
 endfacet
 facet normal  -9.7629917451e-01 2.7031007271e-19 2.1642532625e-01
   outer loop
     vertex 1.1903597513e-04 3.6129769752e+00 1.9435181458e-03
     vertex 7.8807384983e-04 3.6129769752e+00 4.9615619954e-03
     vertex 7.8807384983e-04 4.0045664100e+00 4.9615619954e-03
   endloop
 endfacet
 facet normal  -9.0355742872e-01 0.0000000000e+00 4.2846700341e-01
   outer loop
     vertex 7.8807384983e-04 3.6129769752e+00 4.9615619954e-03
     vertex 2.8852305479e-03 4.0045664100e+00 9.3840764449e-03
     vertex 7.8807384983e-04 4.0045664100e+00 4.9615619954e-03
   endloop
 endfacet
 facet normal  -9.0355742872e-01 0.0000000000e+00 4.2846700341e-01
   outer loop
     vertex 7.8807384983e-04 3.6129769752e+00 4.9615619954e-03
     vertex 2.8852305479e-03 3.6129769752e+00 9.3840764449e-03
     vertex 2.8852305479e-03 4.0045664100e+00 9.3840764449e-03
   endloop
 endfacet
 facet normal  -7.6128093626e-01 0.0000000000e+00 6.4842218969e-01
   outer loop
     vertex 2.8852305479e-03 3.6129769752e+00 9.3840764449e-03
     vertex 7.8928270998e-03 4.0045664100e+00 1.5263251853e-02
     vertex 2.8852305479e-03 4.0045664100e+00 9.3840764449e-03
   endloop
 endfacet
 facet normal  -7.6128093626e-01 0.0000000000e+00 6.4842218969e-01
   outer loop
     vertex 2.8852305479e-03 3.6129769752e+00 9.3840764449e-03
     vertex 7.8928270998e-03 3.6129769752e+00 1.5263251853e-02
     vertex 7.8928270998e-03 4.0045664100e+00 1.5263251853e-02
   endloop
 endfacet
 facet normal  -5.8540728658e-01 0.0000000000e+00 8.1073935937e-01
   outer loop
     vertex 7.8928270998e-03 3.6129769752e+00 1.5263251853e-02
     vertex 1.7711394777e-02 4.0045664100e+00 2.2352905260e-02
     vertex 7.8928270998e-03 4.0045664100e+00 1.5263251853e-02
   endloop
 endfacet
 facet normal  -5.8540728658e-01 -7.1830773484e-18 8.1073935937e-01
   outer loop
     vertex 7.8928270998e-03 3.6129769752e+00 1.5263251853e-02
     vertex 1.7711394777e-02 3.6129769752e+00 2.2352905260e-02
     vertex 1.7711394777e-02 4.0045664100e+00 2.2352905260e-02
   endloop
 endfacet
 facet normal  -4.2610378432e-01 -1.1056884083e-17 9.0467428669e-01
   outer loop
     vertex 1.7711394777e-02 3.6129769752e+00 2.2352905260e-02
     vertex 3.4701656177e-02 4.0045664100e+00 3.0355359608e-02
     vertex 1.7711394777e-02 4.0045664100e+00 2.2352905260e-02
   endloop
 endfacet
 facet normal  -4.2610378432e-01 8.0153323030e-18 9.0467428669e-01
   outer loop
     vertex 1.7711394777e-02 3.6129769752e+00 2.2352905260e-02
     vertex 3.4701656177e-02 3.6129769752e+00 3.0355359608e-02
     vertex 3.4701656177e-02 4.0045664100e+00 3.0355359608e-02
   endloop
 endfacet
 facet normal  -2.9935221327e-01 9.6756443277e-18 9.5414267927e-01
   outer loop
     vertex 3.4701656177e-02 3.6129769752e+00 3.0355359608e-02
     vertex 6.2004804867e-02 4.0045664100e+00 3.8921434858e-02
     vertex 3.4701656177e-02 4.0045664100e+00 3.0355359608e-02
   endloop
 endfacet
 facet normal  -2.9935221327e-01 0.0000000000e+00 9.5414267927e-01
   outer loop
     vertex 3.4701656177e-02 3.6129769752e+00 3.0355359608e-02
     vertex 6.2004804867e-02 3.6129769752e+00 3.8921434858e-02
     vertex 6.2004804867e-02 4.0045664100e+00 3.8921434858e-02
   endloop
 endfacet
 facet normal  -2.0023240962e-01 0.0000000000e+00 9.7974842798e-01
   outer loop
     vertex 6.2004804867e-02 3.6129769752e+00 3.8921434858e-02
     vertex 1.0361138312e-01 4.0045664100e+00 4.7424623209e-02
     vertex 6.2004804867e-02 4.0045664100e+00 3.8921434858e-02
   endloop
 endfacet
 facet normal  -2.0023240962e-01 0.0000000000e+00 9.7974842798e-01
   outer loop
     vertex 6.2004804867e-02 3.6129769752e+00 3.8921434858e-02
     vertex 1.0361138312e-01 3.6129769752e+00 4.7424623209e-02
     vertex 1.0361138312e-01 4.0045664100e+00 4.7424623209e-02
   endloop
 endfacet
 facet normal  -1.2076702739e-01 0.0000000000e+00 9.9268087777e-01
   outer loop
     vertex 1.0361138312e-01 3.6129769752e+00 4.7424623209e-02
     vertex 1.6380190832e-01 4.0045664100e+00 5.4747249210e-02
     vertex 1.0361138312e-01 4.0045664100e+00 4.7424623209e-02
   endloop
 endfacet
 facet normal  -1.2076702739e-01 0.0000000000e+00 9.9268087777e-01
   outer loop
     vertex 1.0361138312e-01 3.6129769752e+00 4.7424623209e-02
     vertex 1.6380190832e-01 3.6129769752e+00 5.4747249210e-02
     vertex 1.6380190832e-01 4.0045664100e+00 5.4747249210e-02
   endloop
 endfacet
 facet normal  -5.5453819818e-02 0.0000000000e+00 9.9846125306e-01
   outer loop
     vertex 1.6380190832e-01 3.6129769752e+00 5.4747249210e-02
     vertex 2.4565152047e-01 4.0045664100e+00 5.9293117796e-02
     vertex 1.6380190832e-01 4.0045664100e+00 5.4747249210e-02
   endloop
 endfacet
 facet normal  -5.5453819818e-02 0.0000000000e+00 9.9846125306e-01
   outer loop
     vertex 1.6380190832e-01 3.6129769752e+00 5.4747249210e-02
     vertex 2.4565152047e-01 3.6129769752e+00 5.9293117796e-02
     vertex 2.4565152047e-01 4.0045664100e+00 5.9293117796e-02
   endloop
 endfacet
 facet normal  -2.0754226775e-03 0.0000000000e+00 9.9999784631e-01
   outer loop
     vertex 2.4565152047e-01 3.6129769752e+00 5.9293117796e-02
     vertex 3.4867161706e-01 4.0045664100e+00 5.9506928501e-02
     vertex 2.4565152047e-01 4.0045664100e+00 5.9293117796e-02
   endloop
 endfacet
 facet normal  -2.0754226775e-03 0.0000000000e+00 9.9999784631e-01
   outer loop
     vertex 2.4565152047e-01 3.6129769752e+00 5.9293117796e-02
     vertex 3.4867161706e-01 3.6129769752e+00 5.9506928501e-02
     vertex 3.4867161706e-01 4.0045664100e+00 5.9506928501e-02
   endloop
 endfacet
 facet normal  3.9613515037e-02 0.0000000000e+00 9.9921507666e-01
   outer loop
     vertex 3.4867161706e-01 3.6129769752e+00 5.9506928501e-02
     vertex 4.6678824105e-01 4.0045664100e+00 5.4824238287e-02
     vertex 3.4867161706e-01 4.0045664100e+00 5.9506928501e-02
   endloop
 endfacet
 facet normal  3.9613515037e-02 -0.0000000000e+00 9.9921507666e-01
   outer loop
     vertex 3.4867161706e-01 3.6129769752e+00 5.9506928501e-02
     vertex 4.6678824105e-01 3.6129769752e+00 5.4824238287e-02
     vertex 4.6678824105e-01 4.0045664100e+00 5.4824238287e-02
   endloop
 endfacet
 facet normal  7.0157790253e-02 0.0000000000e+00 9.9753590635e-01
   outer loop
     vertex 4.6678824105e-01 3.6129769752e+00 5.4824238287e-02
     vertex 5.8876378780e-01 3.6129769752e+00 4.6245564808e-02
     vertex 4.6678824105e-01 4.0045664100e+00 5.4824238287e-02
   endloop
 endfacet
 facet normal  7.0157790253e-02 -1.7676155698e-17 9.9753590635e-01
   outer loop
     vertex 4.6678824105e-01 4.0045664100e+00 5.4824238287e-02
     vertex 5.8876378780e-01 3.6129769752e+00 4.6245564808e-02
     vertex 5.8876378780e-01 4.0045664100e+00 4.6245564808e-02
   endloop
 endfacet
 facet normal  9.1463328509e-02 -1.9491274933e-17 9.9580844520e-01
   outer loop
     vertex 5.8876378780e-01 3.6129769752e+00 4.6245564808e-02
     vertex 7.0192689193e-01 3.6129769752e+00 3.5851724287e-02
     vertex 5.8876378780e-01 4.0045664100e+00 4.6245564808e-02
   endloop
 endfacet
 facet normal  9.1463328509e-02 -0.0000000000e+00 9.9580844520e-01
   outer loop
     vertex 5.8876378780e-01 4.0045664100e+00 4.6245564808e-02
     vertex 7.0192689193e-01 3.6129769752e+00 3.5851724287e-02
     vertex 7.0192689193e-01 4.0045664100e+00 3.5851724287e-02
   endloop
 endfacet
 facet normal  1.0637499606e-01 0.0000000000e+00 9.9432608344e-01
   outer loop
     vertex 7.0192689193e-01 3.6129769752e+00 3.5851724287e-02
     vertex 7.9695803833e-01 3.6129769752e+00 2.5685101897e-02
     vertex 7.0192689193e-01 4.0045664100e+00 3.5851724287e-02
   endloop
 endfacet
 facet normal  1.0637499606e-01 -0.0000000000e+00 9.9432608344e-01
   outer loop
     vertex 7.0192689193e-01 4.0045664100e+00 3.5851724287e-02
     vertex 7.9695803833e-01 3.6129769752e+00 2.5685101897e-02
     vertex 7.9695803833e-01 4.0045664100e+00 2.5685101897e-02
   endloop
 endfacet
 facet normal  1.1718870894e-01 0.0000000000e+00 9.9310966489e-01
   outer loop
     vertex 7.9695803833e-01 3.6129769752e+00 2.5685101897e-02
     vertex 8.7030448965e-01 3.6129769752e+00 1.7030090029e-02
     vertex 7.9695803833e-01 4.0045664100e+00 2.5685101897e-02
   endloop
 endfacet
 facet normal  1.1718870894e-01 -0.0000000000e+00 9.9310966489e-01
   outer loop
     vertex 7.9695803833e-01 4.0045664100e+00 2.5685101897e-02
     vertex 8.7030448965e-01 3.6129769752e+00 1.7030090029e-02
     vertex 8.7030448965e-01 4.0045664100e+00 1.7030090029e-02
   endloop
 endfacet
 facet normal  1.2513251854e-01 0.0000000000e+00 9.9214003689e-01
   outer loop
     vertex 8.7030448965e-01 3.6129769752e+00 1.7030090029e-02
     vertex 9.2331020388e-01 3.6129769752e+00 1.0344805420e-02
     vertex 8.7030448965e-01 4.0045664100e+00 1.7030090029e-02
   endloop
 endfacet
 facet normal  1.2513251854e-01 -7.0954418509e-17 9.9214003689e-01
   outer loop
     vertex 8.7030448965e-01 4.0045664100e+00 1.7030090029e-02
     vertex 9.2331020388e-01 3.6129769752e+00 1.0344805420e-02
     vertex 9.2331020388e-01 4.0045664100e+00 1.0344805420e-02
   endloop
 endfacet
 facet normal  1.3095350728e-01 -7.5178658172e-17 9.9138851059e-01
   outer loop
     vertex 9.2331020388e-01 3.6129769752e+00 1.0344805420e-02
     vertex 9.5982161505e-01 3.6129769752e+00 5.5219763305e-03
     vertex 9.2331020388e-01 4.0045664100e+00 1.0344805420e-02
   endloop
 endfacet
 facet normal  1.3095350728e-01 -0.0000000000e+00 9.9138851059e-01
   outer loop
     vertex 9.2331020388e-01 4.0045664100e+00 1.0344805420e-02
     vertex 9.5982161505e-01 3.6129769752e+00 5.5219763305e-03
     vertex 9.5982161505e-01 4.0045664100e+00 5.5219763305e-03
   endloop
 endfacet
 facet normal  1.3505987260e-01 0.0000000000e+00 9.9083743915e-01
   outer loop
     vertex 9.5982161505e-01 3.6129769752e+00 5.5219763305e-03
     vertex 9.8414844626e-01 3.6129769752e+00 2.2060149078e-03
     vertex 9.5982161505e-01 4.0045664100e+00 5.5219763305e-03
   endloop
 endfacet
 facet normal  1.3505987260e-01 -0.0000000000e+00 9.9083743915e-01
   outer loop
     vertex 9.5982161505e-01 4.0045664100e+00 5.5219763305e-03
     vertex 9.8414844626e-01 3.6129769752e+00 2.2060149078e-03
     vertex 9.8414844626e-01 4.0045664100e+00 2.2060149078e-03
   endloop
 endfacet
 facet normal  1.3783871552e-01 0.0000000000e+00 9.9045468776e-01
   outer loop
     vertex 9.8414844626e-01 3.6129769752e+00 2.2060149078e-03
     vertex 1.0000000000e+00 3.6129769752e+00 0.0000000000e+00
     vertex 9.8414844626e-01 4.0045664100e+00 2.2060149078e-03
   endloop
 endfacet
 facet normal  1.3783871552e-01 -0.0000000000e+00 9.9045468776e-01
   outer loop
     vertex 9.8414844626e-01 4.0045664100e+00 2.2060149078e-03
     vertex 1.0000000000e+00 3.6129769752e+00 0.0000000000e+00
     vertex 1.0000000000e+00 4.0045664100e+00 0.0000000000e+00
   endloop
 endfacet
 facet normal  1.3783871552e-01 0.0000000000e+00 -9.9045468776e-01
   outer loop
     vertex 1.0000000000e+00 4.0045664100e+00 0.0000000000e+00
     vertex 9.8414844626e-01 4.3133835291e+00 -2.2060149078e-03
     vertex 1.0000000000e+00 4.3133835291e+00 0.0000000000e+00
   endloop
 endfacet
 facet normal  1.3783871552e-01 0.0000000000e+00 -9.9045468776e-01
   outer loop
     vertex 1.0000000000e+00 4.0045664100e+00 0.0000000000e+00
     vertex 9.8414844626e-01 4.0045664100e+00 -2.2060149078e-03
     vertex 9.8414844626e-01 4.3133835291e+00 -2.2060149078e-03
   endloop
 endfacet
 facet normal  1.3505987260e-01 0.0000000000e+00 -9.9083743915e-01
   outer loop
     vertex 9.8414844626e-01 4.0045664100e+00 -2.2060149078e-03
     vertex 9.5982161505e-01 4.3133835291e+00 -5.5219763305e-03
     vertex 9.8414844626e-01 4.3133835291e+00 -2.2060149078e-03
   endloop
 endfacet
 facet normal  1.3505987260e-01 0.0000000000e+00 -9.9083743915e-01
   outer loop
     vertex 9.8414844626e-01 4.0045664100e+00 -2.2060149078e-03
     vertex 9.5982161505e-01 4.0045664100e+00 -5.5219763305e-03
     vertex 9.5982161505e-01 4.3133835291e+00 -5.5219763305e-03
   endloop
 endfacet
 facet normal  1.3095350728e-01 0.0000000000e+00 -9.9138851059e-01
   outer loop
     vertex 9.5982161505e-01 4.0045664100e+00 -5.5219763305e-03
     vertex 9.2331020388e-01 4.3133835291e+00 -1.0344805420e-02
     vertex 9.5982161505e-01 4.3133835291e+00 -5.5219763305e-03
   endloop
 endfacet
 facet normal  1.3095350728e-01 0.0000000000e+00 -9.9138851059e-01
   outer loop
     vertex 9.5982161505e-01 4.0045664100e+00 -5.5219763305e-03
     vertex 9.2331020388e-01 4.0045664100e+00 -1.0344805420e-02
     vertex 9.2331020388e-01 4.3133835291e+00 -1.0344805420e-02
   endloop
 endfacet
 facet normal  1.2513251854e-01 0.0000000000e+00 -9.9214003689e-01
   outer loop
     vertex 9.2331020388e-01 4.0045664100e+00 -1.0344805420e-02
     vertex 8.7030448965e-01 4.3133835291e+00 -1.7030090029e-02
     vertex 9.2331020388e-01 4.3133835291e+00 -1.0344805420e-02
   endloop
 endfacet
 facet normal  1.2513251854e-01 0.0000000000e+00 -9.9214003689e-01
   outer loop
     vertex 9.2331020388e-01 4.0045664100e+00 -1.0344805420e-02
     vertex 8.7030448965e-01 4.0045664100e+00 -1.7030090029e-02
     vertex 8.7030448965e-01 4.3133835291e+00 -1.7030090029e-02
   endloop
 endfacet
 facet normal  1.1718870894e-01 0.0000000000e+00 -9.9310966489e-01
   outer loop
     vertex 8.7030448965e-01 4.0045664100e+00 -1.7030090029e-02
     vertex 7.9695803833e-01 4.3133835291e+00 -2.5685101897e-02
     vertex 8.7030448965e-01 4.3133835291e+00 -1.7030090029e-02
   endloop
 endfacet
 facet normal  1.1718870894e-01 0.0000000000e+00 -9.9310966489e-01
   outer loop
     vertex 8.7030448965e-01 4.0045664100e+00 -1.7030090029e-02
     vertex 7.9695803833e-01 4.0045664100e+00 -2.5685101897e-02
     vertex 7.9695803833e-01 4.3133835291e+00 -2.5685101897e-02
   endloop
 endfacet
 facet normal  1.0637499606e-01 0.0000000000e+00 -9.9432608344e-01
   outer loop
     vertex 7.9695803833e-01 4.0045664100e+00 -2.5685101897e-02
     vertex 7.0192689193e-01 4.3133835291e+00 -3.5851724287e-02
     vertex 7.9695803833e-01 4.3133835291e+00 -2.5685101897e-02
   endloop
 endfacet
 facet normal  1.0637499606e-01 0.0000000000e+00 -9.9432608344e-01
   outer loop
     vertex 7.9695803833e-01 4.0045664100e+00 -2.5685101897e-02
     vertex 7.0192689193e-01 4.0045664100e+00 -3.5851724287e-02
     vertex 7.0192689193e-01 4.3133835291e+00 -3.5851724287e-02
   endloop
 endfacet
 facet normal  9.1463328509e-02 0.0000000000e+00 -9.9580844520e-01
   outer loop
     vertex 7.0192689193e-01 4.0045664100e+00 -3.5851724287e-02
     vertex 5.8876378780e-01 4.3133835291e+00 -4.6245564808e-02
     vertex 7.0192689193e-01 4.3133835291e+00 -3.5851724287e-02
   endloop
 endfacet
 facet normal  9.1463328509e-02 0.0000000000e+00 -9.9580844520e-01
   outer loop
     vertex 7.0192689193e-01 4.0045664100e+00 -3.5851724287e-02
     vertex 5.8876378780e-01 4.0045664100e+00 -4.6245564808e-02
     vertex 5.8876378780e-01 4.3133835291e+00 -4.6245564808e-02
   endloop
 endfacet
 facet normal  7.0157790253e-02 0.0000000000e+00 -9.9753590635e-01
   outer loop
     vertex 5.8876378780e-01 4.0045664100e+00 -4.6245564808e-02
     vertex 4.6678824105e-01 4.3133835291e+00 -5.4824238287e-02
     vertex 5.8876378780e-01 4.3133835291e+00 -4.6245564808e-02
   endloop
 endfacet
 facet normal  7.0157790253e-02 0.0000000000e+00 -9.9753590635e-01
   outer loop
     vertex 5.8876378780e-01 4.0045664100e+00 -4.6245564808e-02
     vertex 4.6678824105e-01 4.0045664100e+00 -5.4824238287e-02
     vertex 4.6678824105e-01 4.3133835291e+00 -5.4824238287e-02
   endloop
 endfacet
 facet normal  3.9613515037e-02 0.0000000000e+00 -9.9921507666e-01
   outer loop
     vertex 4.6678824105e-01 4.0045664100e+00 -5.4824238287e-02
     vertex 3.4867161706e-01 4.0045664100e+00 -5.9506928501e-02
     vertex 4.6678824105e-01 4.3133835291e+00 -5.4824238287e-02
   endloop
 endfacet
 facet normal  3.9613515037e-02 0.0000000000e+00 -9.9921507666e-01
   outer loop
     vertex 4.6678824105e-01 4.3133835291e+00 -5.4824238287e-02
     vertex 3.4867161706e-01 4.0045664100e+00 -5.9506928501e-02
     vertex 3.4867161706e-01 4.3133835291e+00 -5.9506928501e-02
   endloop
 endfacet
 facet normal  -2.0754226775e-03 0.0000000000e+00 -9.9999784631e-01
   outer loop
     vertex 3.4867161706e-01 4.0045664100e+00 -5.9506928501e-02
     vertex 2.4565152047e-01 4.0045664100e+00 -5.9293117796e-02
     vertex 3.4867161706e-01 4.3133835291e+00 -5.9506928501e-02
   endloop
 endfacet
 facet normal  -2.0754226775e-03 0.0000000000e+00 -9.9999784631e-01
   outer loop
     vertex 3.4867161706e-01 4.3133835291e+00 -5.9506928501e-02
     vertex 2.4565152047e-01 4.0045664100e+00 -5.9293117796e-02
     vertex 2.4565152047e-01 4.3133835291e+00 -5.9293117796e-02
   endloop
 endfacet
 facet normal  -5.5453819818e-02 0.0000000000e+00 -9.9846125306e-01
   outer loop
     vertex 2.4565152047e-01 4.0045664100e+00 -5.9293117796e-02
     vertex 1.6380190832e-01 4.0045664100e+00 -5.4747249210e-02
     vertex 2.4565152047e-01 4.3133835291e+00 -5.9293117796e-02
   endloop
 endfacet
 facet normal  -5.5453819818e-02 -2.2434691197e-17 -9.9846125306e-01
   outer loop
     vertex 2.4565152047e-01 4.3133835291e+00 -5.9293117796e-02
     vertex 1.6380190832e-01 4.0045664100e+00 -5.4747249210e-02
     vertex 1.6380190832e-01 4.3133835291e+00 -5.4747249210e-02
   endloop
 endfacet
 facet normal  -1.2076702739e-01 -2.3160632770e-17 -9.9268087777e-01
   outer loop
     vertex 1.6380190832e-01 4.0045664100e+00 -5.4747249210e-02
     vertex 1.0361138312e-01 4.0045664100e+00 -4.7424623209e-02
     vertex 1.6380190832e-01 4.3133835291e+00 -5.4747249210e-02
   endloop
 endfacet
 facet normal  -1.2076702739e-01 0.0000000000e+00 -9.9268087777e-01
   outer loop
     vertex 1.6380190832e-01 4.3133835291e+00 -5.4747249210e-02
     vertex 1.0361138312e-01 4.0045664100e+00 -4.7424623209e-02
     vertex 1.0361138312e-01 4.3133835291e+00 -4.7424623209e-02
   endloop
 endfacet
 facet normal  -2.0023240962e-01 0.0000000000e+00 -9.7974842798e-01
   outer loop
     vertex 1.0361138312e-01 4.0045664100e+00 -4.7424623209e-02
     vertex 6.2004804867e-02 4.0045664100e+00 -3.8921434858e-02
     vertex 1.0361138312e-01 4.3133835291e+00 -4.7424623209e-02
   endloop
 endfacet
 facet normal  -2.0023240962e-01 4.4990752157e-18 -9.7974842798e-01
   outer loop
     vertex 1.0361138312e-01 4.3133835291e+00 -4.7424623209e-02
     vertex 6.2004804867e-02 4.0045664100e+00 -3.8921434858e-02
     vertex 6.2004804867e-02 4.3133835291e+00 -3.8921434858e-02
   endloop
 endfacet
 facet normal  -2.9935221327e-01 6.1345046310e-18 -9.5414267927e-01
   outer loop
     vertex 6.2004804867e-02 4.0045664100e+00 -3.8921434858e-02
     vertex 3.4701656177e-02 4.0045664100e+00 -3.0355359608e-02
     vertex 6.2004804867e-02 4.3133835291e+00 -3.8921434858e-02
   endloop
 endfacet
 facet normal  -2.9935221327e-01 0.0000000000e+00 -9.5414267927e-01
   outer loop
     vertex 6.2004804867e-02 4.3133835291e+00 -3.8921434858e-02
     vertex 3.4701656177e-02 4.0045664100e+00 -3.0355359608e-02
     vertex 3.4701656177e-02 4.3133835291e+00 -3.0355359608e-02
   endloop
 endfacet
 facet normal  -4.2610378432e-01 0.0000000000e+00 -9.0467428669e-01
   outer loop
     vertex 3.4701656177e-02 4.0045664100e+00 -3.0355359608e-02
     vertex 1.7711394777e-02 4.0045664100e+00 -2.2352905260e-02
     vertex 3.4701656177e-02 4.3133835291e+00 -3.0355359608e-02
   endloop
 endfacet
 facet normal  -4.2610378432e-01 0.0000000000e+00 -9.0467428669e-01
   outer loop
     vertex 3.4701656177e-02 4.3133835291e+00 -3.0355359608e-02
     vertex 1.7711394777e-02 4.0045664100e+00 -2.2352905260e-02
     vertex 1.7711394777e-02 4.3133835291e+00 -2.2352905260e-02
   endloop
 endfacet
 facet normal  -5.8540728658e-01 0.0000000000e+00 -8.1073935937e-01
   outer loop
     vertex 1.7711394777e-02 4.0045664100e+00 -2.2352905260e-02
     vertex 7.8928270998e-03 4.0045664100e+00 -1.5263251853e-02
     vertex 1.7711394777e-02 4.3133835291e+00 -2.2352905260e-02
   endloop
 endfacet
 facet normal  -5.8540728658e-01 0.0000000000e+00 -8.1073935937e-01
   outer loop
     vertex 1.7711394777e-02 4.3133835291e+00 -2.2352905260e-02
     vertex 7.8928270998e-03 4.0045664100e+00 -1.5263251853e-02
     vertex 7.8928270998e-03 4.3133835291e+00 -1.5263251853e-02
   endloop
 endfacet
 facet normal  -7.6128093626e-01 0.0000000000e+00 -6.4842218969e-01
   outer loop
     vertex 7.8928270998e-03 4.0045664100e+00 -1.5263251853e-02
     vertex 2.8852305479e-03 4.0045664100e+00 -9.3840764449e-03
     vertex 7.8928270998e-03 4.3133835291e+00 -1.5263251853e-02
   endloop
 endfacet
 facet normal  -7.6128093626e-01 0.0000000000e+00 -6.4842218969e-01
   outer loop
     vertex 7.8928270998e-03 4.3133835291e+00 -1.5263251853e-02
     vertex 2.8852305479e-03 4.0045664100e+00 -9.3840764449e-03
     vertex 2.8852305479e-03 4.3133835291e+00 -9.3840764449e-03
   endloop
 endfacet
 facet normal  -9.0355742872e-01 0.0000000000e+00 -4.2846700341e-01
   outer loop
     vertex 2.8852305479e-03 4.0045664100e+00 -9.3840764449e-03
     vertex 7.8807384983e-04 4.0045664100e+00 -4.9615619954e-03
     vertex 2.8852305479e-03 4.3133835291e+00 -9.3840764449e-03
   endloop
 endfacet
 facet normal  -9.0355742872e-01 0.0000000000e+00 -4.2846700341e-01
   outer loop
     vertex 2.8852305479e-03 4.3133835291e+00 -9.3840764449e-03
     vertex 7.8807384983e-04 4.0045664100e+00 -4.9615619954e-03
     vertex 7.8807384983e-04 4.3133835291e+00 -4.9615619954e-03
   endloop
 endfacet
 facet normal  -9.7629917451e-01 0.0000000000e+00 -2.1642532625e-01
   outer loop
     vertex 7.8807384983e-04 4.0045664100e+00 -4.9615619954e-03
     vertex 1.1903597513e-04 4.0045664100e+00 -1.9435181458e-03
     vertex 7.8807384983e-04 4.3133835291e+00 -4.9615619954e-03
   endloop
 endfacet
 facet normal  -9.7629917451e-01 1.5196619256e-19 -2.1642532625e-01
   outer loop
     vertex 7.8807384983e-04 4.3133835291e+00 -4.9615619954e-03
     vertex 1.1903597513e-04 4.0045664100e+00 -1.9435181458e-03
     vertex 1.1903597513e-04 4.3133835291e+00 -1.9435181458e-03
   endloop
 endfacet
 facet normal  -9.9812962151e-01 4.4019722721e-20 -6.1133122455e-02
   outer loop
     vertex 1.1903597513e-04 4.0045664100e+00 -1.9435181458e-03
     vertex 0.0000000000e+00 4.0045664100e+00 0.0000000000e+00
     vertex 1.1903597513e-04 4.3133835291e+00 -1.9435181458e-03
   endloop
 endfacet
 facet normal  -9.9812962151e-01 0.0000000000e+00 -6.1133122455e-02
   outer loop
     vertex 1.1903597513e-04 4.3133835291e+00 -1.9435181458e-03
     vertex 0.0000000000e+00 4.0045664100e+00 0.0000000000e+00
     vertex 0.0000000000e+00 4.3133835291e+00 0.0000000000e+00
   endloop
 endfacet
 facet normal  -9.9812962151e-01 0.0000000000e+00 6.1133122455e-02
   outer loop
     vertex 0.0000000000e+00 4.0045664100e+00 0.0000000000e+00
     vertex 1.1903597513e-04 4.3133835291e+00 1.9435181458e-03
     vertex 0.0000000000e+00 4.3133835291e+00 0.0000000000e+00
   endloop
 endfacet
 facet normal  -9.9812962151e-01 4.3803202499e-20 6.1133122455e-02
   outer loop
     vertex 0.0000000000e+00 4.0045664100e+00 0.0000000000e+00
     vertex 1.1903597513e-04 4.0045664100e+00 1.9435181458e-03
     vertex 1.1903597513e-04 4.3133835291e+00 1.9435181458e-03
   endloop
 endfacet
 facet normal  -9.7629917451e-01 0.0000000000e+00 2.1642532625e-01
   outer loop
     vertex 1.1903597513e-04 4.0045664100e+00 1.9435181458e-03
     vertex 7.8807384983e-04 4.3133835291e+00 4.9615619954e-03
     vertex 1.1903597513e-04 4.3133835291e+00 1.9435181458e-03
   endloop
 endfacet
 facet normal  -9.7629917451e-01 2.6510343330e-19 2.1642532625e-01
   outer loop
     vertex 1.1903597513e-04 4.0045664100e+00 1.9435181458e-03
     vertex 7.8807384983e-04 4.0045664100e+00 4.9615619954e-03
     vertex 7.8807384983e-04 4.3133835291e+00 4.9615619954e-03
   endloop
 endfacet
 facet normal  -9.0355742872e-01 1.1207672512e-18 4.2846700341e-01
   outer loop
     vertex 7.8807384983e-04 4.0045664100e+00 4.9615619954e-03
     vertex 2.8852305479e-03 4.3133835291e+00 9.3840764449e-03
     vertex 7.8807384983e-04 4.3133835291e+00 4.9615619954e-03
   endloop
 endfacet
 facet normal  -9.0355742872e-01 0.0000000000e+00 4.2846700341e-01
   outer loop
     vertex 7.8807384983e-04 4.0045664100e+00 4.9615619954e-03
     vertex 2.8852305479e-03 4.0045664100e+00 9.3840764449e-03
     vertex 2.8852305479e-03 4.3133835291e+00 9.3840764449e-03
   endloop
 endfacet
 facet normal  -7.6128093626e-01 0.0000000000e+00 6.4842218969e-01
   outer loop
     vertex 2.8852305479e-03 4.0045664100e+00 9.3840764449e-03
     vertex 7.8928270998e-03 4.3133835291e+00 1.5263251853e-02
     vertex 2.8852305479e-03 4.3133835291e+00 9.3840764449e-03
   endloop
 endfacet
 facet normal  -7.6128093626e-01 0.0000000000e+00 6.4842218969e-01
   outer loop
     vertex 2.8852305479e-03 4.0045664100e+00 9.3840764449e-03
     vertex 7.8928270998e-03 4.0045664100e+00 1.5263251853e-02
     vertex 7.8928270998e-03 4.3133835291e+00 1.5263251853e-02
   endloop
 endfacet
 facet normal  -5.8540728658e-01 0.0000000000e+00 8.1073935937e-01
   outer loop
     vertex 7.8928270998e-03 4.0045664100e+00 1.5263251853e-02
     vertex 1.7711394777e-02 4.3133835291e+00 2.2352905260e-02
     vertex 7.8928270998e-03 4.3133835291e+00 1.5263251853e-02
   endloop
 endfacet
 facet normal  -5.8540728658e-01 9.1083590439e-18 8.1073935937e-01
   outer loop
     vertex 7.8928270998e-03 4.0045664100e+00 1.5263251853e-02
     vertex 1.7711394777e-02 4.0045664100e+00 2.2352905260e-02
     vertex 1.7711394777e-02 4.3133835291e+00 2.2352905260e-02
   endloop
 endfacet
 facet normal  -4.2610378432e-01 9.3469753286e-18 9.0467428669e-01
   outer loop
     vertex 1.7711394777e-02 4.0045664100e+00 2.2352905260e-02
     vertex 3.4701656177e-02 4.3133835291e+00 3.0355359608e-02
     vertex 1.7711394777e-02 4.3133835291e+00 2.2352905260e-02
   endloop
 endfacet
 facet normal  -4.2610378432e-01 -1.0163683465e-17 9.0467428669e-01
   outer loop
     vertex 1.7711394777e-02 4.0045664100e+00 2.2352905260e-02
     vertex 3.4701656177e-02 4.0045664100e+00 3.0355359608e-02
     vertex 3.4701656177e-02 4.3133835291e+00 3.0355359608e-02
   endloop
 endfacet
 facet normal  -2.9935221327e-01 -1.2269009262e-17 9.5414267927e-01
   outer loop
     vertex 3.4701656177e-02 4.0045664100e+00 3.0355359608e-02
     vertex 6.2004804867e-02 4.3133835291e+00 3.8921434858e-02
     vertex 3.4701656177e-02 4.3133835291e+00 3.0355359608e-02
   endloop
 endfacet
 facet normal  -2.9935221327e-01 0.0000000000e+00 9.5414267927e-01
   outer loop
     vertex 3.4701656177e-02 4.0045664100e+00 3.0355359608e-02
     vertex 6.2004804867e-02 4.0045664100e+00 3.8921434858e-02
     vertex 6.2004804867e-02 4.3133835291e+00 3.8921434858e-02
   endloop
 endfacet
 facet normal  -2.0023240962e-01 0.0000000000e+00 9.7974842798e-01
   outer loop
     vertex 6.2004804867e-02 4.0045664100e+00 3.8921434858e-02
     vertex 1.0361138312e-01 4.3133835291e+00 4.7424623209e-02
     vertex 6.2004804867e-02 4.3133835291e+00 3.8921434858e-02
   endloop
 endfacet
 facet normal  -2.0023240962e-01 0.0000000000e+00 9.7974842798e-01
   outer loop
     vertex 6.2004804867e-02 4.0045664100e+00 3.8921434858e-02
     vertex 1.0361138312e-01 4.0045664100e+00 4.7424623209e-02
     vertex 1.0361138312e-01 4.3133835291e+00 4.7424623209e-02
   endloop
 endfacet
 facet normal  -1.2076702739e-01 0.0000000000e+00 9.9268087777e-01
   outer loop
     vertex 1.0361138312e-01 4.0045664100e+00 4.7424623209e-02
     vertex 1.6380190832e-01 4.3133835291e+00 5.4747249210e-02
     vertex 1.0361138312e-01 4.3133835291e+00 4.7424623209e-02
   endloop
 endfacet
 facet normal  -1.2076702739e-01 0.0000000000e+00 9.9268087777e-01
   outer loop
     vertex 1.0361138312e-01 4.0045664100e+00 4.7424623209e-02
     vertex 1.6380190832e-01 4.0045664100e+00 5.4747249210e-02
     vertex 1.6380190832e-01 4.3133835291e+00 5.4747249210e-02
   endloop
 endfacet
 facet normal  -5.5453819818e-02 0.0000000000e+00 9.9846125306e-01
   outer loop
     vertex 1.6380190832e-01 4.0045664100e+00 5.4747249210e-02
     vertex 2.4565152047e-01 4.3133835291e+00 5.9293117796e-02
     vertex 1.6380190832e-01 4.3133835291e+00 5.4747249210e-02
   endloop
 endfacet
 facet normal  -5.5453819818e-02 0.0000000000e+00 9.9846125306e-01
   outer loop
     vertex 1.6380190832e-01 4.0045664100e+00 5.4747249210e-02
     vertex 2.4565152047e-01 4.0045664100e+00 5.9293117796e-02
     vertex 2.4565152047e-01 4.3133835291e+00 5.9293117796e-02
   endloop
 endfacet
 facet normal  -2.0754226775e-03 0.0000000000e+00 9.9999784631e-01
   outer loop
     vertex 2.4565152047e-01 4.0045664100e+00 5.9293117796e-02
     vertex 3.4867161706e-01 4.3133835291e+00 5.9506928501e-02
     vertex 2.4565152047e-01 4.3133835291e+00 5.9293117796e-02
   endloop
 endfacet
 facet normal  -2.0754226775e-03 -3.7306578882e-19 9.9999784631e-01
   outer loop
     vertex 2.4565152047e-01 4.0045664100e+00 5.9293117796e-02
     vertex 3.4867161706e-01 4.0045664100e+00 5.9506928501e-02
     vertex 3.4867161706e-01 4.3133835291e+00 5.9506928501e-02
   endloop
 endfacet
 facet normal  3.9613515037e-02 8.9100084015e-18 9.9921507666e-01
   outer loop
     vertex 3.4867161706e-01 4.0045664100e+00 5.9506928501e-02
     vertex 4.6678824105e-01 4.3133835291e+00 5.4824238287e-02
     vertex 3.4867161706e-01 4.3133835291e+00 5.9506928501e-02
   endloop
 endfacet
 facet normal  3.9613515037e-02 -0.0000000000e+00 9.9921507666e-01
   outer loop
     vertex 3.4867161706e-01 4.0045664100e+00 5.9506928501e-02
     vertex 4.6678824105e-01 4.0045664100e+00 5.4824238287e-02
     vertex 4.6678824105e-01 4.3133835291e+00 5.4824238287e-02
   endloop
 endfacet
 facet normal  7.0157790253e-02 0.0000000000e+00 9.9753590635e-01
   outer loop
     vertex 4.6678824105e-01 4.0045664100e+00 5.4824238287e-02
     vertex 5.8876378780e-01 4.0045664100e+00 4.6245564808e-02
     vertex 4.6678824105e-01 4.3133835291e+00 5.4824238287e-02
   endloop
 endfacet
 facet normal  7.0157790253e-02 2.2413899336e-17 9.9753590635e-01
   outer loop
     vertex 4.6678824105e-01 4.3133835291e+00 5.4824238287e-02
     vertex 5.8876378780e-01 4.0045664100e+00 4.6245564808e-02
     vertex 5.8876378780e-01 4.3133835291e+00 4.6245564808e-02
   endloop
 endfacet
 facet normal  9.1463328509e-02 2.4715525352e-17 9.9580844520e-01
   outer loop
     vertex 5.8876378780e-01 4.0045664100e+00 4.6245564808e-02
     vertex 7.0192689193e-01 4.0045664100e+00 3.5851724287e-02
     vertex 5.8876378780e-01 4.3133835291e+00 4.6245564808e-02
   endloop
 endfacet
 facet normal  9.1463328509e-02 -0.0000000000e+00 9.9580844520e-01
   outer loop
     vertex 5.8876378780e-01 4.3133835291e+00 4.6245564808e-02
     vertex 7.0192689193e-01 4.0045664100e+00 3.5851724287e-02
     vertex 7.0192689193e-01 4.3133835291e+00 3.5851724287e-02
   endloop
 endfacet
 facet normal  1.0637499606e-01 0.0000000000e+00 9.9432608344e-01
   outer loop
     vertex 7.0192689193e-01 4.0045664100e+00 3.5851724287e-02
     vertex 7.9695803833e-01 4.0045664100e+00 2.5685101897e-02
     vertex 7.0192689193e-01 4.3133835291e+00 3.5851724287e-02
   endloop
 endfacet
 facet normal  1.0637499606e-01 -0.0000000000e+00 9.9432608344e-01
   outer loop
     vertex 7.0192689193e-01 4.3133835291e+00 3.5851724287e-02
     vertex 7.9695803833e-01 4.0045664100e+00 2.5685101897e-02
     vertex 7.9695803833e-01 4.3133835291e+00 2.5685101897e-02
   endloop
 endfacet
 facet normal  1.1718870894e-01 0.0000000000e+00 9.9310966489e-01
   outer loop
     vertex 7.9695803833e-01 4.0045664100e+00 2.5685101897e-02
     vertex 8.7030448965e-01 4.0045664100e+00 1.7030090029e-02
     vertex 7.9695803833e-01 4.3133835291e+00 2.5685101897e-02
   endloop
 endfacet
 facet normal  1.1718870894e-01 -0.0000000000e+00 9.9310966489e-01
   outer loop
     vertex 7.9695803833e-01 4.3133835291e+00 2.5685101897e-02
     vertex 8.7030448965e-01 4.0045664100e+00 1.7030090029e-02
     vertex 8.7030448965e-01 4.3133835291e+00 1.7030090029e-02
   endloop
 endfacet
 facet normal  1.2513251854e-01 0.0000000000e+00 9.9214003689e-01
   outer loop
     vertex 8.7030448965e-01 4.0045664100e+00 1.7030090029e-02
     vertex 9.2331020388e-01 4.0045664100e+00 1.0344805420e-02
     vertex 8.7030448965e-01 4.3133835291e+00 1.7030090029e-02
   endloop
 endfacet
 facet normal  1.2513251854e-01 4.4986172930e-17 9.9214003689e-01
   outer loop
     vertex 8.7030448965e-01 4.3133835291e+00 1.7030090029e-02
     vertex 9.2331020388e-01 4.0045664100e+00 1.0344805420e-02
     vertex 9.2331020388e-01 4.3133835291e+00 1.0344805420e-02
   endloop
 endfacet
 facet normal  1.3095350728e-01 4.7664404673e-17 9.9138851059e-01
   outer loop
     vertex 9.2331020388e-01 4.0045664100e+00 1.0344805420e-02
     vertex 9.5982161505e-01 4.0045664100e+00 5.5219763305e-03
     vertex 9.2331020388e-01 4.3133835291e+00 1.0344805420e-02
   endloop
 endfacet
 facet normal  1.3095350728e-01 -0.0000000000e+00 9.9138851059e-01
   outer loop
     vertex 9.2331020388e-01 4.3133835291e+00 1.0344805420e-02
     vertex 9.5982161505e-01 4.0045664100e+00 5.5219763305e-03
     vertex 9.5982161505e-01 4.3133835291e+00 5.5219763305e-03
   endloop
 endfacet
 facet normal  1.3505987260e-01 0.0000000000e+00 9.9083743915e-01
   outer loop
     vertex 9.5982161505e-01 4.0045664100e+00 5.5219763305e-03
     vertex 9.8414844626e-01 4.0045664100e+00 2.2060149078e-03
     vertex 9.5982161505e-01 4.3133835291e+00 5.5219763305e-03
   endloop
 endfacet
 facet normal  1.3505987260e-01 -0.0000000000e+00 9.9083743915e-01
   outer loop
     vertex 9.5982161505e-01 4.3133835291e+00 5.5219763305e-03
     vertex 9.8414844626e-01 4.0045664100e+00 2.2060149078e-03
     vertex 9.8414844626e-01 4.3133835291e+00 2.2060149078e-03
   endloop
 endfacet
 facet normal  1.3783871552e-01 0.0000000000e+00 9.9045468776e-01
   outer loop
     vertex 9.8414844626e-01 4.0045664100e+00 2.2060149078e-03
     vertex 1.0000000000e+00 4.0045664100e+00 0.0000000000e+00
     vertex 9.8414844626e-01 4.3133835291e+00 2.2060149078e-03
   endloop
 endfacet
 facet normal  1.3783871552e-01 -0.0000000000e+00 9.9045468776e-01
   outer loop
     vertex 9.8414844626e-01 4.3133835291e+00 2.2060149078e-03
     vertex 1.0000000000e+00 4.0045664100e+00 0.0000000000e+00
     vertex 1.0000000000e+00 4.3133835291e+00 0.0000000000e+00
   endloop
 endfacet
 facet normal  1.3783871552e-01 0.0000000000e+00 -9.9045468776e-01
   outer loop
     vertex 1.0000000000e+00 4.3133835291e+00 0.0000000000e+00
     vertex 9.8414844626e-01 4.5481362137e+00 -2.2060149078e-03
     vertex 1.0000000000e+00 4.5481362137e+00 0.0000000000e+00
   endloop
 endfacet
 facet normal  1.3783871552e-01 0.0000000000e+00 -9.9045468776e-01
   outer loop
     vertex 1.0000000000e+00 4.3133835291e+00 0.0000000000e+00
     vertex 9.8414844626e-01 4.3133835291e+00 -2.2060149078e-03
     vertex 9.8414844626e-01 4.5481362137e+00 -2.2060149078e-03
   endloop
 endfacet
 facet normal  1.3505987260e-01 0.0000000000e+00 -9.9083743915e-01
   outer loop
     vertex 9.8414844626e-01 4.3133835291e+00 -2.2060149078e-03
     vertex 9.5982161505e-01 4.5481362137e+00 -5.5219763305e-03
     vertex 9.8414844626e-01 4.5481362137e+00 -2.2060149078e-03
   endloop
 endfacet
 facet normal  1.3505987260e-01 0.0000000000e+00 -9.9083743915e-01
   outer loop
     vertex 9.8414844626e-01 4.3133835291e+00 -2.2060149078e-03
     vertex 9.5982161505e-01 4.3133835291e+00 -5.5219763305e-03
     vertex 9.5982161505e-01 4.5481362137e+00 -5.5219763305e-03
   endloop
 endfacet
 facet normal  1.3095350728e-01 0.0000000000e+00 -9.9138851059e-01
   outer loop
     vertex 9.5982161505e-01 4.3133835291e+00 -5.5219763305e-03
     vertex 9.2331020388e-01 4.5481362137e+00 -1.0344805420e-02
     vertex 9.5982161505e-01 4.5481362137e+00 -5.5219763305e-03
   endloop
 endfacet
 facet normal  1.3095350728e-01 0.0000000000e+00 -9.9138851059e-01
   outer loop
     vertex 9.5982161505e-01 4.3133835291e+00 -5.5219763305e-03
     vertex 9.2331020388e-01 4.3133835291e+00 -1.0344805420e-02
     vertex 9.2331020388e-01 4.5481362137e+00 -1.0344805420e-02
   endloop
 endfacet
 facet normal  1.2513251854e-01 0.0000000000e+00 -9.9214003689e-01
   outer loop
     vertex 9.2331020388e-01 4.3133835291e+00 -1.0344805420e-02
     vertex 8.7030448965e-01 4.5481362137e+00 -1.7030090029e-02
     vertex 9.2331020388e-01 4.5481362137e+00 -1.0344805420e-02
   endloop
 endfacet
 facet normal  1.2513251854e-01 0.0000000000e+00 -9.9214003689e-01
   outer loop
     vertex 9.2331020388e-01 4.3133835291e+00 -1.0344805420e-02
     vertex 8.7030448965e-01 4.3133835291e+00 -1.7030090029e-02
     vertex 8.7030448965e-01 4.5481362137e+00 -1.7030090029e-02
   endloop
 endfacet
 facet normal  1.1718870894e-01 0.0000000000e+00 -9.9310966489e-01
   outer loop
     vertex 8.7030448965e-01 4.3133835291e+00 -1.7030090029e-02
     vertex 7.9695803833e-01 4.5481362137e+00 -2.5685101897e-02
     vertex 8.7030448965e-01 4.5481362137e+00 -1.7030090029e-02
   endloop
 endfacet
 facet normal  1.1718870894e-01 0.0000000000e+00 -9.9310966489e-01
   outer loop
     vertex 8.7030448965e-01 4.3133835291e+00 -1.7030090029e-02
     vertex 7.9695803833e-01 4.3133835291e+00 -2.5685101897e-02
     vertex 7.9695803833e-01 4.5481362137e+00 -2.5685101897e-02
   endloop
 endfacet
 facet normal  1.0637499606e-01 0.0000000000e+00 -9.9432608344e-01
   outer loop
     vertex 7.9695803833e-01 4.3133835291e+00 -2.5685101897e-02
     vertex 7.0192689193e-01 4.5481362137e+00 -3.5851724287e-02
     vertex 7.9695803833e-01 4.5481362137e+00 -2.5685101897e-02
   endloop
 endfacet
 facet normal  1.0637499606e-01 0.0000000000e+00 -9.9432608344e-01
   outer loop
     vertex 7.9695803833e-01 4.3133835291e+00 -2.5685101897e-02
     vertex 7.0192689193e-01 4.3133835291e+00 -3.5851724287e-02
     vertex 7.0192689193e-01 4.5481362137e+00 -3.5851724287e-02
   endloop
 endfacet
 facet normal  9.1463328509e-02 0.0000000000e+00 -9.9580844520e-01
   outer loop
     vertex 7.0192689193e-01 4.3133835291e+00 -3.5851724287e-02
     vertex 5.8876378780e-01 4.5481362137e+00 -4.6245564808e-02
     vertex 7.0192689193e-01 4.5481362137e+00 -3.5851724287e-02
   endloop
 endfacet
 facet normal  9.1463328509e-02 -2.9434420151e-17 -9.9580844520e-01
   outer loop
     vertex 7.0192689193e-01 4.3133835291e+00 -3.5851724287e-02
     vertex 5.8876378780e-01 4.3133835291e+00 -4.6245564808e-02
     vertex 5.8876378780e-01 4.5481362137e+00 -4.6245564808e-02
   endloop
 endfacet
 facet normal  7.0157790253e-02 -3.0216590311e-17 -9.9753590635e-01
   outer loop
     vertex 5.8876378780e-01 4.3133835291e+00 -4.6245564808e-02
     vertex 4.6678824105e-01 4.5481362137e+00 -5.4824238287e-02
     vertex 5.8876378780e-01 4.5481362137e+00 -4.6245564808e-02
   endloop
 endfacet
 facet normal  7.0157790253e-02 0.0000000000e+00 -9.9753590635e-01
   outer loop
     vertex 5.8876378780e-01 4.3133835291e+00 -4.6245564808e-02
     vertex 4.6678824105e-01 4.3133835291e+00 -5.4824238287e-02
     vertex 4.6678824105e-01 4.5481362137e+00 -5.4824238287e-02
   endloop
 endfacet
 facet normal  3.9613515037e-02 0.0000000000e+00 -9.9921507666e-01
   outer loop
     vertex 4.6678824105e-01 4.3133835291e+00 -5.4824238287e-02
     vertex 3.4867161706e-01 4.3133835291e+00 -5.9506928501e-02
     vertex 4.6678824105e-01 4.5481362137e+00 -5.4824238287e-02
   endloop
 endfacet
 facet normal  3.9613515037e-02 0.0000000000e+00 -9.9921507666e-01
   outer loop
     vertex 4.6678824105e-01 4.5481362137e+00 -5.4824238287e-02
     vertex 3.4867161706e-01 4.3133835291e+00 -5.9506928501e-02
     vertex 3.4867161706e-01 4.5481362137e+00 -5.9506928501e-02
   endloop
 endfacet
 facet normal  -2.0754226775e-03 0.0000000000e+00 -9.9999784631e-01
   outer loop
     vertex 3.4867161706e-01 4.3133835291e+00 -5.9506928501e-02
     vertex 2.4565152047e-01 4.3133835291e+00 -5.9293117796e-02
     vertex 3.4867161706e-01 4.5481362137e+00 -5.9506928501e-02
   endloop
 endfacet
 facet normal  -2.0754226775e-03 0.0000000000e+00 -9.9999784631e-01
   outer loop
     vertex 3.4867161706e-01 4.5481362137e+00 -5.9506928501e-02
     vertex 2.4565152047e-01 4.3133835291e+00 -5.9293117796e-02
     vertex 2.4565152047e-01 4.5481362137e+00 -5.9293117796e-02
   endloop
 endfacet
 facet normal  -5.5453819818e-02 0.0000000000e+00 -9.9846125306e-01
   outer loop
     vertex 2.4565152047e-01 4.3133835291e+00 -5.9293117796e-02
     vertex 1.6380190832e-01 4.3133835291e+00 -5.4747249210e-02
     vertex 2.4565152047e-01 4.5481362137e+00 -5.9293117796e-02
   endloop
 endfacet
 facet normal  -5.5453819818e-02 2.9512832682e-17 -9.9846125306e-01
   outer loop
     vertex 2.4565152047e-01 4.5481362137e+00 -5.9293117796e-02
     vertex 1.6380190832e-01 4.3133835291e+00 -5.4747249210e-02
     vertex 1.6380190832e-01 4.5481362137e+00 -5.4747249210e-02
   endloop
 endfacet
 facet normal  -1.2076702739e-01 3.0467808706e-17 -9.9268087777e-01
   outer loop
     vertex 1.6380190832e-01 4.3133835291e+00 -5.4747249210e-02
     vertex 1.0361138312e-01 4.3133835291e+00 -4.7424623209e-02
     vertex 1.6380190832e-01 4.5481362137e+00 -5.4747249210e-02
   endloop
 endfacet
 facet normal  -1.2076702739e-01 0.0000000000e+00 -9.9268087777e-01
   outer loop
     vertex 1.6380190832e-01 4.5481362137e+00 -5.4747249210e-02
     vertex 1.0361138312e-01 4.3133835291e+00 -4.7424623209e-02
     vertex 1.0361138312e-01 4.5481362137e+00 -4.7424623209e-02
   endloop
 endfacet
 facet normal  -2.0023240962e-01 0.0000000000e+00 -9.7974842798e-01
   outer loop
     vertex 1.0361138312e-01 4.3133835291e+00 -4.7424623209e-02
     vertex 6.2004804867e-02 4.3133835291e+00 -3.8921434858e-02
     vertex 1.0361138312e-01 4.5481362137e+00 -4.7424623209e-02
   endloop
 endfacet
 facet normal  -2.0023240962e-01 0.0000000000e+00 -9.7974842798e-01
   outer loop
     vertex 1.0361138312e-01 4.5481362137e+00 -4.7424623209e-02
     vertex 6.2004804867e-02 4.3133835291e+00 -3.8921434858e-02
     vertex 6.2004804867e-02 4.5481362137e+00 -3.8921434858e-02
   endloop
 endfacet
 facet normal  -2.9935221327e-01 0.0000000000e+00 -9.5414267927e-01
   outer loop
     vertex 6.2004804867e-02 4.3133835291e+00 -3.8921434858e-02
     vertex 3.4701656177e-02 4.3133835291e+00 -3.0355359608e-02
     vertex 6.2004804867e-02 4.5481362137e+00 -3.8921434858e-02
   endloop
 endfacet
 facet normal  -2.9935221327e-01 0.0000000000e+00 -9.5414267927e-01
   outer loop
     vertex 6.2004804867e-02 4.5481362137e+00 -3.8921434858e-02
     vertex 3.4701656177e-02 4.3133835291e+00 -3.0355359608e-02
     vertex 3.4701656177e-02 4.5481362137e+00 -3.0355359608e-02
   endloop
 endfacet
 facet normal  -4.2610378432e-01 0.0000000000e+00 -9.0467428669e-01
   outer loop
     vertex 3.4701656177e-02 4.3133835291e+00 -3.0355359608e-02
     vertex 1.7711394777e-02 4.3133835291e+00 -2.2352905260e-02
     vertex 3.4701656177e-02 4.5481362137e+00 -3.0355359608e-02
   endloop
 endfacet
 facet normal  -4.2610378432e-01 0.0000000000e+00 -9.0467428669e-01
   outer loop
     vertex 3.4701656177e-02 4.5481362137e+00 -3.0355359608e-02
     vertex 1.7711394777e-02 4.3133835291e+00 -2.2352905260e-02
     vertex 1.7711394777e-02 4.5481362137e+00 -2.2352905260e-02
   endloop
 endfacet
 facet normal  -5.8540728658e-01 0.0000000000e+00 -8.1073935937e-01
   outer loop
     vertex 1.7711394777e-02 4.3133835291e+00 -2.2352905260e-02
     vertex 7.8928270998e-03 4.3133835291e+00 -1.5263251853e-02
     vertex 1.7711394777e-02 4.5481362137e+00 -2.2352905260e-02
   endloop
 endfacet
 facet normal  -5.8540728658e-01 0.0000000000e+00 -8.1073935937e-01
   outer loop
     vertex 1.7711394777e-02 4.5481362137e+00 -2.2352905260e-02
     vertex 7.8928270998e-03 4.3133835291e+00 -1.5263251853e-02
     vertex 7.8928270998e-03 4.5481362137e+00 -1.5263251853e-02
   endloop
 endfacet
 facet normal  -7.6128093626e-01 0.0000000000e+00 -6.4842218969e-01
   outer loop
     vertex 7.8928270998e-03 4.3133835291e+00 -1.5263251853e-02
     vertex 2.8852305479e-03 4.3133835291e+00 -9.3840764449e-03
     vertex 7.8928270998e-03 4.5481362137e+00 -1.5263251853e-02
   endloop
 endfacet
 facet normal  -7.6128093626e-01 0.0000000000e+00 -6.4842218969e-01
   outer loop
     vertex 7.8928270998e-03 4.5481362137e+00 -1.5263251853e-02
     vertex 2.8852305479e-03 4.3133835291e+00 -9.3840764449e-03
     vertex 2.8852305479e-03 4.5481362137e+00 -9.3840764449e-03
   endloop
 endfacet
 facet normal  -9.0355742872e-01 0.0000000000e+00 -4.2846700341e-01
   outer loop
     vertex 2.8852305479e-03 4.3133835291e+00 -9.3840764449e-03
     vertex 7.8807384983e-04 4.3133835291e+00 -4.9615619954e-03
     vertex 2.8852305479e-03 4.5481362137e+00 -9.3840764449e-03
   endloop
 endfacet
 facet normal  -9.0355742872e-01 0.0000000000e+00 -4.2846700341e-01
   outer loop
     vertex 2.8852305479e-03 4.5481362137e+00 -9.3840764449e-03
     vertex 7.8807384983e-04 4.3133835291e+00 -4.9615619954e-03
     vertex 7.8807384983e-04 4.5481362137e+00 -4.9615619954e-03
   endloop
 endfacet
 facet normal  -9.7629917451e-01 0.0000000000e+00 -2.1642532625e-01
   outer loop
     vertex 7.8807384983e-04 4.3133835291e+00 -4.9615619954e-03
     vertex 1.1903597513e-04 4.3133835291e+00 -1.9435181458e-03
     vertex 7.8807384983e-04 4.5481362137e+00 -4.9615619954e-03
   endloop
 endfacet
 facet normal  -9.7629917451e-01 -1.9991150202e-19 -2.1642532625e-01
   outer loop
     vertex 7.8807384983e-04 4.5481362137e+00 -4.9615619954e-03
     vertex 1.1903597513e-04 4.3133835291e+00 -1.9435181458e-03
     vertex 1.1903597513e-04 4.5481362137e+00 -1.9435181458e-03
   endloop
 endfacet
 facet normal  -9.9812962151e-01 -5.7907938200e-20 -6.1133122455e-02
   outer loop
     vertex 1.1903597513e-04 4.3133835291e+00 -1.9435181458e-03
     vertex 0.0000000000e+00 4.3133835291e+00 0.0000000000e+00
     vertex 1.1903597513e-04 4.5481362137e+00 -1.9435181458e-03
   endloop
 endfacet
 facet normal  -9.9812962151e-01 0.0000000000e+00 -6.1133122455e-02
   outer loop
     vertex 1.1903597513e-04 4.5481362137e+00 -1.9435181458e-03
     vertex 0.0000000000e+00 4.3133835291e+00 0.0000000000e+00
     vertex 0.0000000000e+00 4.5481362137e+00 0.0000000000e+00
   endloop
 endfacet
 facet normal  -9.9812962151e-01 0.0000000000e+00 6.1133122455e-02
   outer loop
     vertex 0.0000000000e+00 4.3133835291e+00 0.0000000000e+00
     vertex 1.1903597513e-04 4.5481362137e+00 1.9435181458e-03
     vertex 0.0000000000e+00 4.5481362137e+00 0.0000000000e+00
   endloop
 endfacet
 facet normal  -9.9812962151e-01 -5.7623105883e-20 6.1133122455e-02
   outer loop
     vertex 0.0000000000e+00 4.3133835291e+00 0.0000000000e+00
     vertex 1.1903597513e-04 4.3133835291e+00 1.9435181458e-03
     vertex 1.1903597513e-04 4.5481362137e+00 1.9435181458e-03
   endloop
 endfacet
 facet normal  -9.7629917451e-01 0.0000000000e+00 2.1642532625e-01
   outer loop
     vertex 1.1903597513e-04 4.3133835291e+00 1.9435181458e-03
     vertex 7.8807384983e-04 4.5481362137e+00 4.9615619954e-03
     vertex 1.1903597513e-04 4.5481362137e+00 1.9435181458e-03
   endloop
 endfacet
 facet normal  -9.7629917451e-01 -7.9964600808e-19 2.1642532625e-01
   outer loop
     vertex 1.1903597513e-04 4.3133835291e+00 1.9435181458e-03
     vertex 7.8807384983e-04 4.3133835291e+00 4.9615619954e-03
     vertex 7.8807384983e-04 4.5481362137e+00 4.9615619954e-03
   endloop
 endfacet
 facet normal  -9.0355742872e-01 -1.4743691398e-18 4.2846700341e-01
   outer loop
     vertex 7.8807384983e-04 4.3133835291e+00 4.9615619954e-03
     vertex 2.8852305479e-03 4.5481362137e+00 9.3840764449e-03
     vertex 7.8807384983e-04 4.5481362137e+00 4.9615619954e-03
   endloop
 endfacet
 facet normal  -9.0355742872e-01 0.0000000000e+00 4.2846700341e-01
   outer loop
     vertex 7.8807384983e-04 4.3133835291e+00 4.9615619954e-03
     vertex 2.8852305479e-03 4.3133835291e+00 9.3840764449e-03
     vertex 2.8852305479e-03 4.5481362137e+00 9.3840764449e-03
   endloop
 endfacet
 facet normal  -7.6128093626e-01 0.0000000000e+00 6.4842218969e-01
   outer loop
     vertex 2.8852305479e-03 4.3133835291e+00 9.3840764449e-03
     vertex 7.8928270998e-03 4.5481362137e+00 1.5263251853e-02
     vertex 2.8852305479e-03 4.5481362137e+00 9.3840764449e-03
   endloop
 endfacet
 facet normal  -7.6128093626e-01 0.0000000000e+00 6.4842218969e-01
   outer loop
     vertex 2.8852305479e-03 4.3133835291e+00 9.3840764449e-03
     vertex 7.8928270998e-03 4.3133835291e+00 1.5263251853e-02
     vertex 7.8928270998e-03 4.5481362137e+00 1.5263251853e-02
   endloop
 endfacet
 facet normal  -5.8540728658e-01 0.0000000000e+00 8.1073935937e-01
   outer loop
     vertex 7.8928270998e-03 4.3133835291e+00 1.5263251853e-02
     vertex 1.7711394777e-02 4.5481362137e+00 2.2352905260e-02
     vertex 7.8928270998e-03 4.5481362137e+00 1.5263251853e-02
   endloop
 endfacet
 facet normal  -5.8540728658e-01 0.0000000000e+00 8.1073935937e-01
   outer loop
     vertex 7.8928270998e-03 4.3133835291e+00 1.5263251853e-02
     vertex 1.7711394777e-02 4.3133835291e+00 2.2352905260e-02
     vertex 1.7711394777e-02 4.5481362137e+00 2.2352905260e-02
   endloop
 endfacet
 facet normal  -4.2610378432e-01 0.0000000000e+00 9.0467428669e-01
   outer loop
     vertex 1.7711394777e-02 4.3133835291e+00 2.2352905260e-02
     vertex 3.4701656177e-02 4.5481362137e+00 3.0355359608e-02
     vertex 1.7711394777e-02 4.5481362137e+00 2.2352905260e-02
   endloop
 endfacet
 facet normal  -4.2610378432e-01 -1.3370323972e-17 9.0467428669e-01
   outer loop
     vertex 1.7711394777e-02 4.3133835291e+00 2.2352905260e-02
     vertex 3.4701656177e-02 4.3133835291e+00 3.0355359608e-02
     vertex 3.4701656177e-02 4.5481362137e+00 3.0355359608e-02
   endloop
 endfacet
 facet normal  -2.9935221327e-01 -1.2104909792e-17 9.5414267927e-01
   outer loop
     vertex 3.4701656177e-02 4.3133835291e+00 3.0355359608e-02
     vertex 6.2004804867e-02 4.5481362137e+00 3.8921434858e-02
     vertex 3.4701656177e-02 4.5481362137e+00 3.0355359608e-02
   endloop
 endfacet
 facet normal  -2.9935221327e-01 0.0000000000e+00 9.5414267927e-01
   outer loop
     vertex 3.4701656177e-02 4.3133835291e+00 3.0355359608e-02
     vertex 6.2004804867e-02 4.3133835291e+00 3.8921434858e-02
     vertex 6.2004804867e-02 4.5481362137e+00 3.8921434858e-02
   endloop
 endfacet
 facet normal  -2.0023240962e-01 0.0000000000e+00 9.7974842798e-01
   outer loop
     vertex 6.2004804867e-02 4.3133835291e+00 3.8921434858e-02
     vertex 1.0361138312e-01 4.5481362137e+00 4.7424623209e-02
     vertex 6.2004804867e-02 4.5481362137e+00 3.8921434858e-02
   endloop
 endfacet
 facet normal  -2.0023240962e-01 0.0000000000e+00 9.7974842798e-01
   outer loop
     vertex 6.2004804867e-02 4.3133835291e+00 3.8921434858e-02
     vertex 1.0361138312e-01 4.3133835291e+00 4.7424623209e-02
     vertex 1.0361138312e-01 4.5481362137e+00 4.7424623209e-02
   endloop
 endfacet
 facet normal  -1.2076702739e-01 0.0000000000e+00 9.9268087777e-01
   outer loop
     vertex 1.0361138312e-01 4.3133835291e+00 4.7424623209e-02
     vertex 1.6380190832e-01 4.5481362137e+00 5.4747249210e-02
     vertex 1.0361138312e-01 4.5481362137e+00 4.7424623209e-02
   endloop
 endfacet
 facet normal  -1.2076702739e-01 0.0000000000e+00 9.9268087777e-01
   outer loop
     vertex 1.0361138312e-01 4.3133835291e+00 4.7424623209e-02
     vertex 1.6380190832e-01 4.3133835291e+00 5.4747249210e-02
     vertex 1.6380190832e-01 4.5481362137e+00 5.4747249210e-02
   endloop
 endfacet
 facet normal  -5.5453819818e-02 0.0000000000e+00 9.9846125306e-01
   outer loop
     vertex 1.6380190832e-01 4.3133835291e+00 5.4747249210e-02
     vertex 2.4565152047e-01 4.5481362137e+00 5.9293117796e-02
     vertex 1.6380190832e-01 4.5481362137e+00 5.4747249210e-02
   endloop
 endfacet
 facet normal  -5.5453819818e-02 0.0000000000e+00 9.9846125306e-01
   outer loop
     vertex 1.6380190832e-01 4.3133835291e+00 5.4747249210e-02
     vertex 2.4565152047e-01 4.3133835291e+00 5.9293117796e-02
     vertex 2.4565152047e-01 4.5481362137e+00 5.9293117796e-02
   endloop
 endfacet
 facet normal  -2.0754226775e-03 0.0000000000e+00 9.9999784631e-01
   outer loop
     vertex 2.4565152047e-01 4.3133835291e+00 5.9293117796e-02
     vertex 3.4867161706e-01 4.5481362137e+00 5.9506928501e-02
     vertex 2.4565152047e-01 4.5481362137e+00 5.9293117796e-02
   endloop
 endfacet
 facet normal  -2.0754226775e-03 4.9076798554e-19 9.9999784631e-01
   outer loop
     vertex 2.4565152047e-01 4.3133835291e+00 5.9293117796e-02
     vertex 3.4867161706e-01 4.3133835291e+00 5.9506928501e-02
     vertex 3.4867161706e-01 4.5481362137e+00 5.9506928501e-02
   endloop
 endfacet
 facet normal  3.9613515037e-02 -1.1721114627e-17 9.9921507666e-01
   outer loop
     vertex 3.4867161706e-01 4.3133835291e+00 5.9506928501e-02
     vertex 4.6678824105e-01 4.5481362137e+00 5.4824238287e-02
     vertex 3.4867161706e-01 4.5481362137e+00 5.9506928501e-02
   endloop
 endfacet
 facet normal  3.9613515037e-02 -0.0000000000e+00 9.9921507666e-01
   outer loop
     vertex 3.4867161706e-01 4.3133835291e+00 5.9506928501e-02
     vertex 4.6678824105e-01 4.3133835291e+00 5.4824238287e-02
     vertex 4.6678824105e-01 4.5481362137e+00 5.4824238287e-02
   endloop
 endfacet
 facet normal  7.0157790253e-02 0.0000000000e+00 9.9753590635e-01
   outer loop
     vertex 4.6678824105e-01 4.3133835291e+00 5.4824238287e-02
     vertex 5.8876378780e-01 4.3133835291e+00 4.6245564808e-02
     vertex 4.6678824105e-01 4.5481362137e+00 5.4824238287e-02
   endloop
 endfacet
 facet normal  7.0157790253e-02 -0.0000000000e+00 9.9753590635e-01
   outer loop
     vertex 4.6678824105e-01 4.5481362137e+00 5.4824238287e-02
     vertex 5.8876378780e-01 4.3133835291e+00 4.6245564808e-02
     vertex 5.8876378780e-01 4.5481362137e+00 4.6245564808e-02
   endloop
 endfacet
 facet normal  9.1463328509e-02 0.0000000000e+00 9.9580844520e-01
   outer loop
     vertex 5.8876378780e-01 4.3133835291e+00 4.6245564808e-02
     vertex 7.0192689193e-01 4.3133835291e+00 3.5851724287e-02
     vertex 5.8876378780e-01 4.5481362137e+00 4.6245564808e-02
   endloop
 endfacet
 facet normal  9.1463328509e-02 -0.0000000000e+00 9.9580844520e-01
   outer loop
     vertex 5.8876378780e-01 4.5481362137e+00 4.6245564808e-02
     vertex 7.0192689193e-01 4.3133835291e+00 3.5851724287e-02
     vertex 7.0192689193e-01 4.5481362137e+00 3.5851724287e-02
   endloop
 endfacet
 facet normal  1.0637499606e-01 0.0000000000e+00 9.9432608344e-01
   outer loop
     vertex 7.0192689193e-01 4.3133835291e+00 3.5851724287e-02
     vertex 7.9695803833e-01 4.3133835291e+00 2.5685101897e-02
     vertex 7.0192689193e-01 4.5481362137e+00 3.5851724287e-02
   endloop
 endfacet
 facet normal  1.0637499606e-01 -0.0000000000e+00 9.9432608344e-01
   outer loop
     vertex 7.0192689193e-01 4.5481362137e+00 3.5851724287e-02
     vertex 7.9695803833e-01 4.3133835291e+00 2.5685101897e-02
     vertex 7.9695803833e-01 4.5481362137e+00 2.5685101897e-02
   endloop
 endfacet
 facet normal  1.1718870894e-01 0.0000000000e+00 9.9310966489e-01
   outer loop
     vertex 7.9695803833e-01 4.3133835291e+00 2.5685101897e-02
     vertex 8.7030448965e-01 4.3133835291e+00 1.7030090029e-02
     vertex 7.9695803833e-01 4.5481362137e+00 2.5685101897e-02
   endloop
 endfacet
 facet normal  1.1718870894e-01 -0.0000000000e+00 9.9310966489e-01
   outer loop
     vertex 7.9695803833e-01 4.5481362137e+00 2.5685101897e-02
     vertex 8.7030448965e-01 4.3133835291e+00 1.7030090029e-02
     vertex 8.7030448965e-01 4.5481362137e+00 1.7030090029e-02
   endloop
 endfacet
 facet normal  1.2513251854e-01 0.0000000000e+00 9.9214003689e-01
   outer loop
     vertex 8.7030448965e-01 4.3133835291e+00 1.7030090029e-02
     vertex 9.2331020388e-01 4.3133835291e+00 1.0344805420e-02
     vertex 8.7030448965e-01 4.5481362137e+00 1.7030090029e-02
   endloop
 endfacet
 facet normal  1.2513251854e-01 -0.0000000000e+00 9.9214003689e-01
   outer loop
     vertex 8.7030448965e-01 4.5481362137e+00 1.7030090029e-02
     vertex 9.2331020388e-01 4.3133835291e+00 1.0344805420e-02
     vertex 9.2331020388e-01 4.5481362137e+00 1.0344805420e-02
   endloop
 endfacet
 facet normal  1.3095350728e-01 0.0000000000e+00 9.9138851059e-01
   outer loop
     vertex 9.2331020388e-01 4.3133835291e+00 1.0344805420e-02
     vertex 9.5982161505e-01 4.3133835291e+00 5.5219763305e-03
     vertex 9.2331020388e-01 4.5481362137e+00 1.0344805420e-02
   endloop
 endfacet
 facet normal  1.3095350728e-01 -0.0000000000e+00 9.9138851059e-01
   outer loop
     vertex 9.2331020388e-01 4.5481362137e+00 1.0344805420e-02
     vertex 9.5982161505e-01 4.3133835291e+00 5.5219763305e-03
     vertex 9.5982161505e-01 4.5481362137e+00 5.5219763305e-03
   endloop
 endfacet
 facet normal  1.3505987260e-01 0.0000000000e+00 9.9083743915e-01
   outer loop
     vertex 9.5982161505e-01 4.3133835291e+00 5.5219763305e-03
     vertex 9.8414844626e-01 4.3133835291e+00 2.2060149078e-03
     vertex 9.5982161505e-01 4.5481362137e+00 5.5219763305e-03
   endloop
 endfacet
 facet normal  1.3505987260e-01 -0.0000000000e+00 9.9083743915e-01
   outer loop
     vertex 9.5982161505e-01 4.5481362137e+00 5.5219763305e-03
     vertex 9.8414844626e-01 4.3133835291e+00 2.2060149078e-03
     vertex 9.8414844626e-01 4.5481362137e+00 2.2060149078e-03
   endloop
 endfacet
 facet normal  1.3783871552e-01 0.0000000000e+00 9.9045468776e-01
   outer loop
     vertex 9.8414844626e-01 4.3133835291e+00 2.2060149078e-03
     vertex 1.0000000000e+00 4.3133835291e+00 0.0000000000e+00
     vertex 9.8414844626e-01 4.5481362137e+00 2.2060149078e-03
   endloop
 endfacet
 facet normal  1.3783871552e-01 -0.0000000000e+00 9.9045468776e-01
   outer loop
     vertex 9.8414844626e-01 4.5481362137e+00 2.2060149078e-03
     vertex 1.0000000000e+00 4.3133835291e+00 0.0000000000e+00
     vertex 1.0000000000e+00 4.5481362137e+00 0.0000000000e+00
   endloop
 endfacet
 facet normal  1.3783871552e-01 0.0000000000e+00 -9.9045468776e-01
   outer loop
     vertex 1.0000000000e+00 4.5481362137e+00 0.0000000000e+00
     vertex 9.8414844626e-01 4.7216497867e+00 -2.2060149078e-03
     vertex 1.0000000000e+00 4.7216497867e+00 0.0000000000e+00
   endloop
 endfacet
 facet normal  1.3783871552e-01 0.0000000000e+00 -9.9045468776e-01
   outer loop
     vertex 1.0000000000e+00 4.5481362137e+00 0.0000000000e+00
     vertex 9.8414844626e-01 4.5481362137e+00 -2.2060149078e-03
     vertex 9.8414844626e-01 4.7216497867e+00 -2.2060149078e-03
   endloop
 endfacet
 facet normal  1.3505987260e-01 0.0000000000e+00 -9.9083743915e-01
   outer loop
     vertex 9.8414844626e-01 4.5481362137e+00 -2.2060149078e-03
     vertex 9.5982161505e-01 4.7216497867e+00 -5.5219763305e-03
     vertex 9.8414844626e-01 4.7216497867e+00 -2.2060149078e-03
   endloop
 endfacet
 facet normal  1.3505987260e-01 0.0000000000e+00 -9.9083743915e-01
   outer loop
     vertex 9.8414844626e-01 4.5481362137e+00 -2.2060149078e-03
     vertex 9.5982161505e-01 4.5481362137e+00 -5.5219763305e-03
     vertex 9.5982161505e-01 4.7216497867e+00 -5.5219763305e-03
   endloop
 endfacet
 facet normal  1.3095350728e-01 0.0000000000e+00 -9.9138851059e-01
   outer loop
     vertex 9.5982161505e-01 4.5481362137e+00 -5.5219763305e-03
     vertex 9.2331020388e-01 4.7216497867e+00 -1.0344805420e-02
     vertex 9.5982161505e-01 4.7216497867e+00 -5.5219763305e-03
   endloop
 endfacet
 facet normal  1.3095350728e-01 0.0000000000e+00 -9.9138851059e-01
   outer loop
     vertex 9.5982161505e-01 4.5481362137e+00 -5.5219763305e-03
     vertex 9.2331020388e-01 4.5481362137e+00 -1.0344805420e-02
     vertex 9.2331020388e-01 4.7216497867e+00 -1.0344805420e-02
   endloop
 endfacet
 facet normal  1.2513251854e-01 0.0000000000e+00 -9.9214003689e-01
   outer loop
     vertex 9.2331020388e-01 4.5481362137e+00 -1.0344805420e-02
     vertex 8.7030448965e-01 4.7216497867e+00 -1.7030090029e-02
     vertex 9.2331020388e-01 4.7216497867e+00 -1.0344805420e-02
   endloop
 endfacet
 facet normal  1.2513251854e-01 0.0000000000e+00 -9.9214003689e-01
   outer loop
     vertex 9.2331020388e-01 4.5481362137e+00 -1.0344805420e-02
     vertex 8.7030448965e-01 4.5481362137e+00 -1.7030090029e-02
     vertex 8.7030448965e-01 4.7216497867e+00 -1.7030090029e-02
   endloop
 endfacet
 facet normal  1.1718870894e-01 0.0000000000e+00 -9.9310966489e-01
   outer loop
     vertex 8.7030448965e-01 4.5481362137e+00 -1.7030090029e-02
     vertex 7.9695803833e-01 4.7216497867e+00 -2.5685101897e-02
     vertex 8.7030448965e-01 4.7216497867e+00 -1.7030090029e-02
   endloop
 endfacet
 facet normal  1.1718870894e-01 0.0000000000e+00 -9.9310966489e-01
   outer loop
     vertex 8.7030448965e-01 4.5481362137e+00 -1.7030090029e-02
     vertex 7.9695803833e-01 4.5481362137e+00 -2.5685101897e-02
     vertex 7.9695803833e-01 4.7216497867e+00 -2.5685101897e-02
   endloop
 endfacet
 facet normal  1.0637499606e-01 0.0000000000e+00 -9.9432608344e-01
   outer loop
     vertex 7.9695803833e-01 4.5481362137e+00 -2.5685101897e-02
     vertex 7.0192689193e-01 4.7216497867e+00 -3.5851724287e-02
     vertex 7.9695803833e-01 4.7216497867e+00 -2.5685101897e-02
   endloop
 endfacet
 facet normal  1.0637499606e-01 0.0000000000e+00 -9.9432608344e-01
   outer loop
     vertex 7.9695803833e-01 4.5481362137e+00 -2.5685101897e-02
     vertex 7.0192689193e-01 4.5481362137e+00 -3.5851724287e-02
     vertex 7.0192689193e-01 4.7216497867e+00 -3.5851724287e-02
   endloop
 endfacet
 facet normal  9.1463328509e-02 0.0000000000e+00 -9.9580844520e-01
   outer loop
     vertex 7.0192689193e-01 4.5481362137e+00 -3.5851724287e-02
     vertex 5.8876378780e-01 4.7216497867e+00 -4.6245564808e-02
     vertex 7.0192689193e-01 4.7216497867e+00 -3.5851724287e-02
   endloop
 endfacet
 facet normal  9.1463328509e-02 3.9822873973e-17 -9.9580844520e-01
   outer loop
     vertex 7.0192689193e-01 4.5481362137e+00 -3.5851724287e-02
     vertex 5.8876378780e-01 4.5481362137e+00 -4.6245564808e-02
     vertex 5.8876378780e-01 4.7216497867e+00 -4.6245564808e-02
   endloop
 endfacet
 facet normal  7.0157790253e-02 4.0881099804e-17 -9.9753590635e-01
   outer loop
     vertex 5.8876378780e-01 4.5481362137e+00 -4.6245564808e-02
     vertex 4.6678824105e-01 4.7216497867e+00 -5.4824238287e-02
     vertex 5.8876378780e-01 4.7216497867e+00 -4.6245564808e-02
   endloop
 endfacet
 facet normal  7.0157790253e-02 0.0000000000e+00 -9.9753590635e-01
   outer loop
     vertex 5.8876378780e-01 4.5481362137e+00 -4.6245564808e-02
     vertex 4.6678824105e-01 4.5481362137e+00 -5.4824238287e-02
     vertex 4.6678824105e-01 4.7216497867e+00 -5.4824238287e-02
   endloop
 endfacet
 facet normal  3.9613515037e-02 0.0000000000e+00 -9.9921507666e-01
   outer loop
     vertex 4.6678824105e-01 4.5481362137e+00 -5.4824238287e-02
     vertex 3.4867161706e-01 4.5481362137e+00 -5.9506928501e-02
     vertex 4.6678824105e-01 4.7216497867e+00 -5.4824238287e-02
   endloop
 endfacet
 facet normal  3.9613515037e-02 0.0000000000e+00 -9.9921507666e-01
   outer loop
     vertex 4.6678824105e-01 4.7216497867e+00 -5.4824238287e-02
     vertex 3.4867161706e-01 4.5481362137e+00 -5.9506928501e-02
     vertex 3.4867161706e-01 4.7216497867e+00 -5.9506928501e-02
   endloop
 endfacet
 facet normal  -2.0754226775e-03 0.0000000000e+00 -9.9999784631e-01
   outer loop
     vertex 3.4867161706e-01 4.5481362137e+00 -5.9506928501e-02
     vertex 2.4565152047e-01 4.5481362137e+00 -5.9293117796e-02
     vertex 3.4867161706e-01 4.7216497867e+00 -5.9506928501e-02
   endloop
 endfacet
 facet normal  -2.0754226775e-03 0.0000000000e+00 -9.9999784631e-01
   outer loop
     vertex 3.4867161706e-01 4.7216497867e+00 -5.9506928501e-02
     vertex 2.4565152047e-01 4.5481362137e+00 -5.9293117796e-02
     vertex 2.4565152047e-01 4.7216497867e+00 -5.9293117796e-02
   endloop
 endfacet
 facet normal  -5.5453819818e-02 0.0000000000e+00 -9.9846125306e-01
   outer loop
     vertex 2.4565152047e-01 4.5481362137e+00 -5.9293117796e-02
     vertex 1.6380190832e-01 4.5481362137e+00 -5.4747249210e-02
     vertex 2.4565152047e-01 4.7216497867e+00 -5.9293117796e-02
   endloop
 endfacet
 facet normal  -5.5453819818e-02 0.0000000000e+00 -9.9846125306e-01
   outer loop
     vertex 2.4565152047e-01 4.7216497867e+00 -5.9293117796e-02
     vertex 1.6380190832e-01 4.5481362137e+00 -5.4747249210e-02
     vertex 1.6380190832e-01 4.7216497867e+00 -5.4747249210e-02
   endloop
 endfacet
 facet normal  -1.2076702739e-01 0.0000000000e+00 -9.9268087777e-01
   outer loop
     vertex 1.6380190832e-01 4.5481362137e+00 -5.4747249210e-02
     vertex 1.0361138312e-01 4.5481362137e+00 -4.7424623209e-02
     vertex 1.6380190832e-01 4.7216497867e+00 -5.4747249210e-02
   endloop
 endfacet
 facet normal  -1.2076702739e-01 0.0000000000e+00 -9.9268087777e-01
   outer loop
     vertex 1.6380190832e-01 4.7216497867e+00 -5.4747249210e-02
     vertex 1.0361138312e-01 4.5481362137e+00 -4.7424623209e-02
     vertex 1.0361138312e-01 4.7216497867e+00 -4.7424623209e-02
   endloop
 endfacet
 facet normal  -2.0023240962e-01 0.0000000000e+00 -9.7974842798e-01
   outer loop
     vertex 1.0361138312e-01 4.5481362137e+00 -4.7424623209e-02
     vertex 6.2004804867e-02 4.5481362137e+00 -3.8921434858e-02
     vertex 1.0361138312e-01 4.7216497867e+00 -4.7424623209e-02
   endloop
 endfacet
 facet normal  -2.0023240962e-01 0.0000000000e+00 -9.7974842798e-01
   outer loop
     vertex 1.0361138312e-01 4.7216497867e+00 -4.7424623209e-02
     vertex 6.2004804867e-02 4.5481362137e+00 -3.8921434858e-02
     vertex 6.2004804867e-02 4.7216497867e+00 -3.8921434858e-02
   endloop
 endfacet
 facet normal  -2.9935221327e-01 0.0000000000e+00 -9.5414267927e-01
   outer loop
     vertex 6.2004804867e-02 4.5481362137e+00 -3.8921434858e-02
     vertex 3.4701656177e-02 4.5481362137e+00 -3.0355359608e-02
     vertex 6.2004804867e-02 4.7216497867e+00 -3.8921434858e-02
   endloop
 endfacet
 facet normal  -2.9935221327e-01 0.0000000000e+00 -9.5414267927e-01
   outer loop
     vertex 6.2004804867e-02 4.7216497867e+00 -3.8921434858e-02
     vertex 3.4701656177e-02 4.5481362137e+00 -3.0355359608e-02
     vertex 3.4701656177e-02 4.7216497867e+00 -3.0355359608e-02
   endloop
 endfacet
 facet normal  -4.2610378432e-01 0.0000000000e+00 -9.0467428669e-01
   outer loop
     vertex 3.4701656177e-02 4.5481362137e+00 -3.0355359608e-02
     vertex 1.7711394777e-02 4.5481362137e+00 -2.2352905260e-02
     vertex 3.4701656177e-02 4.7216497867e+00 -3.0355359608e-02
   endloop
 endfacet
 facet normal  -4.2610378432e-01 0.0000000000e+00 -9.0467428669e-01
   outer loop
     vertex 3.4701656177e-02 4.7216497867e+00 -3.0355359608e-02
     vertex 1.7711394777e-02 4.5481362137e+00 -2.2352905260e-02
     vertex 1.7711394777e-02 4.7216497867e+00 -2.2352905260e-02
   endloop
 endfacet
 facet normal  -5.8540728658e-01 0.0000000000e+00 -8.1073935937e-01
   outer loop
     vertex 1.7711394777e-02 4.5481362137e+00 -2.2352905260e-02
     vertex 7.8928270998e-03 4.5481362137e+00 -1.5263251853e-02
     vertex 1.7711394777e-02 4.7216497867e+00 -2.2352905260e-02
   endloop
 endfacet
 facet normal  -5.8540728658e-01 0.0000000000e+00 -8.1073935937e-01
   outer loop
     vertex 1.7711394777e-02 4.7216497867e+00 -2.2352905260e-02
     vertex 7.8928270998e-03 4.5481362137e+00 -1.5263251853e-02
     vertex 7.8928270998e-03 4.7216497867e+00 -1.5263251853e-02
   endloop
 endfacet
 facet normal  -7.6128093626e-01 0.0000000000e+00 -6.4842218969e-01
   outer loop
     vertex 7.8928270998e-03 4.5481362137e+00 -1.5263251853e-02
     vertex 2.8852305479e-03 4.5481362137e+00 -9.3840764449e-03
     vertex 7.8928270998e-03 4.7216497867e+00 -1.5263251853e-02
   endloop
 endfacet
 facet normal  -7.6128093626e-01 0.0000000000e+00 -6.4842218969e-01
   outer loop
     vertex 7.8928270998e-03 4.7216497867e+00 -1.5263251853e-02
     vertex 2.8852305479e-03 4.5481362137e+00 -9.3840764449e-03
     vertex 2.8852305479e-03 4.7216497867e+00 -9.3840764449e-03
   endloop
 endfacet
 facet normal  -9.0355742872e-01 0.0000000000e+00 -4.2846700341e-01
   outer loop
     vertex 2.8852305479e-03 4.5481362137e+00 -9.3840764449e-03
     vertex 7.8807384983e-04 4.5481362137e+00 -4.9615619954e-03
     vertex 2.8852305479e-03 4.7216497867e+00 -9.3840764449e-03
   endloop
 endfacet
 facet normal  -9.0355742872e-01 0.0000000000e+00 -4.2846700341e-01
   outer loop
     vertex 2.8852305479e-03 4.7216497867e+00 -9.3840764449e-03
     vertex 7.8807384983e-04 4.5481362137e+00 -4.9615619954e-03
     vertex 7.8807384983e-04 4.7216497867e+00 -4.9615619954e-03
   endloop
 endfacet
 facet normal  -9.7629917451e-01 0.0000000000e+00 -2.1642532625e-01
   outer loop
     vertex 7.8807384983e-04 4.5481362137e+00 -4.9615619954e-03
     vertex 1.1903597513e-04 4.5481362137e+00 -1.9435181458e-03
     vertex 7.8807384983e-04 4.7216497867e+00 -4.9615619954e-03
   endloop
 endfacet
 facet normal  -9.7629917451e-01 0.0000000000e+00 -2.1642532625e-01
   outer loop
     vertex 7.8807384983e-04 4.7216497867e+00 -4.9615619954e-03
     vertex 1.1903597513e-04 4.5481362137e+00 -1.9435181458e-03
     vertex 1.1903597513e-04 4.7216497867e+00 -1.9435181458e-03
   endloop
 endfacet
 facet normal  -9.9812962151e-01 0.0000000000e+00 -6.1133122455e-02
   outer loop
     vertex 1.1903597513e-04 4.5481362137e+00 -1.9435181458e-03
     vertex 0.0000000000e+00 4.5481362137e+00 0.0000000000e+00
     vertex 1.1903597513e-04 4.7216497867e+00 -1.9435181458e-03
   endloop
 endfacet
 facet normal  -9.9812962151e-01 0.0000000000e+00 -6.1133122455e-02
   outer loop
     vertex 1.1903597513e-04 4.7216497867e+00 -1.9435181458e-03
     vertex 0.0000000000e+00 4.5481362137e+00 0.0000000000e+00
     vertex 0.0000000000e+00 4.7216497867e+00 0.0000000000e+00
   endloop
 endfacet
 facet normal  -9.9812962151e-01 0.0000000000e+00 6.1133122455e-02
   outer loop
     vertex 0.0000000000e+00 4.5481362137e+00 0.0000000000e+00
     vertex 1.1903597513e-04 4.7216497867e+00 1.9435181458e-03
     vertex 0.0000000000e+00 4.7216497867e+00 0.0000000000e+00
   endloop
 endfacet
 facet normal  -9.9812962151e-01 0.0000000000e+00 6.1133122455e-02
   outer loop
     vertex 0.0000000000e+00 4.5481362137e+00 0.0000000000e+00
     vertex 1.1903597513e-04 4.5481362137e+00 1.9435181458e-03
     vertex 1.1903597513e-04 4.7216497867e+00 1.9435181458e-03
   endloop
 endfacet
 facet normal  -9.7629917451e-01 0.0000000000e+00 2.1642532625e-01
   outer loop
     vertex 1.1903597513e-04 4.5481362137e+00 1.9435181458e-03
     vertex 7.8807384983e-04 4.7216497867e+00 4.9615619954e-03
     vertex 1.1903597513e-04 4.7216497867e+00 1.9435181458e-03
   endloop
 endfacet
 facet normal  -9.7629917451e-01 0.0000000000e+00 2.1642532625e-01
   outer loop
     vertex 1.1903597513e-04 4.5481362137e+00 1.9435181458e-03
     vertex 7.8807384983e-04 4.5481362137e+00 4.9615619954e-03
     vertex 7.8807384983e-04 4.7216497867e+00 4.9615619954e-03
   endloop
 endfacet
 facet normal  -9.0355742872e-01 0.0000000000e+00 4.2846700341e-01
   outer loop
     vertex 7.8807384983e-04 4.5481362137e+00 4.9615619954e-03
     vertex 2.8852305479e-03 4.7216497867e+00 9.3840764449e-03
     vertex 7.8807384983e-04 4.7216497867e+00 4.9615619954e-03
   endloop
 endfacet
 facet normal  -9.0355742872e-01 0.0000000000e+00 4.2846700341e-01
   outer loop
     vertex 7.8807384983e-04 4.5481362137e+00 4.9615619954e-03
     vertex 2.8852305479e-03 4.5481362137e+00 9.3840764449e-03
     vertex 2.8852305479e-03 4.7216497867e+00 9.3840764449e-03
   endloop
 endfacet
 facet normal  -7.6128093626e-01 0.0000000000e+00 6.4842218969e-01
   outer loop
     vertex 2.8852305479e-03 4.5481362137e+00 9.3840764449e-03
     vertex 7.8928270998e-03 4.7216497867e+00 1.5263251853e-02
     vertex 2.8852305479e-03 4.7216497867e+00 9.3840764449e-03
   endloop
 endfacet
 facet normal  -7.6128093626e-01 0.0000000000e+00 6.4842218969e-01
   outer loop
     vertex 2.8852305479e-03 4.5481362137e+00 9.3840764449e-03
     vertex 7.8928270998e-03 4.5481362137e+00 1.5263251853e-02
     vertex 7.8928270998e-03 4.7216497867e+00 1.5263251853e-02
   endloop
 endfacet
 facet normal  -5.8540728658e-01 0.0000000000e+00 8.1073935937e-01
   outer loop
     vertex 7.8928270998e-03 4.5481362137e+00 1.5263251853e-02
     vertex 1.7711394777e-02 4.7216497867e+00 2.2352905260e-02
     vertex 7.8928270998e-03 4.7216497867e+00 1.5263251853e-02
   endloop
 endfacet
 facet normal  -5.8540728658e-01 0.0000000000e+00 8.1073935937e-01
   outer loop
     vertex 7.8928270998e-03 4.5481362137e+00 1.5263251853e-02
     vertex 1.7711394777e-02 4.5481362137e+00 2.2352905260e-02
     vertex 1.7711394777e-02 4.7216497867e+00 2.2352905260e-02
   endloop
 endfacet
 facet normal  -4.2610378432e-01 0.0000000000e+00 9.0467428669e-01
   outer loop
     vertex 1.7711394777e-02 4.5481362137e+00 2.2352905260e-02
     vertex 3.4701656177e-02 4.7216497867e+00 3.0355359608e-02
     vertex 1.7711394777e-02 4.7216497867e+00 2.2352905260e-02
   endloop
 endfacet
 facet normal  -4.2610378432e-01 1.8089186871e-17 9.0467428669e-01
   outer loop
     vertex 1.7711394777e-02 4.5481362137e+00 2.2352905260e-02
     vertex 3.4701656177e-02 4.5481362137e+00 3.0355359608e-02
     vertex 3.4701656177e-02 4.7216497867e+00 3.0355359608e-02
   endloop
 endfacet
 facet normal  -2.9935221327e-01 1.6377163016e-17 9.5414267927e-01
   outer loop
     vertex 3.4701656177e-02 4.5481362137e+00 3.0355359608e-02
     vertex 6.2004804867e-02 4.7216497867e+00 3.8921434858e-02
     vertex 3.4701656177e-02 4.7216497867e+00 3.0355359608e-02
   endloop
 endfacet
 facet normal  -2.9935221327e-01 0.0000000000e+00 9.5414267927e-01
   outer loop
     vertex 3.4701656177e-02 4.5481362137e+00 3.0355359608e-02
     vertex 6.2004804867e-02 4.5481362137e+00 3.8921434858e-02
     vertex 6.2004804867e-02 4.7216497867e+00 3.8921434858e-02
   endloop
 endfacet
 facet normal  -2.0023240962e-01 0.0000000000e+00 9.7974842798e-01
   outer loop
     vertex 6.2004804867e-02 4.5481362137e+00 3.8921434858e-02
     vertex 1.0361138312e-01 4.7216497867e+00 4.7424623209e-02
     vertex 6.2004804867e-02 4.7216497867e+00 3.8921434858e-02
   endloop
 endfacet
 facet normal  -2.0023240962e-01 0.0000000000e+00 9.7974842798e-01
   outer loop
     vertex 6.2004804867e-02 4.5481362137e+00 3.8921434858e-02
     vertex 1.0361138312e-01 4.5481362137e+00 4.7424623209e-02
     vertex 1.0361138312e-01 4.7216497867e+00 4.7424623209e-02
   endloop
 endfacet
 facet normal  -1.2076702739e-01 0.0000000000e+00 9.9268087777e-01
   outer loop
     vertex 1.0361138312e-01 4.5481362137e+00 4.7424623209e-02
     vertex 1.6380190832e-01 4.7216497867e+00 5.4747249210e-02
     vertex 1.0361138312e-01 4.7216497867e+00 4.7424623209e-02
   endloop
 endfacet
 facet normal  -1.2076702739e-01 0.0000000000e+00 9.9268087777e-01
   outer loop
     vertex 1.0361138312e-01 4.5481362137e+00 4.7424623209e-02
     vertex 1.6380190832e-01 4.5481362137e+00 5.4747249210e-02
     vertex 1.6380190832e-01 4.7216497867e+00 5.4747249210e-02
   endloop
 endfacet
 facet normal  -5.5453819818e-02 0.0000000000e+00 9.9846125306e-01
   outer loop
     vertex 1.6380190832e-01 4.5481362137e+00 5.4747249210e-02
     vertex 2.4565152047e-01 4.7216497867e+00 5.9293117796e-02
     vertex 1.6380190832e-01 4.7216497867e+00 5.4747249210e-02
   endloop
 endfacet
 facet normal  -5.5453819818e-02 0.0000000000e+00 9.9846125306e-01
   outer loop
     vertex 1.6380190832e-01 4.5481362137e+00 5.4747249210e-02
     vertex 2.4565152047e-01 4.5481362137e+00 5.9293117796e-02
     vertex 2.4565152047e-01 4.7216497867e+00 5.9293117796e-02
   endloop
 endfacet
 facet normal  -2.0754226775e-03 0.0000000000e+00 9.9999784631e-01
   outer loop
     vertex 2.4565152047e-01 4.5481362137e+00 5.9293117796e-02
     vertex 3.4867161706e-01 4.7216497867e+00 5.9506928501e-02
     vertex 2.4565152047e-01 4.7216497867e+00 5.9293117796e-02
   endloop
 endfacet
 facet normal  -2.0754226775e-03 6.6397746374e-19 9.9999784631e-01
   outer loop
     vertex 2.4565152047e-01 4.5481362137e+00 5.9293117796e-02
     vertex 3.4867161706e-01 4.5481362137e+00 5.9506928501e-02
     vertex 3.4867161706e-01 4.7216497867e+00 5.9506928501e-02
   endloop
 endfacet
 facet normal  3.9613515037e-02 -1.0571941925e-17 9.9921507666e-01
   outer loop
     vertex 3.4867161706e-01 4.5481362137e+00 5.9506928501e-02
     vertex 4.6678824105e-01 4.7216497867e+00 5.4824238287e-02
     vertex 3.4867161706e-01 4.7216497867e+00 5.9506928501e-02
   endloop
 endfacet
 facet normal  3.9613515037e-02 -0.0000000000e+00 9.9921507666e-01
   outer loop
     vertex 3.4867161706e-01 4.5481362137e+00 5.9506928501e-02
     vertex 4.6678824105e-01 4.5481362137e+00 5.4824238287e-02
     vertex 4.6678824105e-01 4.7216497867e+00 5.4824238287e-02
   endloop
 endfacet
 facet normal  7.0157790253e-02 0.0000000000e+00 9.9753590635e-01
   outer loop
     vertex 4.6678824105e-01 4.5481362137e+00 5.4824238287e-02
     vertex 5.8876378780e-01 4.5481362137e+00 4.6245564808e-02
     vertex 4.6678824105e-01 4.7216497867e+00 5.4824238287e-02
   endloop
 endfacet
 facet normal  7.0157790253e-02 -0.0000000000e+00 9.9753590635e-01
   outer loop
     vertex 4.6678824105e-01 4.7216497867e+00 5.4824238287e-02
     vertex 5.8876378780e-01 4.5481362137e+00 4.6245564808e-02
     vertex 5.8876378780e-01 4.7216497867e+00 4.6245564808e-02
   endloop
 endfacet
 facet normal  9.1463328509e-02 0.0000000000e+00 9.9580844520e-01
   outer loop
     vertex 5.8876378780e-01 4.5481362137e+00 4.6245564808e-02
     vertex 7.0192689193e-01 4.5481362137e+00 3.5851724287e-02
     vertex 5.8876378780e-01 4.7216497867e+00 4.6245564808e-02
   endloop
 endfacet
 facet normal  9.1463328509e-02 -0.0000000000e+00 9.9580844520e-01
   outer loop
     vertex 5.8876378780e-01 4.7216497867e+00 4.6245564808e-02
     vertex 7.0192689193e-01 4.5481362137e+00 3.5851724287e-02
     vertex 7.0192689193e-01 4.7216497867e+00 3.5851724287e-02
   endloop
 endfacet
 facet normal  1.0637499606e-01 0.0000000000e+00 9.9432608344e-01
   outer loop
     vertex 7.0192689193e-01 4.5481362137e+00 3.5851724287e-02
     vertex 7.9695803833e-01 4.5481362137e+00 2.5685101897e-02
     vertex 7.0192689193e-01 4.7216497867e+00 3.5851724287e-02
   endloop
 endfacet
 facet normal  1.0637499606e-01 -0.0000000000e+00 9.9432608344e-01
   outer loop
     vertex 7.0192689193e-01 4.7216497867e+00 3.5851724287e-02
     vertex 7.9695803833e-01 4.5481362137e+00 2.5685101897e-02
     vertex 7.9695803833e-01 4.7216497867e+00 2.5685101897e-02
   endloop
 endfacet
 facet normal  1.1718870894e-01 0.0000000000e+00 9.9310966489e-01
   outer loop
     vertex 7.9695803833e-01 4.5481362137e+00 2.5685101897e-02
     vertex 8.7030448965e-01 4.5481362137e+00 1.7030090029e-02
     vertex 7.9695803833e-01 4.7216497867e+00 2.5685101897e-02
   endloop
 endfacet
 facet normal  1.1718870894e-01 -0.0000000000e+00 9.9310966489e-01
   outer loop
     vertex 7.9695803833e-01 4.7216497867e+00 2.5685101897e-02
     vertex 8.7030448965e-01 4.5481362137e+00 1.7030090029e-02
     vertex 8.7030448965e-01 4.7216497867e+00 1.7030090029e-02
   endloop
 endfacet
 facet normal  1.2513251854e-01 0.0000000000e+00 9.9214003689e-01
   outer loop
     vertex 8.7030448965e-01 4.5481362137e+00 1.7030090029e-02
     vertex 9.2331020388e-01 4.5481362137e+00 1.0344805420e-02
     vertex 8.7030448965e-01 4.7216497867e+00 1.7030090029e-02
   endloop
 endfacet
 facet normal  1.2513251854e-01 -0.0000000000e+00 9.9214003689e-01
   outer loop
     vertex 8.7030448965e-01 4.7216497867e+00 1.7030090029e-02
     vertex 9.2331020388e-01 4.5481362137e+00 1.0344805420e-02
     vertex 9.2331020388e-01 4.7216497867e+00 1.0344805420e-02
   endloop
 endfacet
 facet normal  1.3095350728e-01 0.0000000000e+00 9.9138851059e-01
   outer loop
     vertex 9.2331020388e-01 4.5481362137e+00 1.0344805420e-02
     vertex 9.5982161505e-01 4.5481362137e+00 5.5219763305e-03
     vertex 9.2331020388e-01 4.7216497867e+00 1.0344805420e-02
   endloop
 endfacet
 facet normal  1.3095350728e-01 -0.0000000000e+00 9.9138851059e-01
   outer loop
     vertex 9.2331020388e-01 4.7216497867e+00 1.0344805420e-02
     vertex 9.5982161505e-01 4.5481362137e+00 5.5219763305e-03
     vertex 9.5982161505e-01 4.7216497867e+00 5.5219763305e-03
   endloop
 endfacet
 facet normal  1.3505987260e-01 0.0000000000e+00 9.9083743915e-01
   outer loop
     vertex 9.5982161505e-01 4.5481362137e+00 5.5219763305e-03
     vertex 9.8414844626e-01 4.5481362137e+00 2.2060149078e-03
     vertex 9.5982161505e-01 4.7216497867e+00 5.5219763305e-03
   endloop
 endfacet
 facet normal  1.3505987260e-01 -0.0000000000e+00 9.9083743915e-01
   outer loop
     vertex 9.5982161505e-01 4.7216497867e+00 5.5219763305e-03
     vertex 9.8414844626e-01 4.5481362137e+00 2.2060149078e-03
     vertex 9.8414844626e-01 4.7216497867e+00 2.2060149078e-03
   endloop
 endfacet
 facet normal  1.3783871552e-01 0.0000000000e+00 9.9045468776e-01
   outer loop
     vertex 9.8414844626e-01 4.5481362137e+00 2.2060149078e-03
     vertex 1.0000000000e+00 4.5481362137e+00 0.0000000000e+00
     vertex 9.8414844626e-01 4.7216497867e+00 2.2060149078e-03
   endloop
 endfacet
 facet normal  1.3783871552e-01 -0.0000000000e+00 9.9045468776e-01
   outer loop
     vertex 9.8414844626e-01 4.7216497867e+00 2.2060149078e-03
     vertex 1.0000000000e+00 4.5481362137e+00 0.0000000000e+00
     vertex 1.0000000000e+00 4.7216497867e+00 0.0000000000e+00
   endloop
 endfacet
 facet normal  1.3783871552e-01 0.0000000000e+00 -9.9045468776e-01
   outer loop
     vertex 1.0000000000e+00 4.7216497867e+00 0.0000000000e+00
     vertex 9.8414844626e-01 4.8472574701e+00 -2.2060149078e-03
     vertex 1.0000000000e+00 4.8472574701e+00 0.0000000000e+00
   endloop
 endfacet
 facet normal  1.3783871552e-01 0.0000000000e+00 -9.9045468776e-01
   outer loop
     vertex 1.0000000000e+00 4.7216497867e+00 0.0000000000e+00
     vertex 9.8414844626e-01 4.7216497867e+00 -2.2060149078e-03
     vertex 9.8414844626e-01 4.8472574701e+00 -2.2060149078e-03
   endloop
 endfacet
 facet normal  1.3505987260e-01 0.0000000000e+00 -9.9083743915e-01
   outer loop
     vertex 9.8414844626e-01 4.7216497867e+00 -2.2060149078e-03
     vertex 9.5982161505e-01 4.8472574701e+00 -5.5219763305e-03
     vertex 9.8414844626e-01 4.8472574701e+00 -2.2060149078e-03
   endloop
 endfacet
 facet normal  1.3505987260e-01 0.0000000000e+00 -9.9083743915e-01
   outer loop
     vertex 9.8414844626e-01 4.7216497867e+00 -2.2060149078e-03
     vertex 9.5982161505e-01 4.7216497867e+00 -5.5219763305e-03
     vertex 9.5982161505e-01 4.8472574701e+00 -5.5219763305e-03
   endloop
 endfacet
 facet normal  1.3095350728e-01 0.0000000000e+00 -9.9138851059e-01
   outer loop
     vertex 9.5982161505e-01 4.7216497867e+00 -5.5219763305e-03
     vertex 9.2331020388e-01 4.8472574701e+00 -1.0344805420e-02
     vertex 9.5982161505e-01 4.8472574701e+00 -5.5219763305e-03
   endloop
 endfacet
 facet normal  1.3095350728e-01 0.0000000000e+00 -9.9138851059e-01
   outer loop
     vertex 9.5982161505e-01 4.7216497867e+00 -5.5219763305e-03
     vertex 9.2331020388e-01 4.7216497867e+00 -1.0344805420e-02
     vertex 9.2331020388e-01 4.8472574701e+00 -1.0344805420e-02
   endloop
 endfacet
 facet normal  1.2513251854e-01 0.0000000000e+00 -9.9214003689e-01
   outer loop
     vertex 9.2331020388e-01 4.7216497867e+00 -1.0344805420e-02
     vertex 8.7030448965e-01 4.8472574701e+00 -1.7030090029e-02
     vertex 9.2331020388e-01 4.8472574701e+00 -1.0344805420e-02
   endloop
 endfacet
 facet normal  1.2513251854e-01 0.0000000000e+00 -9.9214003689e-01
   outer loop
     vertex 9.2331020388e-01 4.7216497867e+00 -1.0344805420e-02
     vertex 8.7030448965e-01 4.7216497867e+00 -1.7030090029e-02
     vertex 8.7030448965e-01 4.8472574701e+00 -1.7030090029e-02
   endloop
 endfacet
 facet normal  1.1718870894e-01 0.0000000000e+00 -9.9310966489e-01
   outer loop
     vertex 8.7030448965e-01 4.7216497867e+00 -1.7030090029e-02
     vertex 7.9695803833e-01 4.8472574701e+00 -2.5685101897e-02
     vertex 8.7030448965e-01 4.8472574701e+00 -1.7030090029e-02
   endloop
 endfacet
 facet normal  1.1718870894e-01 0.0000000000e+00 -9.9310966489e-01
   outer loop
     vertex 8.7030448965e-01 4.7216497867e+00 -1.7030090029e-02
     vertex 7.9695803833e-01 4.7216497867e+00 -2.5685101897e-02
     vertex 7.9695803833e-01 4.8472574701e+00 -2.5685101897e-02
   endloop
 endfacet
 facet normal  1.0637499606e-01 0.0000000000e+00 -9.9432608344e-01
   outer loop
     vertex 7.9695803833e-01 4.7216497867e+00 -2.5685101897e-02
     vertex 7.0192689193e-01 4.8472574701e+00 -3.5851724287e-02
     vertex 7.9695803833e-01 4.8472574701e+00 -2.5685101897e-02
   endloop
 endfacet
 facet normal  1.0637499606e-01 0.0000000000e+00 -9.9432608344e-01
   outer loop
     vertex 7.9695803833e-01 4.7216497867e+00 -2.5685101897e-02
     vertex 7.0192689193e-01 4.7216497867e+00 -3.5851724287e-02
     vertex 7.0192689193e-01 4.8472574701e+00 -3.5851724287e-02
   endloop
 endfacet
 facet normal  9.1463328509e-02 0.0000000000e+00 -9.9580844520e-01
   outer loop
     vertex 7.0192689193e-01 4.7216497867e+00 -3.5851724287e-02
     vertex 5.8876378780e-01 4.8472574701e+00 -4.6245564808e-02
     vertex 7.0192689193e-01 4.8472574701e+00 -3.5851724287e-02
   endloop
 endfacet
 facet normal  9.1463328509e-02 0.0000000000e+00 -9.9580844520e-01
   outer loop
     vertex 7.0192689193e-01 4.7216497867e+00 -3.5851724287e-02
     vertex 5.8876378780e-01 4.7216497867e+00 -4.6245564808e-02
     vertex 5.8876378780e-01 4.8472574701e+00 -4.6245564808e-02
   endloop
 endfacet
 facet normal  7.0157790253e-02 0.0000000000e+00 -9.9753590635e-01
   outer loop
     vertex 5.8876378780e-01 4.7216497867e+00 -4.6245564808e-02
     vertex 4.6678824105e-01 4.8472574701e+00 -5.4824238287e-02
     vertex 5.8876378780e-01 4.8472574701e+00 -4.6245564808e-02
   endloop
 endfacet
 facet normal  7.0157790253e-02 0.0000000000e+00 -9.9753590635e-01
   outer loop
     vertex 5.8876378780e-01 4.7216497867e+00 -4.6245564808e-02
     vertex 4.6678824105e-01 4.7216497867e+00 -5.4824238287e-02
     vertex 4.6678824105e-01 4.8472574701e+00 -5.4824238287e-02
   endloop
 endfacet
 facet normal  3.9613515037e-02 0.0000000000e+00 -9.9921507666e-01
   outer loop
     vertex 4.6678824105e-01 4.7216497867e+00 -5.4824238287e-02
     vertex 3.4867161706e-01 4.7216497867e+00 -5.9506928501e-02
     vertex 4.6678824105e-01 4.8472574701e+00 -5.4824238287e-02
   endloop
 endfacet
 facet normal  3.9613515037e-02 0.0000000000e+00 -9.9921507666e-01
   outer loop
     vertex 4.6678824105e-01 4.8472574701e+00 -5.4824238287e-02
     vertex 3.4867161706e-01 4.7216497867e+00 -5.9506928501e-02
     vertex 3.4867161706e-01 4.8472574701e+00 -5.9506928501e-02
   endloop
 endfacet
 facet normal  -2.0754226775e-03 0.0000000000e+00 -9.9999784631e-01
   outer loop
     vertex 3.4867161706e-01 4.7216497867e+00 -5.9506928501e-02
     vertex 2.4565152047e-01 4.7216497867e+00 -5.9293117796e-02
     vertex 3.4867161706e-01 4.8472574701e+00 -5.9506928501e-02
   endloop
 endfacet
 facet normal  -2.0754226775e-03 0.0000000000e+00 -9.9999784631e-01
   outer loop
     vertex 3.4867161706e-01 4.8472574701e+00 -5.9506928501e-02
     vertex 2.4565152047e-01 4.7216497867e+00 -5.9293117796e-02
     vertex 2.4565152047e-01 4.8472574701e+00 -5.9293117796e-02
   endloop
 endfacet
 facet normal  -5.5453819818e-02 0.0000000000e+00 -9.9846125306e-01
   outer loop
     vertex 2.4565152047e-01 4.7216497867e+00 -5.9293117796e-02
     vertex 1.6380190832e-01 4.7216497867e+00 -5.4747249210e-02
     vertex 2.4565152047e-01 4.8472574701e+00 -5.9293117796e-02
   endloop
 endfacet
 facet normal  -5.5453819818e-02 0.0000000000e+00 -9.9846125306e-01
   outer loop
     vertex 2.4565152047e-01 4.8472574701e+00 -5.9293117796e-02
     vertex 1.6380190832e-01 4.7216497867e+00 -5.4747249210e-02
     vertex 1.6380190832e-01 4.8472574701e+00 -5.4747249210e-02
   endloop
 endfacet
 facet normal  -1.2076702739e-01 0.0000000000e+00 -9.9268087777e-01
   outer loop
     vertex 1.6380190832e-01 4.7216497867e+00 -5.4747249210e-02
     vertex 1.0361138312e-01 4.7216497867e+00 -4.7424623209e-02
     vertex 1.6380190832e-01 4.8472574701e+00 -5.4747249210e-02
   endloop
 endfacet
 facet normal  -1.2076702739e-01 0.0000000000e+00 -9.9268087777e-01
   outer loop
     vertex 1.6380190832e-01 4.8472574701e+00 -5.4747249210e-02
     vertex 1.0361138312e-01 4.7216497867e+00 -4.7424623209e-02
     vertex 1.0361138312e-01 4.8472574701e+00 -4.7424623209e-02
   endloop
 endfacet
 facet normal  -2.0023240962e-01 0.0000000000e+00 -9.7974842798e-01
   outer loop
     vertex 1.0361138312e-01 4.7216497867e+00 -4.7424623209e-02
     vertex 6.2004804867e-02 4.7216497867e+00 -3.8921434858e-02
     vertex 1.0361138312e-01 4.8472574701e+00 -4.7424623209e-02
   endloop
 endfacet
 facet normal  -2.0023240962e-01 0.0000000000e+00 -9.7974842798e-01
   outer loop
     vertex 1.0361138312e-01 4.8472574701e+00 -4.7424623209e-02
     vertex 6.2004804867e-02 4.7216497867e+00 -3.8921434858e-02
     vertex 6.2004804867e-02 4.8472574701e+00 -3.8921434858e-02
   endloop
 endfacet
 facet normal  -2.9935221327e-01 0.0000000000e+00 -9.5414267927e-01
   outer loop
     vertex 6.2004804867e-02 4.7216497867e+00 -3.8921434858e-02
     vertex 3.4701656177e-02 4.7216497867e+00 -3.0355359608e-02
     vertex 6.2004804867e-02 4.8472574701e+00 -3.8921434858e-02
   endloop
 endfacet
 facet normal  -2.9935221327e-01 0.0000000000e+00 -9.5414267927e-01
   outer loop
     vertex 6.2004804867e-02 4.8472574701e+00 -3.8921434858e-02
     vertex 3.4701656177e-02 4.7216497867e+00 -3.0355359608e-02
     vertex 3.4701656177e-02 4.8472574701e+00 -3.0355359608e-02
   endloop
 endfacet
 facet normal  -4.2610378432e-01 0.0000000000e+00 -9.0467428669e-01
   outer loop
     vertex 3.4701656177e-02 4.7216497867e+00 -3.0355359608e-02
     vertex 1.7711394777e-02 4.7216497867e+00 -2.2352905260e-02
     vertex 3.4701656177e-02 4.8472574701e+00 -3.0355359608e-02
   endloop
 endfacet
 facet normal  -4.2610378432e-01 0.0000000000e+00 -9.0467428669e-01
   outer loop
     vertex 3.4701656177e-02 4.8472574701e+00 -3.0355359608e-02
     vertex 1.7711394777e-02 4.7216497867e+00 -2.2352905260e-02
     vertex 1.7711394777e-02 4.8472574701e+00 -2.2352905260e-02
   endloop
 endfacet
 facet normal  -5.8540728658e-01 0.0000000000e+00 -8.1073935937e-01
   outer loop
     vertex 1.7711394777e-02 4.7216497867e+00 -2.2352905260e-02
     vertex 7.8928270998e-03 4.7216497867e+00 -1.5263251853e-02
     vertex 1.7711394777e-02 4.8472574701e+00 -2.2352905260e-02
   endloop
 endfacet
 facet normal  -5.8540728658e-01 0.0000000000e+00 -8.1073935937e-01
   outer loop
     vertex 1.7711394777e-02 4.8472574701e+00 -2.2352905260e-02
     vertex 7.8928270998e-03 4.7216497867e+00 -1.5263251853e-02
     vertex 7.8928270998e-03 4.8472574701e+00 -1.5263251853e-02
   endloop
 endfacet
 facet normal  -7.6128093626e-01 0.0000000000e+00 -6.4842218969e-01
   outer loop
     vertex 7.8928270998e-03 4.7216497867e+00 -1.5263251853e-02
     vertex 2.8852305479e-03 4.7216497867e+00 -9.3840764449e-03
     vertex 7.8928270998e-03 4.8472574701e+00 -1.5263251853e-02
   endloop
 endfacet
 facet normal  -7.6128093626e-01 0.0000000000e+00 -6.4842218969e-01
   outer loop
     vertex 7.8928270998e-03 4.8472574701e+00 -1.5263251853e-02
     vertex 2.8852305479e-03 4.7216497867e+00 -9.3840764449e-03
     vertex 2.8852305479e-03 4.8472574701e+00 -9.3840764449e-03
   endloop
 endfacet
 facet normal  -9.0355742872e-01 0.0000000000e+00 -4.2846700341e-01
   outer loop
     vertex 2.8852305479e-03 4.7216497867e+00 -9.3840764449e-03
     vertex 7.8807384983e-04 4.7216497867e+00 -4.9615619954e-03
     vertex 2.8852305479e-03 4.8472574701e+00 -9.3840764449e-03
   endloop
 endfacet
 facet normal  -9.0355742872e-01 0.0000000000e+00 -4.2846700341e-01
   outer loop
     vertex 2.8852305479e-03 4.8472574701e+00 -9.3840764449e-03
     vertex 7.8807384983e-04 4.7216497867e+00 -4.9615619954e-03
     vertex 7.8807384983e-04 4.8472574701e+00 -4.9615619954e-03
   endloop
 endfacet
 facet normal  -9.7629917451e-01 0.0000000000e+00 -2.1642532625e-01
   outer loop
     vertex 7.8807384983e-04 4.7216497867e+00 -4.9615619954e-03
     vertex 1.1903597513e-04 4.7216497867e+00 -1.9435181458e-03
     vertex 7.8807384983e-04 4.8472574701e+00 -4.9615619954e-03
   endloop
 endfacet
 facet normal  -9.7629917451e-01 0.0000000000e+00 -2.1642532625e-01
   outer loop
     vertex 7.8807384983e-04 4.8472574701e+00 -4.9615619954e-03
     vertex 1.1903597513e-04 4.7216497867e+00 -1.9435181458e-03
     vertex 1.1903597513e-04 4.8472574701e+00 -1.9435181458e-03
   endloop
 endfacet
 facet normal  -9.9812962151e-01 0.0000000000e+00 -6.1133122455e-02
   outer loop
     vertex 1.1903597513e-04 4.7216497867e+00 -1.9435181458e-03
     vertex 0.0000000000e+00 4.7216497867e+00 0.0000000000e+00
     vertex 1.1903597513e-04 4.8472574701e+00 -1.9435181458e-03
   endloop
 endfacet
 facet normal  -9.9812962151e-01 0.0000000000e+00 -6.1133122455e-02
   outer loop
     vertex 1.1903597513e-04 4.8472574701e+00 -1.9435181458e-03
     vertex 0.0000000000e+00 4.7216497867e+00 0.0000000000e+00
     vertex 0.0000000000e+00 4.8472574701e+00 0.0000000000e+00
   endloop
 endfacet
 facet normal  -9.9812962151e-01 0.0000000000e+00 6.1133122455e-02
   outer loop
     vertex 0.0000000000e+00 4.7216497867e+00 0.0000000000e+00
     vertex 1.1903597513e-04 4.8472574701e+00 1.9435181458e-03
     vertex 0.0000000000e+00 4.8472574701e+00 0.0000000000e+00
   endloop
 endfacet
 facet normal  -9.9812962151e-01 0.0000000000e+00 6.1133122455e-02
   outer loop
     vertex 0.0000000000e+00 4.7216497867e+00 0.0000000000e+00
     vertex 1.1903597513e-04 4.7216497867e+00 1.9435181458e-03
     vertex 1.1903597513e-04 4.8472574701e+00 1.9435181458e-03
   endloop
 endfacet
 facet normal  -9.7629917451e-01 0.0000000000e+00 2.1642532625e-01
   outer loop
     vertex 1.1903597513e-04 4.7216497867e+00 1.9435181458e-03
     vertex 7.8807384983e-04 4.8472574701e+00 4.9615619954e-03
     vertex 1.1903597513e-04 4.8472574701e+00 1.9435181458e-03
   endloop
 endfacet
 facet normal  -9.7629917451e-01 0.0000000000e+00 2.1642532625e-01
   outer loop
     vertex 1.1903597513e-04 4.7216497867e+00 1.9435181458e-03
     vertex 7.8807384983e-04 4.7216497867e+00 4.9615619954e-03
     vertex 7.8807384983e-04 4.8472574701e+00 4.9615619954e-03
   endloop
 endfacet
 facet normal  -9.0355742872e-01 0.0000000000e+00 4.2846700341e-01
   outer loop
     vertex 7.8807384983e-04 4.7216497867e+00 4.9615619954e-03
     vertex 2.8852305479e-03 4.8472574701e+00 9.3840764449e-03
     vertex 7.8807384983e-04 4.8472574701e+00 4.9615619954e-03
   endloop
 endfacet
 facet normal  -9.0355742872e-01 0.0000000000e+00 4.2846700341e-01
   outer loop
     vertex 7.8807384983e-04 4.7216497867e+00 4.9615619954e-03
     vertex 2.8852305479e-03 4.7216497867e+00 9.3840764449e-03
     vertex 2.8852305479e-03 4.8472574701e+00 9.3840764449e-03
   endloop
 endfacet
 facet normal  -7.6128093626e-01 0.0000000000e+00 6.4842218969e-01
   outer loop
     vertex 2.8852305479e-03 4.7216497867e+00 9.3840764449e-03
     vertex 7.8928270998e-03 4.8472574701e+00 1.5263251853e-02
     vertex 2.8852305479e-03 4.8472574701e+00 9.3840764449e-03
   endloop
 endfacet
 facet normal  -7.6128093626e-01 0.0000000000e+00 6.4842218969e-01
   outer loop
     vertex 2.8852305479e-03 4.7216497867e+00 9.3840764449e-03
     vertex 7.8928270998e-03 4.7216497867e+00 1.5263251853e-02
     vertex 7.8928270998e-03 4.8472574701e+00 1.5263251853e-02
   endloop
 endfacet
 facet normal  -5.8540728658e-01 0.0000000000e+00 8.1073935937e-01
   outer loop
     vertex 7.8928270998e-03 4.7216497867e+00 1.5263251853e-02
     vertex 1.7711394777e-02 4.8472574701e+00 2.2352905260e-02
     vertex 7.8928270998e-03 4.8472574701e+00 1.5263251853e-02
   endloop
 endfacet
 facet normal  -5.8540728658e-01 0.0000000000e+00 8.1073935937e-01
   outer loop
     vertex 7.8928270998e-03 4.7216497867e+00 1.5263251853e-02
     vertex 1.7711394777e-02 4.7216497867e+00 2.2352905260e-02
     vertex 1.7711394777e-02 4.8472574701e+00 2.2352905260e-02
   endloop
 endfacet
 facet normal  -4.2610378432e-01 0.0000000000e+00 9.0467428669e-01
   outer loop
     vertex 1.7711394777e-02 4.7216497867e+00 2.2352905260e-02
     vertex 3.4701656177e-02 4.8472574701e+00 3.0355359608e-02
     vertex 1.7711394777e-02 4.8472574701e+00 2.2352905260e-02
   endloop
 endfacet
 facet normal  -4.2610378432e-01 0.0000000000e+00 9.0467428669e-01
   outer loop
     vertex 1.7711394777e-02 4.7216497867e+00 2.2352905260e-02
     vertex 3.4701656177e-02 4.7216497867e+00 3.0355359608e-02
     vertex 3.4701656177e-02 4.8472574701e+00 3.0355359608e-02
   endloop
 endfacet
 facet normal  -2.9935221327e-01 0.0000000000e+00 9.5414267927e-01
   outer loop
     vertex 3.4701656177e-02 4.7216497867e+00 3.0355359608e-02
     vertex 6.2004804867e-02 4.8472574701e+00 3.8921434858e-02
     vertex 3.4701656177e-02 4.8472574701e+00 3.0355359608e-02
   endloop
 endfacet
 facet normal  -2.9935221327e-01 0.0000000000e+00 9.5414267927e-01
   outer loop
     vertex 3.4701656177e-02 4.7216497867e+00 3.0355359608e-02
     vertex 6.2004804867e-02 4.7216497867e+00 3.8921434858e-02
     vertex 6.2004804867e-02 4.8472574701e+00 3.8921434858e-02
   endloop
 endfacet
 facet normal  -2.0023240962e-01 0.0000000000e+00 9.7974842798e-01
   outer loop
     vertex 6.2004804867e-02 4.7216497867e+00 3.8921434858e-02
     vertex 1.0361138312e-01 4.8472574701e+00 4.7424623209e-02
     vertex 6.2004804867e-02 4.8472574701e+00 3.8921434858e-02
   endloop
 endfacet
 facet normal  -2.0023240962e-01 0.0000000000e+00 9.7974842798e-01
   outer loop
     vertex 6.2004804867e-02 4.7216497867e+00 3.8921434858e-02
     vertex 1.0361138312e-01 4.7216497867e+00 4.7424623209e-02
     vertex 1.0361138312e-01 4.8472574701e+00 4.7424623209e-02
   endloop
 endfacet
 facet normal  -1.2076702739e-01 0.0000000000e+00 9.9268087777e-01
   outer loop
     vertex 1.0361138312e-01 4.7216497867e+00 4.7424623209e-02
     vertex 1.6380190832e-01 4.8472574701e+00 5.4747249210e-02
     vertex 1.0361138312e-01 4.8472574701e+00 4.7424623209e-02
   endloop
 endfacet
 facet normal  -1.2076702739e-01 0.0000000000e+00 9.9268087777e-01
   outer loop
     vertex 1.0361138312e-01 4.7216497867e+00 4.7424623209e-02
     vertex 1.6380190832e-01 4.7216497867e+00 5.4747249210e-02
     vertex 1.6380190832e-01 4.8472574701e+00 5.4747249210e-02
   endloop
 endfacet
 facet normal  -5.5453819818e-02 0.0000000000e+00 9.9846125306e-01
   outer loop
     vertex 1.6380190832e-01 4.7216497867e+00 5.4747249210e-02
     vertex 2.4565152047e-01 4.8472574701e+00 5.9293117796e-02
     vertex 1.6380190832e-01 4.8472574701e+00 5.4747249210e-02
   endloop
 endfacet
 facet normal  -5.5453819818e-02 0.0000000000e+00 9.9846125306e-01
   outer loop
     vertex 1.6380190832e-01 4.7216497867e+00 5.4747249210e-02
     vertex 2.4565152047e-01 4.7216497867e+00 5.9293117796e-02
     vertex 2.4565152047e-01 4.8472574701e+00 5.9293117796e-02
   endloop
 endfacet
 facet normal  -2.0754226775e-03 0.0000000000e+00 9.9999784631e-01
   outer loop
     vertex 2.4565152047e-01 4.7216497867e+00 5.9293117796e-02
     vertex 3.4867161706e-01 4.8472574701e+00 5.9506928501e-02
     vertex 2.4565152047e-01 4.8472574701e+00 5.9293117796e-02
   endloop
 endfacet
 facet normal  -2.0754226775e-03 -9.1721381190e-19 9.9999784631e-01
   outer loop
     vertex 2.4565152047e-01 4.7216497867e+00 5.9293117796e-02
     vertex 3.4867161706e-01 4.7216497867e+00 5.9506928501e-02
     vertex 3.4867161706e-01 4.8472574701e+00 5.9506928501e-02
   endloop
 endfacet
 facet normal  3.9613515037e-02 1.4604006433e-17 9.9921507666e-01
   outer loop
     vertex 3.4867161706e-01 4.7216497867e+00 5.9506928501e-02
     vertex 4.6678824105e-01 4.8472574701e+00 5.4824238287e-02
     vertex 3.4867161706e-01 4.8472574701e+00 5.9506928501e-02
   endloop
 endfacet
 facet normal  3.9613515037e-02 -0.0000000000e+00 9.9921507666e-01
   outer loop
     vertex 3.4867161706e-01 4.7216497867e+00 5.9506928501e-02
     vertex 4.6678824105e-01 4.7216497867e+00 5.4824238287e-02
     vertex 4.6678824105e-01 4.8472574701e+00 5.4824238287e-02
   endloop
 endfacet
 facet normal  7.0157790253e-02 0.0000000000e+00 9.9753590635e-01
   outer loop
     vertex 4.6678824105e-01 4.7216497867e+00 5.4824238287e-02
     vertex 5.8876378780e-01 4.7216497867e+00 4.6245564808e-02
     vertex 4.6678824105e-01 4.8472574701e+00 5.4824238287e-02
   endloop
 endfacet
 facet normal  7.0157790253e-02 -0.0000000000e+00 9.9753590635e-01
   outer loop
     vertex 4.6678824105e-01 4.8472574701e+00 5.4824238287e-02
     vertex 5.8876378780e-01 4.7216497867e+00 4.6245564808e-02
     vertex 5.8876378780e-01 4.8472574701e+00 4.6245564808e-02
   endloop
 endfacet
 facet normal  9.1463328509e-02 0.0000000000e+00 9.9580844520e-01
   outer loop
     vertex 5.8876378780e-01 4.7216497867e+00 4.6245564808e-02
     vertex 7.0192689193e-01 4.7216497867e+00 3.5851724287e-02
     vertex 5.8876378780e-01 4.8472574701e+00 4.6245564808e-02
   endloop
 endfacet
 facet normal  9.1463328509e-02 -0.0000000000e+00 9.9580844520e-01
   outer loop
     vertex 5.8876378780e-01 4.8472574701e+00 4.6245564808e-02
     vertex 7.0192689193e-01 4.7216497867e+00 3.5851724287e-02
     vertex 7.0192689193e-01 4.8472574701e+00 3.5851724287e-02
   endloop
 endfacet
 facet normal  1.0637499606e-01 0.0000000000e+00 9.9432608344e-01
   outer loop
     vertex 7.0192689193e-01 4.7216497867e+00 3.5851724287e-02
     vertex 7.9695803833e-01 4.7216497867e+00 2.5685101897e-02
     vertex 7.0192689193e-01 4.8472574701e+00 3.5851724287e-02
   endloop
 endfacet
 facet normal  1.0637499606e-01 -0.0000000000e+00 9.9432608344e-01
   outer loop
     vertex 7.0192689193e-01 4.8472574701e+00 3.5851724287e-02
     vertex 7.9695803833e-01 4.7216497867e+00 2.5685101897e-02
     vertex 7.9695803833e-01 4.8472574701e+00 2.5685101897e-02
   endloop
 endfacet
 facet normal  1.1718870894e-01 0.0000000000e+00 9.9310966489e-01
   outer loop
     vertex 7.9695803833e-01 4.7216497867e+00 2.5685101897e-02
     vertex 8.7030448965e-01 4.7216497867e+00 1.7030090029e-02
     vertex 7.9695803833e-01 4.8472574701e+00 2.5685101897e-02
   endloop
 endfacet
 facet normal  1.1718870894e-01 -0.0000000000e+00 9.9310966489e-01
   outer loop
     vertex 7.9695803833e-01 4.8472574701e+00 2.5685101897e-02
     vertex 8.7030448965e-01 4.7216497867e+00 1.7030090029e-02
     vertex 8.7030448965e-01 4.8472574701e+00 1.7030090029e-02
   endloop
 endfacet
 facet normal  1.2513251854e-01 0.0000000000e+00 9.9214003689e-01
   outer loop
     vertex 8.7030448965e-01 4.7216497867e+00 1.7030090029e-02
     vertex 9.2331020388e-01 4.7216497867e+00 1.0344805420e-02
     vertex 8.7030448965e-01 4.8472574701e+00 1.7030090029e-02
   endloop
 endfacet
 facet normal  1.2513251854e-01 -0.0000000000e+00 9.9214003689e-01
   outer loop
     vertex 8.7030448965e-01 4.8472574701e+00 1.7030090029e-02
     vertex 9.2331020388e-01 4.7216497867e+00 1.0344805420e-02
     vertex 9.2331020388e-01 4.8472574701e+00 1.0344805420e-02
   endloop
 endfacet
 facet normal  1.3095350728e-01 0.0000000000e+00 9.9138851059e-01
   outer loop
     vertex 9.2331020388e-01 4.7216497867e+00 1.0344805420e-02
     vertex 9.5982161505e-01 4.7216497867e+00 5.5219763305e-03
     vertex 9.2331020388e-01 4.8472574701e+00 1.0344805420e-02
   endloop
 endfacet
 facet normal  1.3095350728e-01 -0.0000000000e+00 9.9138851059e-01
   outer loop
     vertex 9.2331020388e-01 4.8472574701e+00 1.0344805420e-02
     vertex 9.5982161505e-01 4.7216497867e+00 5.5219763305e-03
     vertex 9.5982161505e-01 4.8472574701e+00 5.5219763305e-03
   endloop
 endfacet
 facet normal  1.3505987260e-01 0.0000000000e+00 9.9083743915e-01
   outer loop
     vertex 9.5982161505e-01 4.7216497867e+00 5.5219763305e-03
     vertex 9.8414844626e-01 4.7216497867e+00 2.2060149078e-03
     vertex 9.5982161505e-01 4.8472574701e+00 5.5219763305e-03
   endloop
 endfacet
 facet normal  1.3505987260e-01 -0.0000000000e+00 9.9083743915e-01
   outer loop
     vertex 9.5982161505e-01 4.8472574701e+00 5.5219763305e-03
     vertex 9.8414844626e-01 4.7216497867e+00 2.2060149078e-03
     vertex 9.8414844626e-01 4.8472574701e+00 2.2060149078e-03
   endloop
 endfacet
 facet normal  1.3783871552e-01 0.0000000000e+00 9.9045468776e-01
   outer loop
     vertex 9.8414844626e-01 4.7216497867e+00 2.2060149078e-03
     vertex 1.0000000000e+00 4.7216497867e+00 0.0000000000e+00
     vertex 9.8414844626e-01 4.8472574701e+00 2.2060149078e-03
   endloop
 endfacet
 facet normal  1.3783871552e-01 -0.0000000000e+00 9.9045468776e-01
   outer loop
     vertex 9.8414844626e-01 4.8472574701e+00 2.2060149078e-03
     vertex 1.0000000000e+00 4.7216497867e+00 0.0000000000e+00
     vertex 1.0000000000e+00 4.8472574701e+00 0.0000000000e+00
   endloop
 endfacet
 facet normal  1.3783871552e-01 0.0000000000e+00 -9.9045468776e-01
   outer loop
     vertex 1.0000000000e+00 4.8472574701e+00 0.0000000000e+00
     vertex 9.8414844626e-01 4.9368219891e+00 -2.2060149078e-03
     vertex 1.0000000000e+00 4.9368219891e+00 0.0000000000e+00
   endloop
 endfacet
 facet normal  1.3783871552e-01 0.0000000000e+00 -9.9045468776e-01
   outer loop
     vertex 1.0000000000e+00 4.8472574701e+00 0.0000000000e+00
     vertex 9.8414844626e-01 4.8472574701e+00 -2.2060149078e-03
     vertex 9.8414844626e-01 4.9368219891e+00 -2.2060149078e-03
   endloop
 endfacet
 facet normal  1.3505987260e-01 0.0000000000e+00 -9.9083743915e-01
   outer loop
     vertex 9.8414844626e-01 4.8472574701e+00 -2.2060149078e-03
     vertex 9.5982161505e-01 4.9368219891e+00 -5.5219763305e-03
     vertex 9.8414844626e-01 4.9368219891e+00 -2.2060149078e-03
   endloop
 endfacet
 facet normal  1.3505987260e-01 0.0000000000e+00 -9.9083743915e-01
   outer loop
     vertex 9.8414844626e-01 4.8472574701e+00 -2.2060149078e-03
     vertex 9.5982161505e-01 4.8472574701e+00 -5.5219763305e-03
     vertex 9.5982161505e-01 4.9368219891e+00 -5.5219763305e-03
   endloop
 endfacet
 facet normal  1.3095350728e-01 0.0000000000e+00 -9.9138851059e-01
   outer loop
     vertex 9.5982161505e-01 4.8472574701e+00 -5.5219763305e-03
     vertex 9.2331020388e-01 4.9368219891e+00 -1.0344805420e-02
     vertex 9.5982161505e-01 4.9368219891e+00 -5.5219763305e-03
   endloop
 endfacet
 facet normal  1.3095350728e-01 0.0000000000e+00 -9.9138851059e-01
   outer loop
     vertex 9.5982161505e-01 4.8472574701e+00 -5.5219763305e-03
     vertex 9.2331020388e-01 4.8472574701e+00 -1.0344805420e-02
     vertex 9.2331020388e-01 4.9368219891e+00 -1.0344805420e-02
   endloop
 endfacet
 facet normal  1.2513251854e-01 0.0000000000e+00 -9.9214003689e-01
   outer loop
     vertex 9.2331020388e-01 4.8472574701e+00 -1.0344805420e-02
     vertex 8.7030448965e-01 4.9368219891e+00 -1.7030090029e-02
     vertex 9.2331020388e-01 4.9368219891e+00 -1.0344805420e-02
   endloop
 endfacet
 facet normal  1.2513251854e-01 0.0000000000e+00 -9.9214003689e-01
   outer loop
     vertex 9.2331020388e-01 4.8472574701e+00 -1.0344805420e-02
     vertex 8.7030448965e-01 4.8472574701e+00 -1.7030090029e-02
     vertex 8.7030448965e-01 4.9368219891e+00 -1.7030090029e-02
   endloop
 endfacet
 facet normal  1.1718870894e-01 0.0000000000e+00 -9.9310966489e-01
   outer loop
     vertex 8.7030448965e-01 4.8472574701e+00 -1.7030090029e-02
     vertex 7.9695803833e-01 4.9368219891e+00 -2.5685101897e-02
     vertex 8.7030448965e-01 4.9368219891e+00 -1.7030090029e-02
   endloop
 endfacet
 facet normal  1.1718870894e-01 0.0000000000e+00 -9.9310966489e-01
   outer loop
     vertex 8.7030448965e-01 4.8472574701e+00 -1.7030090029e-02
     vertex 7.9695803833e-01 4.8472574701e+00 -2.5685101897e-02
     vertex 7.9695803833e-01 4.9368219891e+00 -2.5685101897e-02
   endloop
 endfacet
 facet normal  1.0637499606e-01 0.0000000000e+00 -9.9432608344e-01
   outer loop
     vertex 7.9695803833e-01 4.8472574701e+00 -2.5685101897e-02
     vertex 7.0192689193e-01 4.9368219891e+00 -3.5851724287e-02
     vertex 7.9695803833e-01 4.9368219891e+00 -2.5685101897e-02
   endloop
 endfacet
 facet normal  1.0637499606e-01 0.0000000000e+00 -9.9432608344e-01
   outer loop
     vertex 7.9695803833e-01 4.8472574701e+00 -2.5685101897e-02
     vertex 7.0192689193e-01 4.8472574701e+00 -3.5851724287e-02
     vertex 7.0192689193e-01 4.9368219891e+00 -3.5851724287e-02
   endloop
 endfacet
 facet normal  9.1463328509e-02 0.0000000000e+00 -9.9580844520e-01
   outer loop
     vertex 7.0192689193e-01 4.8472574701e+00 -3.5851724287e-02
     vertex 5.8876378780e-01 4.9368219891e+00 -4.6245564808e-02
     vertex 7.0192689193e-01 4.9368219891e+00 -3.5851724287e-02
   endloop
 endfacet
 facet normal  9.1463328509e-02 0.0000000000e+00 -9.9580844520e-01
   outer loop
     vertex 7.0192689193e-01 4.8472574701e+00 -3.5851724287e-02
     vertex 5.8876378780e-01 4.8472574701e+00 -4.6245564808e-02
     vertex 5.8876378780e-01 4.9368219891e+00 -4.6245564808e-02
   endloop
 endfacet
 facet normal  7.0157790253e-02 0.0000000000e+00 -9.9753590635e-01
   outer loop
     vertex 5.8876378780e-01 4.8472574701e+00 -4.6245564808e-02
     vertex 4.6678824105e-01 4.9368219891e+00 -5.4824238287e-02
     vertex 5.8876378780e-01 4.9368219891e+00 -4.6245564808e-02
   endloop
 endfacet
 facet normal  7.0157790253e-02 0.0000000000e+00 -9.9753590635e-01
   outer loop
     vertex 5.8876378780e-01 4.8472574701e+00 -4.6245564808e-02
     vertex 4.6678824105e-01 4.8472574701e+00 -5.4824238287e-02
     vertex 4.6678824105e-01 4.9368219891e+00 -5.4824238287e-02
   endloop
 endfacet
 facet normal  3.9613515037e-02 0.0000000000e+00 -9.9921507666e-01
   outer loop
     vertex 4.6678824105e-01 4.8472574701e+00 -5.4824238287e-02
     vertex 3.4867161706e-01 4.8472574701e+00 -5.9506928501e-02
     vertex 4.6678824105e-01 4.9368219891e+00 -5.4824238287e-02
   endloop
 endfacet
 facet normal  3.9613515037e-02 0.0000000000e+00 -9.9921507666e-01
   outer loop
     vertex 4.6678824105e-01 4.9368219891e+00 -5.4824238287e-02
     vertex 3.4867161706e-01 4.8472574701e+00 -5.9506928501e-02
     vertex 3.4867161706e-01 4.9368219891e+00 -5.9506928501e-02
   endloop
 endfacet
 facet normal  -2.0754226775e-03 0.0000000000e+00 -9.9999784631e-01
   outer loop
     vertex 3.4867161706e-01 4.8472574701e+00 -5.9506928501e-02
     vertex 2.4565152047e-01 4.8472574701e+00 -5.9293117796e-02
     vertex 3.4867161706e-01 4.9368219891e+00 -5.9506928501e-02
   endloop
 endfacet
 facet normal  -2.0754226775e-03 0.0000000000e+00 -9.9999784631e-01
   outer loop
     vertex 3.4867161706e-01 4.9368219891e+00 -5.9506928501e-02
     vertex 2.4565152047e-01 4.8472574701e+00 -5.9293117796e-02
     vertex 2.4565152047e-01 4.9368219891e+00 -5.9293117796e-02
   endloop
 endfacet
 facet normal  -5.5453819818e-02 0.0000000000e+00 -9.9846125306e-01
   outer loop
     vertex 2.4565152047e-01 4.8472574701e+00 -5.9293117796e-02
     vertex 1.6380190832e-01 4.8472574701e+00 -5.4747249210e-02
     vertex 2.4565152047e-01 4.9368219891e+00 -5.9293117796e-02
   endloop
 endfacet
 facet normal  -5.5453819818e-02 0.0000000000e+00 -9.9846125306e-01
   outer loop
     vertex 2.4565152047e-01 4.9368219891e+00 -5.9293117796e-02
     vertex 1.6380190832e-01 4.8472574701e+00 -5.4747249210e-02
     vertex 1.6380190832e-01 4.9368219891e+00 -5.4747249210e-02
   endloop
 endfacet
 facet normal  -1.2076702739e-01 0.0000000000e+00 -9.9268087777e-01
   outer loop
     vertex 1.6380190832e-01 4.8472574701e+00 -5.4747249210e-02
     vertex 1.0361138312e-01 4.8472574701e+00 -4.7424623209e-02
     vertex 1.6380190832e-01 4.9368219891e+00 -5.4747249210e-02
   endloop
 endfacet
 facet normal  -1.2076702739e-01 0.0000000000e+00 -9.9268087777e-01
   outer loop
     vertex 1.6380190832e-01 4.9368219891e+00 -5.4747249210e-02
     vertex 1.0361138312e-01 4.8472574701e+00 -4.7424623209e-02
     vertex 1.0361138312e-01 4.9368219891e+00 -4.7424623209e-02
   endloop
 endfacet
 facet normal  -2.0023240962e-01 0.0000000000e+00 -9.7974842798e-01
   outer loop
     vertex 1.0361138312e-01 4.8472574701e+00 -4.7424623209e-02
     vertex 6.2004804867e-02 4.8472574701e+00 -3.8921434858e-02
     vertex 1.0361138312e-01 4.9368219891e+00 -4.7424623209e-02
   endloop
 endfacet
 facet normal  -2.0023240962e-01 0.0000000000e+00 -9.7974842798e-01
   outer loop
     vertex 1.0361138312e-01 4.9368219891e+00 -4.7424623209e-02
     vertex 6.2004804867e-02 4.8472574701e+00 -3.8921434858e-02
     vertex 6.2004804867e-02 4.9368219891e+00 -3.8921434858e-02
   endloop
 endfacet
 facet normal  -2.9935221327e-01 0.0000000000e+00 -9.5414267927e-01
   outer loop
     vertex 6.2004804867e-02 4.8472574701e+00 -3.8921434858e-02
     vertex 3.4701656177e-02 4.8472574701e+00 -3.0355359608e-02
     vertex 6.2004804867e-02 4.9368219891e+00 -3.8921434858e-02
   endloop
 endfacet
 facet normal  -2.9935221327e-01 0.0000000000e+00 -9.5414267927e-01
   outer loop
     vertex 6.2004804867e-02 4.9368219891e+00 -3.8921434858e-02
     vertex 3.4701656177e-02 4.8472574701e+00 -3.0355359608e-02
     vertex 3.4701656177e-02 4.9368219891e+00 -3.0355359608e-02
   endloop
 endfacet
 facet normal  -4.2610378432e-01 0.0000000000e+00 -9.0467428669e-01
   outer loop
     vertex 3.4701656177e-02 4.8472574701e+00 -3.0355359608e-02
     vertex 1.7711394777e-02 4.8472574701e+00 -2.2352905260e-02
     vertex 3.4701656177e-02 4.9368219891e+00 -3.0355359608e-02
   endloop
 endfacet
 facet normal  -4.2610378432e-01 0.0000000000e+00 -9.0467428669e-01
   outer loop
     vertex 3.4701656177e-02 4.9368219891e+00 -3.0355359608e-02
     vertex 1.7711394777e-02 4.8472574701e+00 -2.2352905260e-02
     vertex 1.7711394777e-02 4.9368219891e+00 -2.2352905260e-02
   endloop
 endfacet
 facet normal  -5.8540728658e-01 0.0000000000e+00 -8.1073935937e-01
   outer loop
     vertex 1.7711394777e-02 4.8472574701e+00 -2.2352905260e-02
     vertex 7.8928270998e-03 4.8472574701e+00 -1.5263251853e-02
     vertex 1.7711394777e-02 4.9368219891e+00 -2.2352905260e-02
   endloop
 endfacet
 facet normal  -5.8540728658e-01 0.0000000000e+00 -8.1073935937e-01
   outer loop
     vertex 1.7711394777e-02 4.9368219891e+00 -2.2352905260e-02
     vertex 7.8928270998e-03 4.8472574701e+00 -1.5263251853e-02
     vertex 7.8928270998e-03 4.9368219891e+00 -1.5263251853e-02
   endloop
 endfacet
 facet normal  -7.6128093626e-01 0.0000000000e+00 -6.4842218969e-01
   outer loop
     vertex 7.8928270998e-03 4.8472574701e+00 -1.5263251853e-02
     vertex 2.8852305479e-03 4.8472574701e+00 -9.3840764449e-03
     vertex 7.8928270998e-03 4.9368219891e+00 -1.5263251853e-02
   endloop
 endfacet
 facet normal  -7.6128093626e-01 0.0000000000e+00 -6.4842218969e-01
   outer loop
     vertex 7.8928270998e-03 4.9368219891e+00 -1.5263251853e-02
     vertex 2.8852305479e-03 4.8472574701e+00 -9.3840764449e-03
     vertex 2.8852305479e-03 4.9368219891e+00 -9.3840764449e-03
   endloop
 endfacet
 facet normal  -9.0355742872e-01 0.0000000000e+00 -4.2846700341e-01
   outer loop
     vertex 2.8852305479e-03 4.8472574701e+00 -9.3840764449e-03
     vertex 7.8807384983e-04 4.8472574701e+00 -4.9615619954e-03
     vertex 2.8852305479e-03 4.9368219891e+00 -9.3840764449e-03
   endloop
 endfacet
 facet normal  -9.0355742872e-01 0.0000000000e+00 -4.2846700341e-01
   outer loop
     vertex 2.8852305479e-03 4.9368219891e+00 -9.3840764449e-03
     vertex 7.8807384983e-04 4.8472574701e+00 -4.9615619954e-03
     vertex 7.8807384983e-04 4.9368219891e+00 -4.9615619954e-03
   endloop
 endfacet
 facet normal  -9.7629917451e-01 0.0000000000e+00 -2.1642532625e-01
   outer loop
     vertex 7.8807384983e-04 4.8472574701e+00 -4.9615619954e-03
     vertex 1.1903597513e-04 4.8472574701e+00 -1.9435181458e-03
     vertex 7.8807384983e-04 4.9368219891e+00 -4.9615619954e-03
   endloop
 endfacet
 facet normal  -9.7629917451e-01 0.0000000000e+00 -2.1642532625e-01
   outer loop
     vertex 7.8807384983e-04 4.9368219891e+00 -4.9615619954e-03
     vertex 1.1903597513e-04 4.8472574701e+00 -1.9435181458e-03
     vertex 1.1903597513e-04 4.9368219891e+00 -1.9435181458e-03
   endloop
 endfacet
 facet normal  -9.9812962151e-01 0.0000000000e+00 -6.1133122455e-02
   outer loop
     vertex 1.1903597513e-04 4.8472574701e+00 -1.9435181458e-03
     vertex 0.0000000000e+00 4.8472574701e+00 0.0000000000e+00
     vertex 1.1903597513e-04 4.9368219891e+00 -1.9435181458e-03
   endloop
 endfacet
 facet normal  -9.9812962151e-01 0.0000000000e+00 -6.1133122455e-02
   outer loop
     vertex 1.1903597513e-04 4.9368219891e+00 -1.9435181458e-03
     vertex 0.0000000000e+00 4.8472574701e+00 0.0000000000e+00
     vertex 0.0000000000e+00 4.9368219891e+00 0.0000000000e+00
   endloop
 endfacet
 facet normal  -9.9812962151e-01 0.0000000000e+00 6.1133122455e-02
   outer loop
     vertex 0.0000000000e+00 4.8472574701e+00 0.0000000000e+00
     vertex 1.1903597513e-04 4.9368219891e+00 1.9435181458e-03
     vertex 0.0000000000e+00 4.9368219891e+00 0.0000000000e+00
   endloop
 endfacet
 facet normal  -9.9812962151e-01 0.0000000000e+00 6.1133122455e-02
   outer loop
     vertex 0.0000000000e+00 4.8472574701e+00 0.0000000000e+00
     vertex 1.1903597513e-04 4.8472574701e+00 1.9435181458e-03
     vertex 1.1903597513e-04 4.9368219891e+00 1.9435181458e-03
   endloop
 endfacet
 facet normal  -9.7629917451e-01 0.0000000000e+00 2.1642532625e-01
   outer loop
     vertex 1.1903597513e-04 4.8472574701e+00 1.9435181458e-03
     vertex 7.8807384983e-04 4.9368219891e+00 4.9615619954e-03
     vertex 1.1903597513e-04 4.9368219891e+00 1.9435181458e-03
   endloop
 endfacet
 facet normal  -9.7629917451e-01 -1.1818359518e-18 2.1642532625e-01
   outer loop
     vertex 1.1903597513e-04 4.8472574701e+00 1.9435181458e-03
     vertex 7.8807384983e-04 4.8472574701e+00 4.9615619954e-03
     vertex 7.8807384983e-04 4.9368219891e+00 4.9615619954e-03
   endloop
 endfacet
 facet normal  -9.0355742872e-01 -3.8643886817e-18 4.2846700341e-01
   outer loop
     vertex 7.8807384983e-04 4.8472574701e+00 4.9615619954e-03
     vertex 2.8852305479e-03 4.9368219891e+00 9.3840764449e-03
     vertex 7.8807384983e-04 4.9368219891e+00 4.9615619954e-03
   endloop
 endfacet
 facet normal  -9.0355742872e-01 0.0000000000e+00 4.2846700341e-01
   outer loop
     vertex 7.8807384983e-04 4.8472574701e+00 4.9615619954e-03
     vertex 2.8852305479e-03 4.8472574701e+00 9.3840764449e-03
     vertex 2.8852305479e-03 4.9368219891e+00 9.3840764449e-03
   endloop
 endfacet
 facet normal  -7.6128093626e-01 0.0000000000e+00 6.4842218969e-01
   outer loop
     vertex 2.8852305479e-03 4.8472574701e+00 9.3840764449e-03
     vertex 7.8928270998e-03 4.9368219891e+00 1.5263251853e-02
     vertex 2.8852305479e-03 4.9368219891e+00 9.3840764449e-03
   endloop
 endfacet
 facet normal  -7.6128093626e-01 0.0000000000e+00 6.4842218969e-01
   outer loop
     vertex 2.8852305479e-03 4.8472574701e+00 9.3840764449e-03
     vertex 7.8928270998e-03 4.8472574701e+00 1.5263251853e-02
     vertex 7.8928270998e-03 4.9368219891e+00 1.5263251853e-02
   endloop
 endfacet
 facet normal  -5.8540728658e-01 0.0000000000e+00 8.1073935937e-01
   outer loop
     vertex 7.8928270998e-03 4.8472574701e+00 1.5263251853e-02
     vertex 1.7711394777e-02 4.9368219891e+00 2.2352905260e-02
     vertex 7.8928270998e-03 4.9368219891e+00 1.5263251853e-02
   endloop
 endfacet
 facet normal  -5.8540728658e-01 0.0000000000e+00 8.1073935937e-01
   outer loop
     vertex 7.8928270998e-03 4.8472574701e+00 1.5263251853e-02
     vertex 1.7711394777e-02 4.8472574701e+00 2.2352905260e-02
     vertex 1.7711394777e-02 4.9368219891e+00 2.2352905260e-02
   endloop
 endfacet
 facet normal  -4.2610378432e-01 0.0000000000e+00 9.0467428669e-01
   outer loop
     vertex 1.7711394777e-02 4.8472574701e+00 2.2352905260e-02
     vertex 3.4701656177e-02 4.9368219891e+00 3.0355359608e-02
     vertex 1.7711394777e-02 4.9368219891e+00 2.2352905260e-02
   endloop
 endfacet
 facet normal  -4.2610378432e-01 0.0000000000e+00 9.0467428669e-01
   outer loop
     vertex 1.7711394777e-02 4.8472574701e+00 2.2352905260e-02
     vertex 3.4701656177e-02 4.8472574701e+00 3.0355359608e-02
     vertex 3.4701656177e-02 4.9368219891e+00 3.0355359608e-02
   endloop
 endfacet
 facet normal  -2.9935221327e-01 0.0000000000e+00 9.5414267927e-01
   outer loop
     vertex 3.4701656177e-02 4.8472574701e+00 3.0355359608e-02
     vertex 6.2004804867e-02 4.9368219891e+00 3.8921434858e-02
     vertex 3.4701656177e-02 4.9368219891e+00 3.0355359608e-02
   endloop
 endfacet
 facet normal  -2.9935221327e-01 0.0000000000e+00 9.5414267927e-01
   outer loop
     vertex 3.4701656177e-02 4.8472574701e+00 3.0355359608e-02
     vertex 6.2004804867e-02 4.8472574701e+00 3.8921434858e-02
     vertex 6.2004804867e-02 4.9368219891e+00 3.8921434858e-02
   endloop
 endfacet
 facet normal  -2.0023240962e-01 0.0000000000e+00 9.7974842798e-01
   outer loop
     vertex 6.2004804867e-02 4.8472574701e+00 3.8921434858e-02
     vertex 1.0361138312e-01 4.9368219891e+00 4.7424623209e-02
     vertex 6.2004804867e-02 4.9368219891e+00 3.8921434858e-02
   endloop
 endfacet
 facet normal  -2.0023240962e-01 0.0000000000e+00 9.7974842798e-01
   outer loop
     vertex 6.2004804867e-02 4.8472574701e+00 3.8921434858e-02
     vertex 1.0361138312e-01 4.8472574701e+00 4.7424623209e-02
     vertex 1.0361138312e-01 4.9368219891e+00 4.7424623209e-02
   endloop
 endfacet
 facet normal  -1.2076702739e-01 0.0000000000e+00 9.9268087777e-01
   outer loop
     vertex 1.0361138312e-01 4.8472574701e+00 4.7424623209e-02
     vertex 1.6380190832e-01 4.9368219891e+00 5.4747249210e-02
     vertex 1.0361138312e-01 4.9368219891e+00 4.7424623209e-02
   endloop
 endfacet
 facet normal  -1.2076702739e-01 0.0000000000e+00 9.9268087777e-01
   outer loop
     vertex 1.0361138312e-01 4.8472574701e+00 4.7424623209e-02
     vertex 1.6380190832e-01 4.8472574701e+00 5.4747249210e-02
     vertex 1.6380190832e-01 4.9368219891e+00 5.4747249210e-02
   endloop
 endfacet
 facet normal  -5.5453819818e-02 0.0000000000e+00 9.9846125306e-01
   outer loop
     vertex 1.6380190832e-01 4.8472574701e+00 5.4747249210e-02
     vertex 2.4565152047e-01 4.9368219891e+00 5.9293117796e-02
     vertex 1.6380190832e-01 4.9368219891e+00 5.4747249210e-02
   endloop
 endfacet
 facet normal  -5.5453819818e-02 0.0000000000e+00 9.9846125306e-01
   outer loop
     vertex 1.6380190832e-01 4.8472574701e+00 5.4747249210e-02
     vertex 2.4565152047e-01 4.8472574701e+00 5.9293117796e-02
     vertex 2.4565152047e-01 4.9368219891e+00 5.9293117796e-02
   endloop
 endfacet
 facet normal  -2.0754226775e-03 0.0000000000e+00 9.9999784631e-01
   outer loop
     vertex 2.4565152047e-01 4.8472574701e+00 5.9293117796e-02
     vertex 3.4867161706e-01 4.9368219891e+00 5.9506928501e-02
     vertex 2.4565152047e-01 4.9368219891e+00 5.9293117796e-02
   endloop
 endfacet
 facet normal  -2.0754226775e-03 0.0000000000e+00 9.9999784631e-01
   outer loop
     vertex 2.4565152047e-01 4.8472574701e+00 5.9293117796e-02
     vertex 3.4867161706e-01 4.8472574701e+00 5.9506928501e-02
     vertex 3.4867161706e-01 4.9368219891e+00 5.9506928501e-02
   endloop
 endfacet
 facet normal  3.9613515037e-02 0.0000000000e+00 9.9921507666e-01
   outer loop
     vertex 3.4867161706e-01 4.8472574701e+00 5.9506928501e-02
     vertex 4.6678824105e-01 4.9368219891e+00 5.4824238287e-02
     vertex 3.4867161706e-01 4.9368219891e+00 5.9506928501e-02
   endloop
 endfacet
 facet normal  3.9613515037e-02 -0.0000000000e+00 9.9921507666e-01
   outer loop
     vertex 3.4867161706e-01 4.8472574701e+00 5.9506928501e-02
     vertex 4.6678824105e-01 4.8472574701e+00 5.4824238287e-02
     vertex 4.6678824105e-01 4.9368219891e+00 5.4824238287e-02
   endloop
 endfacet
 facet normal  7.0157790253e-02 0.0000000000e+00 9.9753590635e-01
   outer loop
     vertex 4.6678824105e-01 4.8472574701e+00 5.4824238287e-02
     vertex 5.8876378780e-01 4.8472574701e+00 4.6245564808e-02
     vertex 4.6678824105e-01 4.9368219891e+00 5.4824238287e-02
   endloop
 endfacet
 facet normal  7.0157790253e-02 -0.0000000000e+00 9.9753590635e-01
   outer loop
     vertex 4.6678824105e-01 4.9368219891e+00 5.4824238287e-02
     vertex 5.8876378780e-01 4.8472574701e+00 4.6245564808e-02
     vertex 5.8876378780e-01 4.9368219891e+00 4.6245564808e-02
   endloop
 endfacet
 facet normal  9.1463328509e-02 0.0000000000e+00 9.9580844520e-01
   outer loop
     vertex 5.8876378780e-01 4.8472574701e+00 4.6245564808e-02
     vertex 7.0192689193e-01 4.8472574701e+00 3.5851724287e-02
     vertex 5.8876378780e-01 4.9368219891e+00 4.6245564808e-02
   endloop
 endfacet
 facet normal  9.1463328509e-02 -0.0000000000e+00 9.9580844520e-01
   outer loop
     vertex 5.8876378780e-01 4.9368219891e+00 4.6245564808e-02
     vertex 7.0192689193e-01 4.8472574701e+00 3.5851724287e-02
     vertex 7.0192689193e-01 4.9368219891e+00 3.5851724287e-02
   endloop
 endfacet
 facet normal  1.0637499606e-01 0.0000000000e+00 9.9432608344e-01
   outer loop
     vertex 7.0192689193e-01 4.8472574701e+00 3.5851724287e-02
     vertex 7.9695803833e-01 4.8472574701e+00 2.5685101897e-02
     vertex 7.0192689193e-01 4.9368219891e+00 3.5851724287e-02
   endloop
 endfacet
 facet normal  1.0637499606e-01 -0.0000000000e+00 9.9432608344e-01
   outer loop
     vertex 7.0192689193e-01 4.9368219891e+00 3.5851724287e-02
     vertex 7.9695803833e-01 4.8472574701e+00 2.5685101897e-02
     vertex 7.9695803833e-01 4.9368219891e+00 2.5685101897e-02
   endloop
 endfacet
 facet normal  1.1718870894e-01 0.0000000000e+00 9.9310966489e-01
   outer loop
     vertex 7.9695803833e-01 4.8472574701e+00 2.5685101897e-02
     vertex 8.7030448965e-01 4.8472574701e+00 1.7030090029e-02
     vertex 7.9695803833e-01 4.9368219891e+00 2.5685101897e-02
   endloop
 endfacet
 facet normal  1.1718870894e-01 -0.0000000000e+00 9.9310966489e-01
   outer loop
     vertex 7.9695803833e-01 4.9368219891e+00 2.5685101897e-02
     vertex 8.7030448965e-01 4.8472574701e+00 1.7030090029e-02
     vertex 8.7030448965e-01 4.9368219891e+00 1.7030090029e-02
   endloop
 endfacet
 facet normal  1.2513251854e-01 0.0000000000e+00 9.9214003689e-01
   outer loop
     vertex 8.7030448965e-01 4.8472574701e+00 1.7030090029e-02
     vertex 9.2331020388e-01 4.8472574701e+00 1.0344805420e-02
     vertex 8.7030448965e-01 4.9368219891e+00 1.7030090029e-02
   endloop
 endfacet
 facet normal  1.2513251854e-01 -0.0000000000e+00 9.9214003689e-01
   outer loop
     vertex 8.7030448965e-01 4.9368219891e+00 1.7030090029e-02
     vertex 9.2331020388e-01 4.8472574701e+00 1.0344805420e-02
     vertex 9.2331020388e-01 4.9368219891e+00 1.0344805420e-02
   endloop
 endfacet
 facet normal  1.3095350728e-01 0.0000000000e+00 9.9138851059e-01
   outer loop
     vertex 9.2331020388e-01 4.8472574701e+00 1.0344805420e-02
     vertex 9.5982161505e-01 4.8472574701e+00 5.5219763305e-03
     vertex 9.2331020388e-01 4.9368219891e+00 1.0344805420e-02
   endloop
 endfacet
 facet normal  1.3095350728e-01 -0.0000000000e+00 9.9138851059e-01
   outer loop
     vertex 9.2331020388e-01 4.9368219891e+00 1.0344805420e-02
     vertex 9.5982161505e-01 4.8472574701e+00 5.5219763305e-03
     vertex 9.5982161505e-01 4.9368219891e+00 5.5219763305e-03
   endloop
 endfacet
 facet normal  1.3505987260e-01 0.0000000000e+00 9.9083743915e-01
   outer loop
     vertex 9.5982161505e-01 4.8472574701e+00 5.5219763305e-03
     vertex 9.8414844626e-01 4.8472574701e+00 2.2060149078e-03
     vertex 9.5982161505e-01 4.9368219891e+00 5.5219763305e-03
   endloop
 endfacet
 facet normal  1.3505987260e-01 -0.0000000000e+00 9.9083743915e-01
   outer loop
     vertex 9.5982161505e-01 4.9368219891e+00 5.5219763305e-03
     vertex 9.8414844626e-01 4.8472574701e+00 2.2060149078e-03
     vertex 9.8414844626e-01 4.9368219891e+00 2.2060149078e-03
   endloop
 endfacet
 facet normal  1.3783871552e-01 0.0000000000e+00 9.9045468776e-01
   outer loop
     vertex 9.8414844626e-01 4.8472574701e+00 2.2060149078e-03
     vertex 1.0000000000e+00 4.8472574701e+00 0.0000000000e+00
     vertex 9.8414844626e-01 4.9368219891e+00 2.2060149078e-03
   endloop
 endfacet
 facet normal  1.3783871552e-01 -0.0000000000e+00 9.9045468776e-01
   outer loop
     vertex 9.8414844626e-01 4.9368219891e+00 2.2060149078e-03
     vertex 1.0000000000e+00 4.8472574701e+00 0.0000000000e+00
     vertex 1.0000000000e+00 4.9368219891e+00 0.0000000000e+00
   endloop
 endfacet
 facet normal  1.3783871552e-01 0.0000000000e+00 -9.9045468776e-01
   outer loop
     vertex 1.0000000000e+00 4.9368219891e+00 0.0000000000e+00
     vertex 9.8414844626e-01 5.0000000000e+00 -2.2060149078e-03
     vertex 1.0000000000e+00 5.0000000000e+00 0.0000000000e+00
   endloop
 endfacet
 facet normal  1.3783871552e-01 0.0000000000e+00 -9.9045468776e-01
   outer loop
     vertex 1.0000000000e+00 4.9368219891e+00 0.0000000000e+00
     vertex 9.8414844626e-01 4.9368219891e+00 -2.2060149078e-03
     vertex 9.8414844626e-01 5.0000000000e+00 -2.2060149078e-03
   endloop
 endfacet
 facet normal  1.3505987260e-01 0.0000000000e+00 -9.9083743915e-01
   outer loop
     vertex 9.8414844626e-01 4.9368219891e+00 -2.2060149078e-03
     vertex 9.5982161505e-01 5.0000000000e+00 -5.5219763305e-03
     vertex 9.8414844626e-01 5.0000000000e+00 -2.2060149078e-03
   endloop
 endfacet
 facet normal  1.3505987260e-01 0.0000000000e+00 -9.9083743915e-01
   outer loop
     vertex 9.8414844626e-01 4.9368219891e+00 -2.2060149078e-03
     vertex 9.5982161505e-01 4.9368219891e+00 -5.5219763305e-03
     vertex 9.5982161505e-01 5.0000000000e+00 -5.5219763305e-03
   endloop
 endfacet
 facet normal  1.3095350728e-01 0.0000000000e+00 -9.9138851059e-01
   outer loop
     vertex 9.5982161505e-01 4.9368219891e+00 -5.5219763305e-03
     vertex 9.2331020388e-01 5.0000000000e+00 -1.0344805420e-02
     vertex 9.5982161505e-01 5.0000000000e+00 -5.5219763305e-03
   endloop
 endfacet
 facet normal  1.3095350728e-01 0.0000000000e+00 -9.9138851059e-01
   outer loop
     vertex 9.5982161505e-01 4.9368219891e+00 -5.5219763305e-03
     vertex 9.2331020388e-01 4.9368219891e+00 -1.0344805420e-02
     vertex 9.2331020388e-01 5.0000000000e+00 -1.0344805420e-02
   endloop
 endfacet
 facet normal  1.2513251854e-01 0.0000000000e+00 -9.9214003689e-01
   outer loop
     vertex 9.2331020388e-01 4.9368219891e+00 -1.0344805420e-02
     vertex 8.7030448965e-01 5.0000000000e+00 -1.7030090029e-02
     vertex 9.2331020388e-01 5.0000000000e+00 -1.0344805420e-02
   endloop
 endfacet
 facet normal  1.2513251854e-01 0.0000000000e+00 -9.9214003689e-01
   outer loop
     vertex 9.2331020388e-01 4.9368219891e+00 -1.0344805420e-02
     vertex 8.7030448965e-01 4.9368219891e+00 -1.7030090029e-02
     vertex 8.7030448965e-01 5.0000000000e+00 -1.7030090029e-02
   endloop
 endfacet
 facet normal  1.1718870894e-01 0.0000000000e+00 -9.9310966489e-01
   outer loop
     vertex 8.7030448965e-01 4.9368219891e+00 -1.7030090029e-02
     vertex 7.9695803833e-01 5.0000000000e+00 -2.5685101897e-02
     vertex 8.7030448965e-01 5.0000000000e+00 -1.7030090029e-02
   endloop
 endfacet
 facet normal  1.1718870894e-01 0.0000000000e+00 -9.9310966489e-01
   outer loop
     vertex 8.7030448965e-01 4.9368219891e+00 -1.7030090029e-02
     vertex 7.9695803833e-01 4.9368219891e+00 -2.5685101897e-02
     vertex 7.9695803833e-01 5.0000000000e+00 -2.5685101897e-02
   endloop
 endfacet
 facet normal  1.0637499606e-01 0.0000000000e+00 -9.9432608344e-01
   outer loop
     vertex 7.9695803833e-01 4.9368219891e+00 -2.5685101897e-02
     vertex 7.0192689193e-01 5.0000000000e+00 -3.5851724287e-02
     vertex 7.9695803833e-01 5.0000000000e+00 -2.5685101897e-02
   endloop
 endfacet
 facet normal  1.0637499606e-01 0.0000000000e+00 -9.9432608344e-01
   outer loop
     vertex 7.9695803833e-01 4.9368219891e+00 -2.5685101897e-02
     vertex 7.0192689193e-01 4.9368219891e+00 -3.5851724287e-02
     vertex 7.0192689193e-01 5.0000000000e+00 -3.5851724287e-02
   endloop
 endfacet
 facet normal  9.1463328509e-02 0.0000000000e+00 -9.9580844520e-01
   outer loop
     vertex 7.0192689193e-01 4.9368219891e+00 -3.5851724287e-02
     vertex 5.8876378780e-01 5.0000000000e+00 -4.6245564808e-02
     vertex 7.0192689193e-01 5.0000000000e+00 -3.5851724287e-02
   endloop
 endfacet
 facet normal  9.1463328509e-02 0.0000000000e+00 -9.9580844520e-01
   outer loop
     vertex 7.0192689193e-01 4.9368219891e+00 -3.5851724287e-02
     vertex 5.8876378780e-01 4.9368219891e+00 -4.6245564808e-02
     vertex 5.8876378780e-01 5.0000000000e+00 -4.6245564808e-02
   endloop
 endfacet
 facet normal  7.0157790253e-02 0.0000000000e+00 -9.9753590635e-01
   outer loop
     vertex 5.8876378780e-01 4.9368219891e+00 -4.6245564808e-02
     vertex 4.6678824105e-01 5.0000000000e+00 -5.4824238287e-02
     vertex 5.8876378780e-01 5.0000000000e+00 -4.6245564808e-02
   endloop
 endfacet
 facet normal  7.0157790253e-02 0.0000000000e+00 -9.9753590635e-01
   outer loop
     vertex 5.8876378780e-01 4.9368219891e+00 -4.6245564808e-02
     vertex 4.6678824105e-01 4.9368219891e+00 -5.4824238287e-02
     vertex 4.6678824105e-01 5.0000000000e+00 -5.4824238287e-02
   endloop
 endfacet
 facet normal  3.9613515037e-02 0.0000000000e+00 -9.9921507666e-01
   outer loop
     vertex 4.6678824105e-01 4.9368219891e+00 -5.4824238287e-02
     vertex 3.4867161706e-01 4.9368219891e+00 -5.9506928501e-02
     vertex 4.6678824105e-01 5.0000000000e+00 -5.4824238287e-02
   endloop
 endfacet
 facet normal  3.9613515037e-02 0.0000000000e+00 -9.9921507666e-01
   outer loop
     vertex 4.6678824105e-01 5.0000000000e+00 -5.4824238287e-02
     vertex 3.4867161706e-01 4.9368219891e+00 -5.9506928501e-02
     vertex 3.4867161706e-01 5.0000000000e+00 -5.9506928501e-02
   endloop
 endfacet
 facet normal  -2.0754226775e-03 0.0000000000e+00 -9.9999784631e-01
   outer loop
     vertex 3.4867161706e-01 4.9368219891e+00 -5.9506928501e-02
     vertex 2.4565152047e-01 4.9368219891e+00 -5.9293117796e-02
     vertex 3.4867161706e-01 5.0000000000e+00 -5.9506928501e-02
   endloop
 endfacet
 facet normal  -2.0754226775e-03 0.0000000000e+00 -9.9999784631e-01
   outer loop
     vertex 3.4867161706e-01 5.0000000000e+00 -5.9506928501e-02
     vertex 2.4565152047e-01 4.9368219891e+00 -5.9293117796e-02
     vertex 2.4565152047e-01 5.0000000000e+00 -5.9293117796e-02
   endloop
 endfacet
 facet normal  -5.5453819818e-02 0.0000000000e+00 -9.9846125306e-01
   outer loop
     vertex 2.4565152047e-01 4.9368219891e+00 -5.9293117796e-02
     vertex 1.6380190832e-01 4.9368219891e+00 -5.4747249210e-02
     vertex 2.4565152047e-01 5.0000000000e+00 -5.9293117796e-02
   endloop
 endfacet
 facet normal  -5.5453819818e-02 0.0000000000e+00 -9.9846125306e-01
   outer loop
     vertex 2.4565152047e-01 5.0000000000e+00 -5.9293117796e-02
     vertex 1.6380190832e-01 4.9368219891e+00 -5.4747249210e-02
     vertex 1.6380190832e-01 5.0000000000e+00 -5.4747249210e-02
   endloop
 endfacet
 facet normal  -1.2076702739e-01 0.0000000000e+00 -9.9268087777e-01
   outer loop
     vertex 1.6380190832e-01 4.9368219891e+00 -5.4747249210e-02
     vertex 1.0361138312e-01 4.9368219891e+00 -4.7424623209e-02
     vertex 1.6380190832e-01 5.0000000000e+00 -5.4747249210e-02
   endloop
 endfacet
 facet normal  -1.2076702739e-01 0.0000000000e+00 -9.9268087777e-01
   outer loop
     vertex 1.6380190832e-01 5.0000000000e+00 -5.4747249210e-02
     vertex 1.0361138312e-01 4.9368219891e+00 -4.7424623209e-02
     vertex 1.0361138312e-01 5.0000000000e+00 -4.7424623209e-02
   endloop
 endfacet
 facet normal  -2.0023240962e-01 0.0000000000e+00 -9.7974842798e-01
   outer loop
     vertex 1.0361138312e-01 4.9368219891e+00 -4.7424623209e-02
     vertex 6.2004804867e-02 4.9368219891e+00 -3.8921434858e-02
     vertex 1.0361138312e-01 5.0000000000e+00 -4.7424623209e-02
   endloop
 endfacet
 facet normal  -2.0023240962e-01 0.0000000000e+00 -9.7974842798e-01
   outer loop
     vertex 1.0361138312e-01 5.0000000000e+00 -4.7424623209e-02
     vertex 6.2004804867e-02 4.9368219891e+00 -3.8921434858e-02
     vertex 6.2004804867e-02 5.0000000000e+00 -3.8921434858e-02
   endloop
 endfacet
 facet normal  -2.9935221327e-01 0.0000000000e+00 -9.5414267927e-01
   outer loop
     vertex 6.2004804867e-02 4.9368219891e+00 -3.8921434858e-02
     vertex 3.4701656177e-02 4.9368219891e+00 -3.0355359608e-02
     vertex 6.2004804867e-02 5.0000000000e+00 -3.8921434858e-02
   endloop
 endfacet
 facet normal  -2.9935221327e-01 0.0000000000e+00 -9.5414267927e-01
   outer loop
     vertex 6.2004804867e-02 5.0000000000e+00 -3.8921434858e-02
     vertex 3.4701656177e-02 4.9368219891e+00 -3.0355359608e-02
     vertex 3.4701656177e-02 5.0000000000e+00 -3.0355359608e-02
   endloop
 endfacet
 facet normal  -4.2610378432e-01 0.0000000000e+00 -9.0467428669e-01
   outer loop
     vertex 3.4701656177e-02 4.9368219891e+00 -3.0355359608e-02
     vertex 1.7711394777e-02 4.9368219891e+00 -2.2352905260e-02
     vertex 3.4701656177e-02 5.0000000000e+00 -3.0355359608e-02
   endloop
 endfacet
 facet normal  -4.2610378432e-01 0.0000000000e+00 -9.0467428669e-01
   outer loop
     vertex 3.4701656177e-02 5.0000000000e+00 -3.0355359608e-02
     vertex 1.7711394777e-02 4.9368219891e+00 -2.2352905260e-02
     vertex 1.7711394777e-02 5.0000000000e+00 -2.2352905260e-02
   endloop
 endfacet
 facet normal  -5.8540728658e-01 0.0000000000e+00 -8.1073935937e-01
   outer loop
     vertex 1.7711394777e-02 4.9368219891e+00 -2.2352905260e-02
     vertex 7.8928270998e-03 4.9368219891e+00 -1.5263251853e-02
     vertex 1.7711394777e-02 5.0000000000e+00 -2.2352905260e-02
   endloop
 endfacet
 facet normal  -5.8540728658e-01 0.0000000000e+00 -8.1073935937e-01
   outer loop
     vertex 1.7711394777e-02 5.0000000000e+00 -2.2352905260e-02
     vertex 7.8928270998e-03 4.9368219891e+00 -1.5263251853e-02
     vertex 7.8928270998e-03 5.0000000000e+00 -1.5263251853e-02
   endloop
 endfacet
 facet normal  -7.6128093626e-01 0.0000000000e+00 -6.4842218969e-01
   outer loop
     vertex 7.8928270998e-03 4.9368219891e+00 -1.5263251853e-02
     vertex 2.8852305479e-03 4.9368219891e+00 -9.3840764449e-03
     vertex 7.8928270998e-03 5.0000000000e+00 -1.5263251853e-02
   endloop
 endfacet
 facet normal  -7.6128093626e-01 0.0000000000e+00 -6.4842218969e-01
   outer loop
     vertex 7.8928270998e-03 5.0000000000e+00 -1.5263251853e-02
     vertex 2.8852305479e-03 4.9368219891e+00 -9.3840764449e-03
     vertex 2.8852305479e-03 5.0000000000e+00 -9.3840764449e-03
   endloop
 endfacet
 facet normal  -9.0355742872e-01 0.0000000000e+00 -4.2846700341e-01
   outer loop
     vertex 2.8852305479e-03 4.9368219891e+00 -9.3840764449e-03
     vertex 7.8807384983e-04 4.9368219891e+00 -4.9615619954e-03
     vertex 2.8852305479e-03 5.0000000000e+00 -9.3840764449e-03
   endloop
 endfacet
 facet normal  -9.0355742872e-01 0.0000000000e+00 -4.2846700341e-01
   outer loop
     vertex 2.8852305479e-03 5.0000000000e+00 -9.3840764449e-03
     vertex 7.8807384983e-04 4.9368219891e+00 -4.9615619954e-03
     vertex 7.8807384983e-04 5.0000000000e+00 -4.9615619954e-03
   endloop
 endfacet
 facet normal  -9.7629917451e-01 0.0000000000e+00 -2.1642532625e-01
   outer loop
     vertex 7.8807384983e-04 4.9368219891e+00 -4.9615619954e-03
     vertex 1.1903597513e-04 4.9368219891e+00 -1.9435181458e-03
     vertex 7.8807384983e-04 5.0000000000e+00 -4.9615619954e-03
   endloop
 endfacet
 facet normal  -9.7629917451e-01 0.0000000000e+00 -2.1642532625e-01
   outer loop
     vertex 7.8807384983e-04 5.0000000000e+00 -4.9615619954e-03
     vertex 1.1903597513e-04 4.9368219891e+00 -1.9435181458e-03
     vertex 1.1903597513e-04 5.0000000000e+00 -1.9435181458e-03
   endloop
 endfacet
 facet normal  -9.9812962151e-01 0.0000000000e+00 -6.1133122455e-02
   outer loop
     vertex 1.1903597513e-04 4.9368219891e+00 -1.9435181458e-03
     vertex 0.0000000000e+00 4.9368219891e+00 0.0000000000e+00
     vertex 1.1903597513e-04 5.0000000000e+00 -1.9435181458e-03
   endloop
 endfacet
 facet normal  -9.9812962151e-01 0.0000000000e+00 -6.1133122455e-02
   outer loop
     vertex 1.1903597513e-04 5.0000000000e+00 -1.9435181458e-03
     vertex 0.0000000000e+00 4.9368219891e+00 0.0000000000e+00
     vertex 0.0000000000e+00 5.0000000000e+00 0.0000000000e+00
   endloop
 endfacet
 facet normal  -9.9812962151e-01 0.0000000000e+00 6.1133122455e-02
   outer loop
     vertex 0.0000000000e+00 4.9368219891e+00 0.0000000000e+00
     vertex 1.1903597513e-04 5.0000000000e+00 1.9435181458e-03
     vertex 0.0000000000e+00 5.0000000000e+00 0.0000000000e+00
   endloop
 endfacet
 facet normal  -9.9812962151e-01 0.0000000000e+00 6.1133122455e-02
   outer loop
     vertex 0.0000000000e+00 4.9368219891e+00 0.0000000000e+00
     vertex 1.1903597513e-04 4.9368219891e+00 1.9435181458e-03
     vertex 1.1903597513e-04 5.0000000000e+00 1.9435181458e-03
   endloop
 endfacet
 facet normal  -9.7629917451e-01 0.0000000000e+00 2.1642532625e-01
   outer loop
     vertex 1.1903597513e-04 4.9368219891e+00 1.9435181458e-03
     vertex 7.8807384983e-04 5.0000000000e+00 4.9615619954e-03
     vertex 1.1903597513e-04 5.0000000000e+00 1.9435181458e-03
   endloop
 endfacet
 facet normal  -9.7629917451e-01 1.6754337016e-18 2.1642532625e-01
   outer loop
     vertex 1.1903597513e-04 4.9368219891e+00 1.9435181458e-03
     vertex 7.8807384983e-04 4.9368219891e+00 4.9615619954e-03
     vertex 7.8807384983e-04 5.0000000000e+00 4.9615619954e-03
   endloop
 endfacet
 facet normal  -9.0355742872e-01 5.4783635778e-18 4.2846700341e-01
   outer loop
     vertex 7.8807384983e-04 4.9368219891e+00 4.9615619954e-03
     vertex 2.8852305479e-03 5.0000000000e+00 9.3840764449e-03
     vertex 7.8807384983e-04 5.0000000000e+00 4.9615619954e-03
   endloop
 endfacet
 facet normal  -9.0355742872e-01 0.0000000000e+00 4.2846700341e-01
   outer loop
     vertex 7.8807384983e-04 4.9368219891e+00 4.9615619954e-03
     vertex 2.8852305479e-03 4.9368219891e+00 9.3840764449e-03
     vertex 2.8852305479e-03 5.0000000000e+00 9.3840764449e-03
   endloop
 endfacet
 facet normal  -7.6128093626e-01 0.0000000000e+00 6.4842218969e-01
   outer loop
     vertex 2.8852305479e-03 4.9368219891e+00 9.3840764449e-03
     vertex 7.8928270998e-03 5.0000000000e+00 1.5263251853e-02
     vertex 2.8852305479e-03 5.0000000000e+00 9.3840764449e-03
   endloop
 endfacet
 facet normal  -7.6128093626e-01 0.0000000000e+00 6.4842218969e-01
   outer loop
     vertex 2.8852305479e-03 4.9368219891e+00 9.3840764449e-03
     vertex 7.8928270998e-03 4.9368219891e+00 1.5263251853e-02
     vertex 7.8928270998e-03 5.0000000000e+00 1.5263251853e-02
   endloop
 endfacet
 facet normal  -5.8540728658e-01 0.0000000000e+00 8.1073935937e-01
   outer loop
     vertex 7.8928270998e-03 4.9368219891e+00 1.5263251853e-02
     vertex 1.7711394777e-02 5.0000000000e+00 2.2352905260e-02
     vertex 7.8928270998e-03 5.0000000000e+00 1.5263251853e-02
   endloop
 endfacet
 facet normal  -5.8540728658e-01 0.0000000000e+00 8.1073935937e-01
   outer loop
     vertex 7.8928270998e-03 4.9368219891e+00 1.5263251853e-02
     vertex 1.7711394777e-02 4.9368219891e+00 2.2352905260e-02
     vertex 1.7711394777e-02 5.0000000000e+00 2.2352905260e-02
   endloop
 endfacet
 facet normal  -4.2610378432e-01 0.0000000000e+00 9.0467428669e-01
   outer loop
     vertex 1.7711394777e-02 4.9368219891e+00 2.2352905260e-02
     vertex 3.4701656177e-02 5.0000000000e+00 3.0355359608e-02
     vertex 1.7711394777e-02 5.0000000000e+00 2.2352905260e-02
   endloop
 endfacet
 facet normal  -4.2610378432e-01 0.0000000000e+00 9.0467428669e-01
   outer loop
     vertex 1.7711394777e-02 4.9368219891e+00 2.2352905260e-02
     vertex 3.4701656177e-02 4.9368219891e+00 3.0355359608e-02
     vertex 3.4701656177e-02 5.0000000000e+00 3.0355359608e-02
   endloop
 endfacet
 facet normal  -2.9935221327e-01 0.0000000000e+00 9.5414267927e-01
   outer loop
     vertex 3.4701656177e-02 4.9368219891e+00 3.0355359608e-02
     vertex 6.2004804867e-02 5.0000000000e+00 3.8921434858e-02
     vertex 3.4701656177e-02 5.0000000000e+00 3.0355359608e-02
   endloop
 endfacet
 facet normal  -2.9935221327e-01 0.0000000000e+00 9.5414267927e-01
   outer loop
     vertex 3.4701656177e-02 4.9368219891e+00 3.0355359608e-02
     vertex 6.2004804867e-02 4.9368219891e+00 3.8921434858e-02
     vertex 6.2004804867e-02 5.0000000000e+00 3.8921434858e-02
   endloop
 endfacet
 facet normal  -2.0023240962e-01 0.0000000000e+00 9.7974842798e-01
   outer loop
     vertex 6.2004804867e-02 4.9368219891e+00 3.8921434858e-02
     vertex 1.0361138312e-01 5.0000000000e+00 4.7424623209e-02
     vertex 6.2004804867e-02 5.0000000000e+00 3.8921434858e-02
   endloop
 endfacet
 facet normal  -2.0023240962e-01 0.0000000000e+00 9.7974842798e-01
   outer loop
     vertex 6.2004804867e-02 4.9368219891e+00 3.8921434858e-02
     vertex 1.0361138312e-01 4.9368219891e+00 4.7424623209e-02
     vertex 1.0361138312e-01 5.0000000000e+00 4.7424623209e-02
   endloop
 endfacet
 facet normal  -1.2076702739e-01 0.0000000000e+00 9.9268087777e-01
   outer loop
     vertex 1.0361138312e-01 4.9368219891e+00 4.7424623209e-02
     vertex 1.6380190832e-01 5.0000000000e+00 5.4747249210e-02
     vertex 1.0361138312e-01 5.0000000000e+00 4.7424623209e-02
   endloop
 endfacet
 facet normal  -1.2076702739e-01 0.0000000000e+00 9.9268087777e-01
   outer loop
     vertex 1.0361138312e-01 4.9368219891e+00 4.7424623209e-02
     vertex 1.6380190832e-01 4.9368219891e+00 5.4747249210e-02
     vertex 1.6380190832e-01 5.0000000000e+00 5.4747249210e-02
   endloop
 endfacet
 facet normal  -5.5453819818e-02 0.0000000000e+00 9.9846125306e-01
   outer loop
     vertex 1.6380190832e-01 4.9368219891e+00 5.4747249210e-02
     vertex 2.4565152047e-01 5.0000000000e+00 5.9293117796e-02
     vertex 1.6380190832e-01 5.0000000000e+00 5.4747249210e-02
   endloop
 endfacet
 facet normal  -5.5453819818e-02 0.0000000000e+00 9.9846125306e-01
   outer loop
     vertex 1.6380190832e-01 4.9368219891e+00 5.4747249210e-02
     vertex 2.4565152047e-01 4.9368219891e+00 5.9293117796e-02
     vertex 2.4565152047e-01 5.0000000000e+00 5.9293117796e-02
   endloop
 endfacet
 facet normal  -2.0754226775e-03 0.0000000000e+00 9.9999784631e-01
   outer loop
     vertex 2.4565152047e-01 4.9368219891e+00 5.9293117796e-02
     vertex 3.4867161706e-01 5.0000000000e+00 5.9506928501e-02
     vertex 2.4565152047e-01 5.0000000000e+00 5.9293117796e-02
   endloop
 endfacet
 facet normal  -2.0754226775e-03 0.0000000000e+00 9.9999784631e-01
   outer loop
     vertex 2.4565152047e-01 4.9368219891e+00 5.9293117796e-02
     vertex 3.4867161706e-01 4.9368219891e+00 5.9506928501e-02
     vertex 3.4867161706e-01 5.0000000000e+00 5.9506928501e-02
   endloop
 endfacet
 facet normal  3.9613515037e-02 0.0000000000e+00 9.9921507666e-01
   outer loop
     vertex 3.4867161706e-01 4.9368219891e+00 5.9506928501e-02
     vertex 4.6678824105e-01 5.0000000000e+00 5.4824238287e-02
     vertex 3.4867161706e-01 5.0000000000e+00 5.9506928501e-02
   endloop
 endfacet
 facet normal  3.9613515037e-02 -0.0000000000e+00 9.9921507666e-01
   outer loop
     vertex 3.4867161706e-01 4.9368219891e+00 5.9506928501e-02
     vertex 4.6678824105e-01 4.9368219891e+00 5.4824238287e-02
     vertex 4.6678824105e-01 5.0000000000e+00 5.4824238287e-02
   endloop
 endfacet
 facet normal  7.0157790253e-02 0.0000000000e+00 9.9753590635e-01
   outer loop
     vertex 4.6678824105e-01 4.9368219891e+00 5.4824238287e-02
     vertex 5.8876378780e-01 4.9368219891e+00 4.6245564808e-02
     vertex 4.6678824105e-01 5.0000000000e+00 5.4824238287e-02
   endloop
 endfacet
 facet normal  7.0157790253e-02 -0.0000000000e+00 9.9753590635e-01
   outer loop
     vertex 4.6678824105e-01 5.0000000000e+00 5.4824238287e-02
     vertex 5.8876378780e-01 4.9368219891e+00 4.6245564808e-02
     vertex 5.8876378780e-01 5.0000000000e+00 4.6245564808e-02
   endloop
 endfacet
 facet normal  9.1463328509e-02 0.0000000000e+00 9.9580844520e-01
   outer loop
     vertex 5.8876378780e-01 4.9368219891e+00 4.6245564808e-02
     vertex 7.0192689193e-01 4.9368219891e+00 3.5851724287e-02
     vertex 5.8876378780e-01 5.0000000000e+00 4.6245564808e-02
   endloop
 endfacet
 facet normal  9.1463328509e-02 -0.0000000000e+00 9.9580844520e-01
   outer loop
     vertex 5.8876378780e-01 5.0000000000e+00 4.6245564808e-02
     vertex 7.0192689193e-01 4.9368219891e+00 3.5851724287e-02
     vertex 7.0192689193e-01 5.0000000000e+00 3.5851724287e-02
   endloop
 endfacet
 facet normal  1.0637499606e-01 0.0000000000e+00 9.9432608344e-01
   outer loop
     vertex 7.0192689193e-01 4.9368219891e+00 3.5851724287e-02
     vertex 7.9695803833e-01 4.9368219891e+00 2.5685101897e-02
     vertex 7.0192689193e-01 5.0000000000e+00 3.5851724287e-02
   endloop
 endfacet
 facet normal  1.0637499606e-01 -0.0000000000e+00 9.9432608344e-01
   outer loop
     vertex 7.0192689193e-01 5.0000000000e+00 3.5851724287e-02
     vertex 7.9695803833e-01 4.9368219891e+00 2.5685101897e-02
     vertex 7.9695803833e-01 5.0000000000e+00 2.5685101897e-02
   endloop
 endfacet
 facet normal  1.1718870894e-01 0.0000000000e+00 9.9310966489e-01
   outer loop
     vertex 7.9695803833e-01 4.9368219891e+00 2.5685101897e-02
     vertex 8.7030448965e-01 4.9368219891e+00 1.7030090029e-02
     vertex 7.9695803833e-01 5.0000000000e+00 2.5685101897e-02
   endloop
 endfacet
 facet normal  1.1718870894e-01 -0.0000000000e+00 9.9310966489e-01
   outer loop
     vertex 7.9695803833e-01 5.0000000000e+00 2.5685101897e-02
     vertex 8.7030448965e-01 4.9368219891e+00 1.7030090029e-02
     vertex 8.7030448965e-01 5.0000000000e+00 1.7030090029e-02
   endloop
 endfacet
 facet normal  1.2513251854e-01 0.0000000000e+00 9.9214003689e-01
   outer loop
     vertex 8.7030448965e-01 4.9368219891e+00 1.7030090029e-02
     vertex 9.2331020388e-01 4.9368219891e+00 1.0344805420e-02
     vertex 8.7030448965e-01 5.0000000000e+00 1.7030090029e-02
   endloop
 endfacet
 facet normal  1.2513251854e-01 -0.0000000000e+00 9.9214003689e-01
   outer loop
     vertex 8.7030448965e-01 5.0000000000e+00 1.7030090029e-02
     vertex 9.2331020388e-01 4.9368219891e+00 1.0344805420e-02
     vertex 9.2331020388e-01 5.0000000000e+00 1.0344805420e-02
   endloop
 endfacet
 facet normal  1.3095350728e-01 0.0000000000e+00 9.9138851059e-01
   outer loop
     vertex 9.2331020388e-01 4.9368219891e+00 1.0344805420e-02
     vertex 9.5982161505e-01 4.9368219891e+00 5.5219763305e-03
     vertex 9.2331020388e-01 5.0000000000e+00 1.0344805420e-02
   endloop
 endfacet
 facet normal  1.3095350728e-01 -0.0000000000e+00 9.9138851059e-01
   outer loop
     vertex 9.2331020388e-01 5.0000000000e+00 1.0344805420e-02
     vertex 9.5982161505e-01 4.9368219891e+00 5.5219763305e-03
     vertex 9.5982161505e-01 5.0000000000e+00 5.5219763305e-03
   endloop
 endfacet
 facet normal  1.3505987260e-01 0.0000000000e+00 9.9083743915e-01
   outer loop
     vertex 9.5982161505e-01 4.9368219891e+00 5.5219763305e-03
     vertex 9.8414844626e-01 4.9368219891e+00 2.2060149078e-03
     vertex 9.5982161505e-01 5.0000000000e+00 5.5219763305e-03
   endloop
 endfacet
 facet normal  1.3505987260e-01 -0.0000000000e+00 9.9083743915e-01
   outer loop
     vertex 9.5982161505e-01 5.0000000000e+00 5.5219763305e-03
     vertex 9.8414844626e-01 4.9368219891e+00 2.2060149078e-03
     vertex 9.8414844626e-01 5.0000000000e+00 2.2060149078e-03
   endloop
 endfacet
 facet normal  1.3783871552e-01 0.0000000000e+00 9.9045468776e-01
   outer loop
     vertex 9.8414844626e-01 4.9368219891e+00 2.2060149078e-03
     vertex 1.0000000000e+00 4.9368219891e+00 0.0000000000e+00
     vertex 9.8414844626e-01 5.0000000000e+00 2.2060149078e-03
   endloop
 endfacet
 facet normal  1.3783871552e-01 -0.0000000000e+00 9.9045468776e-01
   outer loop
     vertex 9.8414844626e-01 5.0000000000e+00 2.2060149078e-03
     vertex 1.0000000000e+00 4.9368219891e+00 0.0000000000e+00
     vertex 1.0000000000e+00 5.0000000000e+00 0.0000000000e+00
   endloop
 endfacet
 facet normal  1.2751160013e-01 3.7977651214e-01 -9.1624810650e-01
   outer loop
     vertex 1.0000000000e+00 5.0000000000e+00 0.0000000000e+00
     vertex 9.8414844626e-01 5.0000000000e+00 -2.2060149078e-03
     vertex 9.8414844626e-01 5.0015595822e+00 -1.5595822433e-03
   endloop
 endfacet
 facet normal  1.2493398843e-01 3.7990209516e-01 -9.1655108785e-01
   outer loop
     vertex 9.8414844626e-01 5.0000000000e+00 -2.2060149078e-03
     vertex 9.5982161505e-01 5.0039038613e+00 -3.9038613034e-03
     vertex 9.8414844626e-01 5.0015595822e+00 -1.5595822433e-03
   endloop
 endfacet
 facet normal  1.2493398843e-01 3.7990209516e-01 -9.1655108785e-01
   outer loop
     vertex 9.8414844626e-01 5.0000000000e+00 -2.2060149078e-03
     vertex 9.5982161505e-01 5.0000000000e+00 -5.5219763305e-03
     vertex 9.5982161505e-01 5.0039038613e+00 -3.9038613034e-03
   endloop
 endfacet
 facet normal  1.2112576588e-01 3.8008286810e-01 -9.1698722031e-01
   outer loop
     vertex 9.5982161505e-01 5.0000000000e+00 -5.5219763305e-03
     vertex 9.2331020388e-01 5.0073134478e+00 -7.3134477866e-03
     vertex 9.5982161505e-01 5.0039038613e+00 -3.9038613034e-03
   endloop
 endfacet
 facet normal  1.2112576588e-01 3.8008286810e-01 -9.1698722031e-01
   outer loop
     vertex 9.5982161505e-01 5.0000000000e+00 -5.5219763305e-03
     vertex 9.2331020388e-01 5.0000000000e+00 -1.0344805420e-02
     vertex 9.2331020388e-01 5.0073134478e+00 -7.3134477866e-03
   endloop
 endfacet
 facet normal  1.1572895047e-01 3.8032932788e-01 -9.1758182871e-01
   outer loop
     vertex 9.2331020388e-01 5.0000000000e+00 -1.0344805420e-02
     vertex 8.7030448965e-01 5.0120397310e+00 -1.2039730973e-02
     vertex 9.2331020388e-01 5.0073134478e+00 -7.3134477866e-03
   endloop
 endfacet
 facet normal  1.1572895047e-01 3.8032932788e-01 -9.1758182871e-01
   outer loop
     vertex 9.2331020388e-01 5.0000000000e+00 -1.0344805420e-02
     vertex 8.7030448965e-01 5.0000000000e+00 -1.7030090029e-02
     vertex 8.7030448965e-01 5.0120397310e+00 -1.2039730973e-02
   endloop
 endfacet
 facet normal  1.0836678321e-01 3.8064719348e-01 -9.1834871067e-01
   outer loop
     vertex 8.7030448965e-01 5.0000000000e+00 -1.7030090029e-02
     vertex 7.9695803833e-01 5.0181585486e+00 -1.8158548564e-02
     vertex 8.7030448965e-01 5.0120397310e+00 -1.2039730973e-02
   endloop
 endfacet
 facet normal  1.0836678321e-01 3.8064719348e-01 -9.1834871067e-01
   outer loop
     vertex 8.7030448965e-01 5.0000000000e+00 -1.7030090029e-02
     vertex 7.9695803833e-01 5.0000000000e+00 -2.5685101897e-02
     vertex 7.9695803833e-01 5.0181585486e+00 -1.8158548564e-02
   endloop
 endfacet
 facet normal  9.8349659420e-02 3.8104577177e-01 -9.1931031992e-01
   outer loop
     vertex 7.9695803833e-01 5.0000000000e+00 -2.5685101897e-02
     vertex 7.0192689193e-01 5.0253460266e+00 -2.5346026627e-02
     vertex 7.9695803833e-01 5.0181585486e+00 -1.8158548564e-02
   endloop
 endfacet
 facet normal  9.8349659420e-02 3.8104577177e-01 -9.1931031992e-01
   outer loop
     vertex 7.9695803833e-01 5.0000000000e+00 -2.5685101897e-02
     vertex 7.0192689193e-01 5.0000000000e+00 -3.5851724287e-02
     vertex 7.0192689193e-01 5.0253460266e+00 -2.5346026627e-02
   endloop
 endfacet
 facet normal  8.4544672830e-02 3.8153120340e-01 -9.2048147137e-01
   outer loop
     vertex 7.0192689193e-01 5.0000000000e+00 -3.5851724287e-02
     vertex 5.8876378780e-01 5.0326941407e+00 -3.2694140666e-02
     vertex 7.0192689193e-01 5.0253460266e+00 -2.5346026627e-02
   endloop
 endfacet
 facet normal  8.4544672830e-02 3.8153120340e-01 -9.2048147137e-01
   outer loop
     vertex 7.0192689193e-01 5.0000000000e+00 -3.5851724287e-02
     vertex 5.8876378780e-01 5.0000000000e+00 -4.6245564808e-02
     vertex 5.8876378780e-01 5.0326941407e+00 -3.2694140666e-02
   endloop
 endfacet
 facet normal  6.4834387572e-02 3.8209650014e-01 -9.2184530523e-01
   outer loop
     vertex 5.8876378780e-01 5.0000000000e+00 -4.6245564808e-02
     vertex 4.6678824105e-01 5.0387589895e+00 -3.8758989450e-02
     vertex 5.8876378780e-01 5.0326941407e+00 -3.2694140666e-02
   endloop
 endfacet
 facet normal  6.4834387572e-02 3.8209650014e-01 -9.2184530523e-01
   outer loop
     vertex 5.8876378780e-01 5.0000000000e+00 -4.6245564808e-02
     vertex 4.6678824105e-01 5.0000000000e+00 -5.4824238287e-02
     vertex 4.6678824105e-01 5.0387589895e+00 -3.8758989450e-02
   endloop
 endfacet
 facet normal  3.6598736761e-02 3.8264558332e-01 -9.2317002228e-01
   outer loop
     vertex 4.6678824105e-01 5.0000000000e+00 -5.4824238287e-02
     vertex 3.4867161706e-01 5.0000000000e+00 -5.9506928501e-02
     vertex 4.6678824105e-01 5.0387589895e+00 -3.8758989450e-02
   endloop
 endfacet
 facet normal  3.6598736761e-02 3.8264558332e-01 -9.2317002228e-01
   outer loop
     vertex 4.6678824105e-01 5.0387589895e+00 -3.8758989450e-02
     vertex 3.4867161706e-01 5.0000000000e+00 -5.9506928501e-02
     vertex 3.4867161706e-01 5.0420695022e+00 -4.2069502213e-02
   endloop
 endfacet
 facet normal  -1.9172530838e-03 3.8290140798e-01 -9.2378722437e-01
   outer loop
     vertex 3.4867161706e-01 5.0000000000e+00 -5.9506928501e-02
     vertex 2.4565152047e-01 5.0000000000e+00 -5.9293117796e-02
     vertex 3.4867161706e-01 5.0420695022e+00 -4.2069502213e-02
   endloop
 endfacet
 facet normal  -1.9172530838e-03 3.8290140798e-01 -9.2378722437e-01
   outer loop
     vertex 3.4867161706e-01 5.0420695022e+00 -4.2069502213e-02
     vertex 2.4565152047e-01 5.0000000000e+00 -5.9293117796e-02
     vertex 2.4565152047e-01 5.0419183449e+00 -4.1918344858e-02
   endloop
 endfacet
 facet normal  -5.1239176507e-02 3.8239913558e-01 -9.2257544293e-01
   outer loop
     vertex 2.4565152047e-01 5.0000000000e+00 -5.9293117796e-02
     vertex 1.6380190832e-01 5.0000000000e+00 -5.4747249210e-02
     vertex 2.4565152047e-01 5.0419183449e+00 -4.1918344858e-02
   endloop
 endfacet
 facet normal  -5.1239176507e-02 3.8239913558e-01 -9.2257544293e-01
   outer loop
     vertex 2.4565152047e-01 5.0419183449e+00 -4.1918344858e-02
     vertex 1.6380190832e-01 5.0000000000e+00 -5.4747249210e-02
     vertex 1.6380190832e-01 5.0387045606e+00 -3.8704560626e-02
   endloop
 endfacet
 facet normal  -1.1168271255e-01 3.8050664417e-01 -9.1800962166e-01
   outer loop
     vertex 1.6380190832e-01 5.0000000000e+00 -5.4747249210e-02
     vertex 1.0361138312e-01 5.0000000000e+00 -4.7424623209e-02
     vertex 1.6380190832e-01 5.0387045606e+00 -3.8704560626e-02
   endloop
 endfacet
 facet normal  -1.1168271255e-01 3.8050664417e-01 -9.1800962166e-01
   outer loop
     vertex 1.6380190832e-01 5.0387045606e+00 -3.8704560626e-02
     vertex 1.0361138312e-01 5.0000000000e+00 -4.7424623209e-02
     vertex 1.0361138312e-01 5.0335276974e+00 -3.3527697384e-02
   endloop
 endfacet
 facet normal  -1.8551854297e-01 3.7625522343e-01 -9.0775265191e-01
   outer loop
     vertex 1.0361138312e-01 5.0000000000e+00 -4.7424623209e-02
     vertex 6.2004804867e-02 5.0000000000e+00 -3.8921434858e-02
     vertex 1.0361138312e-01 5.0335276974e+00 -3.3527697384e-02
   endloop
 endfacet
 facet normal  -1.8551854297e-01 3.7625522343e-01 -9.0775265191e-01
   outer loop
     vertex 1.0361138312e-01 5.0335276974e+00 -3.3527697384e-02
     vertex 6.2004804867e-02 5.0000000000e+00 -3.8921434858e-02
     vertex 6.2004804867e-02 5.0275162142e+00 -2.7516214182e-02
   endloop
 endfacet
 facet normal  -2.7837298405e-01 3.6776715949e-01 -8.8727436464e-01
   outer loop
     vertex 6.2004804867e-02 5.0000000000e+00 -3.8921434858e-02
     vertex 3.4701656177e-02 5.0000000000e+00 -3.0355359608e-02
     vertex 6.2004804867e-02 5.0275162142e+00 -2.7516214182e-02
   endloop
 endfacet
 facet normal  -2.7837298405e-01 3.6776715949e-01 -8.8727436464e-01
   outer loop
     vertex 6.2004804867e-02 5.0275162142e+00 -2.7516214182e-02
     vertex 3.4701656177e-02 5.0000000000e+00 -3.0355359608e-02
     vertex 3.4701656177e-02 5.0214602719e+00 -2.1460271945e-02
   endloop
 endfacet
 facet normal  -3.9897612515e-01 3.5110642354e-01 -8.4707870408e-01
   outer loop
     vertex 3.4701656177e-02 5.0000000000e+00 -3.0355359608e-02
     vertex 1.7711394777e-02 5.0000000000e+00 -2.2352905260e-02
     vertex 3.4701656177e-02 5.0214602719e+00 -2.1460271945e-02
   endloop
 endfacet
 facet normal  -3.9897612515e-01 3.5110642354e-01 -8.4707870408e-01
   outer loop
     vertex 3.4701656177e-02 5.0214602719e+00 -2.1460271945e-02
     vertex 1.7711394777e-02 5.0000000000e+00 -2.2352905260e-02
     vertex 1.7711394777e-02 5.0158027917e+00 -1.5802791725e-02
   endloop
 endfacet
 facet normal  -5.5491319394e-01 3.1853942817e-01 -7.6850763165e-01
   outer loop
     vertex 1.7711394777e-02 5.0000000000e+00 -2.2352905260e-02
     vertex 7.8928270998e-03 5.0000000000e+00 -1.5263251853e-02
     vertex 1.7711394777e-02 5.0158027917e+00 -1.5802791725e-02
   endloop
 endfacet
 facet normal  -5.5491319394e-01 3.1853942817e-01 -7.6850763165e-01
   outer loop
     vertex 1.7711394777e-02 5.0158027917e+00 -1.5802791725e-02
     vertex 7.8928270998e-03 5.0000000000e+00 -1.5263251853e-02
     vertex 7.8928270998e-03 5.0107906327e+00 -1.0790632684e-02
   endloop
 endfacet
 facet normal  -7.3519074177e-01 2.5955413662e-01 -6.2619982704e-01
   outer loop
     vertex 7.8928270998e-03 5.0000000000e+00 -1.5263251853e-02
     vertex 2.8852305479e-03 5.0000000000e+00 -9.3840764449e-03
     vertex 7.8928270998e-03 5.0107906327e+00 -1.0790632684e-02
   endloop
 endfacet
 facet normal  -7.3519074177e-01 2.5955413662e-01 -6.2619982704e-01
   outer loop
     vertex 7.8928270998e-03 5.0107906327e+00 -1.0790632684e-02
     vertex 2.8852305479e-03 5.0000000000e+00 -9.3840764449e-03
     vertex 2.8852305479e-03 5.0066342430e+00 -6.6342430153e-03
   endloop
 endfacet
 facet normal  -8.8963667213e-01 1.7485953118e-01 -4.2186577955e-01
   outer loop
     vertex 2.8852305479e-03 5.0000000000e+00 -9.3840764449e-03
     vertex 7.8807384983e-04 5.0000000000e+00 -4.9615619954e-03
     vertex 2.8852305479e-03 5.0066342430e+00 -6.6342430153e-03
   endloop
 endfacet
 facet normal  -8.8963667213e-01 1.7485953118e-01 -4.2186577955e-01
   outer loop
     vertex 2.8852305479e-03 5.0066342430e+00 -6.6342430153e-03
     vertex 7.8807384983e-04 5.0000000000e+00 -4.9615619954e-03
     vertex 7.8807384983e-04 5.0035076662e+00 -3.5076662265e-03
   endloop
 endfacet
 facet normal  -9.7239447534e-01 8.9347550981e-02 -2.1555973524e-01
   outer loop
     vertex 7.8807384983e-04 5.0000000000e+00 -4.9615619954e-03
     vertex 1.1903597513e-04 5.0000000000e+00 -1.9435181458e-03
     vertex 7.8807384983e-04 5.0035076662e+00 -3.5076662265e-03
   endloop
 endfacet
 facet normal  -9.7239447534e-01 8.9347550981e-02 -2.1555973524e-01
   outer loop
     vertex 7.8807384983e-04 5.0035076662e+00 -3.5076662265e-03
     vertex 1.1903597513e-04 5.0000000000e+00 -1.9435181458e-03
     vertex 1.1903597513e-04 5.0013740054e+00 -1.3740053973e-03
   endloop
 endfacet
 facet normal  -9.9780934060e-01 2.5330992759e-02 -6.1113505993e-02
   outer loop
     vertex 1.1903597513e-04 5.0000000000e+00 -1.9435181458e-03
     vertex 0.0000000000e+00 5.0000000000e+00 0.0000000000e+00
     vertex 1.1903597513e-04 5.0013740054e+00 -1.3740053973e-03
   endloop
 endfacet
 facet normal  -9.9780934060e-01 2.5330992759e-02 6.1113505993e-02
   outer loop
     vertex 0.0000000000e+00 5.0000000000e+00 0.0000000000e+00
     vertex 1.1903597513e-04 5.0000000000e+00 1.9435181458e-03
     vertex 1.1903597513e-04 5.0013740054e+00 1.3740053973e-03
   endloop
 endfacet
 facet normal  -9.7239447534e-01 8.9347550981e-02 2.1555973524e-01
   outer loop
     vertex 1.1903597513e-04 5.0000000000e+00 1.9435181458e-03
     vertex 7.8807384983e-04 5.0035076662e+00 3.5076662265e-03
     vertex 1.1903597513e-04 5.0013740054e+00 1.3740053973e-03
   endloop
 endfacet
 facet normal  -9.7239447534e-01 8.9347550981e-02 2.1555973524e-01
   outer loop
     vertex 1.1903597513e-04 5.0000000000e+00 1.9435181458e-03
     vertex 7.8807384983e-04 5.0000000000e+00 4.9615619954e-03
     vertex 7.8807384983e-04 5.0035076662e+00 3.5076662265e-03
   endloop
 endfacet
 facet normal  -8.8963667213e-01 1.7485953118e-01 4.2186577955e-01
   outer loop
     vertex 7.8807384983e-04 5.0000000000e+00 4.9615619954e-03
     vertex 2.8852305479e-03 5.0066342430e+00 6.6342430153e-03
     vertex 7.8807384983e-04 5.0035076662e+00 3.5076662265e-03
   endloop
 endfacet
 facet normal  -8.8963667213e-01 1.7485953118e-01 4.2186577955e-01
   outer loop
     vertex 7.8807384983e-04 5.0000000000e+00 4.9615619954e-03
     vertex 2.8852305479e-03 5.0000000000e+00 9.3840764449e-03
     vertex 2.8852305479e-03 5.0066342430e+00 6.6342430153e-03
   endloop
 endfacet
 facet normal  -7.3519074177e-01 2.5955413662e-01 6.2619982704e-01
   outer loop
     vertex 2.8852305479e-03 5.0000000000e+00 9.3840764449e-03
     vertex 7.8928270998e-03 5.0107906327e+00 1.0790632684e-02
     vertex 2.8852305479e-03 5.0066342430e+00 6.6342430153e-03
   endloop
 endfacet
 facet normal  -7.3519074177e-01 2.5955413662e-01 6.2619982704e-01
   outer loop
     vertex 2.8852305479e-03 5.0000000000e+00 9.3840764449e-03
     vertex 7.8928270998e-03 5.0000000000e+00 1.5263251853e-02
     vertex 7.8928270998e-03 5.0107906327e+00 1.0790632684e-02
   endloop
 endfacet
 facet normal  -5.5491319394e-01 3.1853942817e-01 7.6850763165e-01
   outer loop
     vertex 7.8928270998e-03 5.0000000000e+00 1.5263251853e-02
     vertex 1.7711394777e-02 5.0158027917e+00 1.5802791725e-02
     vertex 7.8928270998e-03 5.0107906327e+00 1.0790632684e-02
   endloop
 endfacet
 facet normal  -5.5491319394e-01 3.1853942817e-01 7.6850763165e-01
   outer loop
     vertex 7.8928270998e-03 5.0000000000e+00 1.5263251853e-02
     vertex 1.7711394777e-02 5.0000000000e+00 2.2352905260e-02
     vertex 1.7711394777e-02 5.0158027917e+00 1.5802791725e-02
   endloop
 endfacet
 facet normal  -3.9897612515e-01 3.5110642354e-01 8.4707870408e-01
   outer loop
     vertex 1.7711394777e-02 5.0000000000e+00 2.2352905260e-02
     vertex 3.4701656177e-02 5.0214602719e+00 2.1460271945e-02
     vertex 1.7711394777e-02 5.0158027917e+00 1.5802791725e-02
   endloop
 endfacet
 facet normal  -3.9897612515e-01 3.5110642354e-01 8.4707870408e-01
   outer loop
     vertex 1.7711394777e-02 5.0000000000e+00 2.2352905260e-02
     vertex 3.4701656177e-02 5.0000000000e+00 3.0355359608e-02
     vertex 3.4701656177e-02 5.0214602719e+00 2.1460271945e-02
   endloop
 endfacet
 facet normal  -2.7837298405e-01 3.6776715949e-01 8.8727436464e-01
   outer loop
     vertex 3.4701656177e-02 5.0000000000e+00 3.0355359608e-02
     vertex 6.2004804867e-02 5.0275162142e+00 2.7516214182e-02
     vertex 3.4701656177e-02 5.0214602719e+00 2.1460271945e-02
   endloop
 endfacet
 facet normal  -2.7837298405e-01 3.6776715949e-01 8.8727436464e-01
   outer loop
     vertex 3.4701656177e-02 5.0000000000e+00 3.0355359608e-02
     vertex 6.2004804867e-02 5.0000000000e+00 3.8921434858e-02
     vertex 6.2004804867e-02 5.0275162142e+00 2.7516214182e-02
   endloop
 endfacet
 facet normal  -1.8551854297e-01 3.7625522343e-01 9.0775265191e-01
   outer loop
     vertex 6.2004804867e-02 5.0000000000e+00 3.8921434858e-02
     vertex 1.0361138312e-01 5.0335276974e+00 3.3527697384e-02
     vertex 6.2004804867e-02 5.0275162142e+00 2.7516214182e-02
   endloop
 endfacet
 facet normal  -1.8551854297e-01 3.7625522343e-01 9.0775265191e-01
   outer loop
     vertex 6.2004804867e-02 5.0000000000e+00 3.8921434858e-02
     vertex 1.0361138312e-01 5.0000000000e+00 4.7424623209e-02
     vertex 1.0361138312e-01 5.0335276974e+00 3.3527697384e-02
   endloop
 endfacet
 facet normal  -1.1168271255e-01 3.8050664417e-01 9.1800962166e-01
   outer loop
     vertex 1.0361138312e-01 5.0000000000e+00 4.7424623209e-02
     vertex 1.6380190832e-01 5.0387045606e+00 3.8704560626e-02
     vertex 1.0361138312e-01 5.0335276974e+00 3.3527697384e-02
   endloop
 endfacet
 facet normal  -1.1168271255e-01 3.8050664417e-01 9.1800962166e-01
   outer loop
     vertex 1.0361138312e-01 5.0000000000e+00 4.7424623209e-02
     vertex 1.6380190832e-01 5.0000000000e+00 5.4747249210e-02
     vertex 1.6380190832e-01 5.0387045606e+00 3.8704560626e-02
   endloop
 endfacet
 facet normal  -5.1239176507e-02 3.8239913558e-01 9.2257544293e-01
   outer loop
     vertex 1.6380190832e-01 5.0000000000e+00 5.4747249210e-02
     vertex 2.4565152047e-01 5.0419183449e+00 4.1918344858e-02
     vertex 1.6380190832e-01 5.0387045606e+00 3.8704560626e-02
   endloop
 endfacet
 facet normal  -5.1239176507e-02 3.8239913558e-01 9.2257544293e-01
   outer loop
     vertex 1.6380190832e-01 5.0000000000e+00 5.4747249210e-02
     vertex 2.4565152047e-01 5.0000000000e+00 5.9293117796e-02
     vertex 2.4565152047e-01 5.0419183449e+00 4.1918344858e-02
   endloop
 endfacet
 facet normal  -1.9172530838e-03 3.8290140798e-01 9.2378722437e-01
   outer loop
     vertex 2.4565152047e-01 5.0000000000e+00 5.9293117796e-02
     vertex 3.4867161706e-01 5.0420695022e+00 4.2069502213e-02
     vertex 2.4565152047e-01 5.0419183449e+00 4.1918344858e-02
   endloop
 endfacet
 facet normal  -1.9172530838e-03 3.8290140798e-01 9.2378722437e-01
   outer loop
     vertex 2.4565152047e-01 5.0000000000e+00 5.9293117796e-02
     vertex 3.4867161706e-01 5.0000000000e+00 5.9506928501e-02
     vertex 3.4867161706e-01 5.0420695022e+00 4.2069502213e-02
   endloop
 endfacet
 facet normal  3.6598736761e-02 3.8264558332e-01 9.2317002228e-01
   outer loop
     vertex 3.4867161706e-01 5.0000000000e+00 5.9506928501e-02
     vertex 4.6678824105e-01 5.0387589895e+00 3.8758989450e-02
     vertex 3.4867161706e-01 5.0420695022e+00 4.2069502213e-02
   endloop
 endfacet
 facet normal  3.6598736761e-02 3.8264558332e-01 9.2317002228e-01
   outer loop
     vertex 3.4867161706e-01 5.0000000000e+00 5.9506928501e-02
     vertex 4.6678824105e-01 5.0000000000e+00 5.4824238287e-02
     vertex 4.6678824105e-01 5.0387589895e+00 3.8758989450e-02
   endloop
 endfacet
 facet normal  6.4834387572e-02 3.8209650014e-01 9.2184530523e-01
   outer loop
     vertex 4.6678824105e-01 5.0000000000e+00 5.4824238287e-02
     vertex 5.8876378780e-01 5.0000000000e+00 4.6245564808e-02
     vertex 4.6678824105e-01 5.0387589895e+00 3.8758989450e-02
   endloop
 endfacet
 facet normal  6.4834387572e-02 3.8209650014e-01 9.2184530523e-01
   outer loop
     vertex 4.6678824105e-01 5.0387589895e+00 3.8758989450e-02
     vertex 5.8876378780e-01 5.0000000000e+00 4.6245564808e-02
     vertex 5.8876378780e-01 5.0326941407e+00 3.2694140666e-02
   endloop
 endfacet
 facet normal  8.4544672830e-02 3.8153120340e-01 9.2048147137e-01
   outer loop
     vertex 5.8876378780e-01 5.0000000000e+00 4.6245564808e-02
     vertex 7.0192689193e-01 5.0000000000e+00 3.5851724287e-02
     vertex 5.8876378780e-01 5.0326941407e+00 3.2694140666e-02
   endloop
 endfacet
 facet normal  8.4544672830e-02 3.8153120340e-01 9.2048147137e-01
   outer loop
     vertex 5.8876378780e-01 5.0326941407e+00 3.2694140666e-02
     vertex 7.0192689193e-01 5.0000000000e+00 3.5851724287e-02
     vertex 7.0192689193e-01 5.0253460266e+00 2.5346026627e-02
   endloop
 endfacet
 facet normal  9.8349659420e-02 3.8104577177e-01 9.1931031992e-01
   outer loop
     vertex 7.0192689193e-01 5.0000000000e+00 3.5851724287e-02
     vertex 7.9695803833e-01 5.0000000000e+00 2.5685101897e-02
     vertex 7.0192689193e-01 5.0253460266e+00 2.5346026627e-02
   endloop
 endfacet
 facet normal  9.8349659420e-02 3.8104577177e-01 9.1931031992e-01
   outer loop
     vertex 7.0192689193e-01 5.0253460266e+00 2.5346026627e-02
     vertex 7.9695803833e-01 5.0000000000e+00 2.5685101897e-02
     vertex 7.9695803833e-01 5.0181585486e+00 1.8158548564e-02
   endloop
 endfacet
 facet normal  1.0836678321e-01 3.8064719348e-01 9.1834871067e-01
   outer loop
     vertex 7.9695803833e-01 5.0000000000e+00 2.5685101897e-02
     vertex 8.7030448965e-01 5.0000000000e+00 1.7030090029e-02
     vertex 7.9695803833e-01 5.0181585486e+00 1.8158548564e-02
   endloop
 endfacet
 facet normal  1.0836678321e-01 3.8064719348e-01 9.1834871067e-01
   outer loop
     vertex 7.9695803833e-01 5.0181585486e+00 1.8158548564e-02
     vertex 8.7030448965e-01 5.0000000000e+00 1.7030090029e-02
     vertex 8.7030448965e-01 5.0120397310e+00 1.2039730973e-02
   endloop
 endfacet
 facet normal  1.1572895047e-01 3.8032932788e-01 9.1758182871e-01
   outer loop
     vertex 8.7030448965e-01 5.0000000000e+00 1.7030090029e-02
     vertex 9.2331020388e-01 5.0000000000e+00 1.0344805420e-02
     vertex 8.7030448965e-01 5.0120397310e+00 1.2039730973e-02
   endloop
 endfacet
 facet normal  1.1572895047e-01 3.8032932788e-01 9.1758182871e-01
   outer loop
     vertex 8.7030448965e-01 5.0120397310e+00 1.2039730973e-02
     vertex 9.2331020388e-01 5.0000000000e+00 1.0344805420e-02
     vertex 9.2331020388e-01 5.0073134478e+00 7.3134477866e-03
   endloop
 endfacet
 facet normal  1.2112576588e-01 3.8008286810e-01 9.1698722031e-01
   outer loop
     vertex 9.2331020388e-01 5.0000000000e+00 1.0344805420e-02
     vertex 9.5982161505e-01 5.0000000000e+00 5.5219763305e-03
     vertex 9.2331020388e-01 5.0073134478e+00 7.3134477866e-03
   endloop
 endfacet
 facet normal  1.2112576588e-01 3.8008286810e-01 9.1698722031e-01
   outer loop
     vertex 9.2331020388e-01 5.0073134478e+00 7.3134477866e-03
     vertex 9.5982161505e-01 5.0000000000e+00 5.5219763305e-03
     vertex 9.5982161505e-01 5.0039038613e+00 3.9038613034e-03
   endloop
 endfacet
 facet normal  1.2493398843e-01 3.7990209516e-01 9.1655108785e-01
   outer loop
     vertex 9.5982161505e-01 5.0000000000e+00 5.5219763305e-03
     vertex 9.8414844626e-01 5.0000000000e+00 2.2060149078e-03
     vertex 9.5982161505e-01 5.0039038613e+00 3.9038613034e-03
   endloop
 endfacet
 facet normal  1.2493398843e-01 3.7990209516e-01 9.1655108785e-01
   outer loop
     vertex 9.5982161505e-01 5.0039038613e+00 3.9038613034e-03
     vertex 9.8414844626e-01 5.0000000000e+00 2.2060149078e-03
     vertex 9.8414844626e-01 5.0015595822e+00 1.5595822433e-03
   endloop
 endfacet
 facet normal  1.2751160013e-01 3.7977651214e-01 9.1624810650e-01
   outer loop
     vertex 9.8414844626e-01 5.0000000000e+00 2.2060149078e-03
     vertex 1.0000000000e+00 5.0000000000e+00 0.0000000000e+00
     vertex 9.8414844626e-01 5.0015595822e+00 1.5595822433e-03
   endloop
 endfacet
 facet normal  1.2751160013e-01 9.1624810650e-01 -3.7977651214e-01
   outer loop
     vertex 1.0000000000e+00 5.0000000000e+00 0.0000000000e+00
     vertex 9.8414844626e-01 5.0015595822e+00 -1.5595822433e-03
     vertex 9.8414844626e-01 5.0022060149e+00 1.7732979302e-16
   endloop
 endfacet
 facet normal  1.2493398843e-01 9.1655108785e-01 -3.7990209516e-01
   outer loop
     vertex 9.8414844626e-01 5.0015595822e+00 -1.5595822433e-03
     vertex 9.5982161505e-01 5.0055219763e+00 2.7371488147e-16
     vertex 9.8414844626e-01 5.0022060149e+00 1.7732979302e-16
   endloop
 endfacet
 facet normal  1.2493398843e-01 9.1655108785e-01 -3.7990209516e-01
   outer loop
     vertex 9.8414844626e-01 5.0015595822e+00 -1.5595822433e-03
     vertex 9.5982161505e-01 5.0039038613e+00 -3.9038613034e-03
     vertex 9.5982161505e-01 5.0055219763e+00 2.7371488147e-16
   endloop
 endfacet
 facet normal  1.2112576588e-01 9.1698722031e-01 -3.8008286810e-01
   outer loop
     vertex 9.5982161505e-01 5.0039038613e+00 -3.9038613034e-03
     vertex 9.2331020388e-01 5.0103448054e+00 1.7573233632e-16
     vertex 9.5982161505e-01 5.0055219763e+00 2.7371488147e-16
   endloop
 endfacet
 facet normal  1.2112576588e-01 9.1698722031e-01 -3.8008286810e-01
   outer loop
     vertex 9.5982161505e-01 5.0039038613e+00 -3.9038613034e-03
     vertex 9.2331020388e-01 5.0073134478e+00 -7.3134477866e-03
     vertex 9.2331020388e-01 5.0103448054e+00 1.7573233632e-16
   endloop
 endfacet
 facet normal  1.1572895047e-01 9.1758182871e-01 -3.8032932788e-01
   outer loop
     vertex 9.2331020388e-01 5.0073134478e+00 -7.3134477866e-03
     vertex 8.7030448965e-01 5.0170300900e+00 8.7465325499e-18
     vertex 9.2331020388e-01 5.0103448054e+00 1.7573233632e-16
   endloop
 endfacet
 facet normal  1.1572895047e-01 9.1758182871e-01 -3.8032932788e-01
   outer loop
     vertex 9.2331020388e-01 5.0073134478e+00 -7.3134477866e-03
     vertex 8.7030448965e-01 5.0120397310e+00 -1.2039730973e-02
     vertex 8.7030448965e-01 5.0170300900e+00 8.7465325499e-18
   endloop
 endfacet
 facet normal  1.0836678321e-01 9.1834871067e-01 -3.8064719348e-01
   outer loop
     vertex 8.7030448965e-01 5.0120397310e+00 -1.2039730973e-02
     vertex 7.9695803833e-01 5.0256851019e+00 -1.1740512272e-17
     vertex 8.7030448965e-01 5.0170300900e+00 8.7465325499e-18
   endloop
 endfacet
 facet normal  1.0836678321e-01 9.1834871067e-01 -3.8064719348e-01
   outer loop
     vertex 8.7030448965e-01 5.0120397310e+00 -1.2039730973e-02
     vertex 7.9695803833e-01 5.0181585486e+00 -1.8158548564e-02
     vertex 7.9695803833e-01 5.0256851019e+00 -1.1740512272e-17
   endloop
 endfacet
 facet normal  9.8349659420e-02 9.1931031992e-01 -3.8104577177e-01
   outer loop
     vertex 7.9695803833e-01 5.0181585486e+00 -1.8158548564e-02
     vertex 7.0192689193e-01 5.0358517243e+00 -4.8717105359e-17
     vertex 7.9695803833e-01 5.0256851019e+00 -1.1740512272e-17
   endloop
 endfacet
 facet normal  9.8349659420e-02 9.1931031992e-01 -3.8104577177e-01
   outer loop
     vertex 7.9695803833e-01 5.0181585486e+00 -1.8158548564e-02
     vertex 7.0192689193e-01 5.0253460266e+00 -2.5346026627e-02
     vertex 7.0192689193e-01 5.0358517243e+00 -4.8717105359e-17
   endloop
 endfacet
 facet normal  8.4544672830e-02 9.2048147137e-01 -3.8153120340e-01
   outer loop
     vertex 7.0192689193e-01 5.0253460266e+00 -2.5346026627e-02
     vertex 5.8876378780e-01 5.0462455648e+00 -2.7305176084e-17
     vertex 7.0192689193e-01 5.0358517243e+00 -4.8717105359e-17
   endloop
 endfacet
 facet normal  8.4544672830e-02 9.2048147137e-01 -3.8153120340e-01
   outer loop
     vertex 7.0192689193e-01 5.0253460266e+00 -2.5346026627e-02
     vertex 5.8876378780e-01 5.0326941407e+00 -3.2694140666e-02
     vertex 5.8876378780e-01 5.0462455648e+00 -2.7305176084e-17
   endloop
 endfacet
 facet normal  6.4834387572e-02 9.2184530523e-01 -3.8209650014e-01
   outer loop
     vertex 5.8876378780e-01 5.0326941407e+00 -3.2694140666e-02
     vertex 4.6678824105e-01 5.0548242383e+00 -2.7072930296e-17
     vertex 5.8876378780e-01 5.0462455648e+00 -2.7305176084e-17
   endloop
 endfacet
 facet normal  6.4834387572e-02 9.2184530523e-01 -3.8209650014e-01
   outer loop
     vertex 5.8876378780e-01 5.0326941407e+00 -3.2694140666e-02
     vertex 4.6678824105e-01 5.0387589895e+00 -3.8758989450e-02
     vertex 4.6678824105e-01 5.0548242383e+00 -2.7072930296e-17
   endloop
 endfacet
 facet normal  3.6598736761e-02 9.2317002228e-01 -3.8264558332e-01
   outer loop
     vertex 4.6678824105e-01 5.0387589895e+00 -3.8758989450e-02
     vertex 3.4867161706e-01 5.0420695022e+00 -4.2069502213e-02
     vertex 4.6678824105e-01 5.0548242383e+00 -2.7072930296e-17
   endloop
 endfacet
 facet normal  3.6598736761e-02 9.2317002228e-01 -3.8264558332e-01
   outer loop
     vertex 4.6678824105e-01 5.0548242383e+00 -2.7072930296e-17
     vertex 3.4867161706e-01 5.0420695022e+00 -4.2069502213e-02
     vertex 3.4867161706e-01 5.0595069285e+00 -1.5575177618e-18
   endloop
 endfacet
 facet normal  -1.9172530838e-03 9.2378722437e-01 -3.8290140798e-01
   outer loop
     vertex 3.4867161706e-01 5.0420695022e+00 -4.2069502213e-02
     vertex 2.4565152047e-01 5.0419183449e+00 -4.1918344858e-02
     vertex 3.4867161706e-01 5.0595069285e+00 -1.5575177618e-18
   endloop
 endfacet
 facet normal  -1.9172530838e-03 9.2378722437e-01 -3.8290140798e-01
   outer loop
     vertex 3.4867161706e-01 5.0595069285e+00 -1.5575177618e-18
     vertex 2.4565152047e-01 5.0419183449e+00 -4.1918344858e-02
     vertex 2.4565152047e-01 5.0592931178e+00 3.9031521459e-18
   endloop
 endfacet
 facet normal  -5.1239176507e-02 9.2257544293e-01 -3.8239913558e-01
   outer loop
     vertex 2.4565152047e-01 5.0419183449e+00 -4.1918344858e-02
     vertex 1.6380190832e-01 5.0387045606e+00 -3.8704560626e-02
     vertex 2.4565152047e-01 5.0592931178e+00 3.9031521459e-18
   endloop
 endfacet
 facet normal  -5.1239176507e-02 9.2257544293e-01 -3.8239913558e-01
   outer loop
     vertex 2.4565152047e-01 5.0592931178e+00 3.9031521459e-18
     vertex 1.6380190832e-01 5.0387045606e+00 -3.8704560626e-02
     vertex 1.6380190832e-01 5.0547472492e+00 3.9725624186e-17
   endloop
 endfacet
 facet normal  -1.1168271255e-01 9.1800962166e-01 -3.8050664417e-01
   outer loop
     vertex 1.6380190832e-01 5.0387045606e+00 -3.8704560626e-02
     vertex 1.0361138312e-01 5.0335276974e+00 -3.3527697384e-02
     vertex 1.6380190832e-01 5.0547472492e+00 3.9725624186e-17
   endloop
 endfacet
 facet normal  -1.1168271255e-01 9.1800962166e-01 -3.8050664417e-01
   outer loop
     vertex 1.6380190832e-01 5.0547472492e+00 3.9725624186e-17
     vertex 1.0361138312e-01 5.0335276974e+00 -3.3527697384e-02
     vertex 1.0361138312e-01 5.0474246232e+00 3.9445557956e-17
   endloop
 endfacet
 facet normal  -1.8551854297e-01 9.0775265191e-01 -3.7625522343e-01
   outer loop
     vertex 1.0361138312e-01 5.0335276974e+00 -3.3527697384e-02
     vertex 6.2004804867e-02 5.0275162142e+00 -2.7516214182e-02
     vertex 1.0361138312e-01 5.0474246232e+00 3.9445557956e-17
   endloop
 endfacet
 facet normal  -1.8551854297e-01 9.0775265191e-01 -3.7625522343e-01
   outer loop
     vertex 1.0361138312e-01 5.0474246232e+00 3.9445557956e-17
     vertex 6.2004804867e-02 5.0275162142e+00 -2.7516214182e-02
     vertex 6.2004804867e-02 5.0389214349e+00 9.0585984971e-17
   endloop
 endfacet
 facet normal  -2.7837298405e-01 8.8727436464e-01 -3.6776715949e-01
   outer loop
     vertex 6.2004804867e-02 5.0275162142e+00 -2.7516214182e-02
     vertex 3.4701656177e-02 5.0214602719e+00 -2.1460271945e-02
     vertex 6.2004804867e-02 5.0389214349e+00 9.0585984971e-17
   endloop
 endfacet
 facet normal  -2.7837298405e-01 8.8727436464e-01 -3.6776715949e-01
   outer loop
     vertex 6.2004804867e-02 5.0389214349e+00 9.0585984971e-17
     vertex 3.4701656177e-02 5.0214602719e+00 -2.1460271945e-02
     vertex 3.4701656177e-02 5.0303553596e+00 7.8035533008e-17
   endloop
 endfacet
 facet normal  -3.9897612515e-01 8.4707870408e-01 -3.5110642354e-01
   outer loop
     vertex 3.4701656177e-02 5.0214602719e+00 -2.1460271945e-02
     vertex 1.7711394777e-02 5.0158027917e+00 -1.5802791725e-02
     vertex 3.4701656177e-02 5.0303553596e+00 7.8035533008e-17
   endloop
 endfacet
 facet normal  -3.9897612515e-01 8.4707870408e-01 -3.5110642354e-01
   outer loop
     vertex 3.4701656177e-02 5.0303553596e+00 7.8035533008e-17
     vertex 1.7711394777e-02 5.0158027917e+00 -1.5802791725e-02
     vertex 1.7711394777e-02 5.0223529053e+00 9.0731047562e-17
   endloop
 endfacet
 facet normal  -5.5491319394e-01 7.6850763165e-01 -3.1853942817e-01
   outer loop
     vertex 1.7711394777e-02 5.0158027917e+00 -1.5802791725e-02
     vertex 7.8928270998e-03 5.0107906327e+00 -1.0790632684e-02
     vertex 1.7711394777e-02 5.0223529053e+00 9.0731047562e-17
   endloop
 endfacet
 facet normal  -5.5491319394e-01 7.6850763165e-01 -3.1853942817e-01
   outer loop
     vertex 1.7711394777e-02 5.0223529053e+00 9.0731047562e-17
     vertex 7.8928270998e-03 5.0107906327e+00 -1.0790632684e-02
     vertex 7.8928270998e-03 5.0152632519e+00 1.5502098987e-16
   endloop
 endfacet
 facet normal  -7.3519074177e-01 6.2619982704e-01 -2.5955413662e-01
   outer loop
     vertex 7.8928270998e-03 5.0107906327e+00 -1.0790632684e-02
     vertex 2.8852305479e-03 5.0066342430e+00 -6.6342430153e-03
     vertex 7.8928270998e-03 5.0152632519e+00 1.5502098987e-16
   endloop
 endfacet
 facet normal  -7.3519074177e-01 6.2619982704e-01 -2.5955413662e-01
   outer loop
     vertex 7.8928270998e-03 5.0152632519e+00 1.5502098987e-16
     vertex 2.8852305479e-03 5.0066342430e+00 -6.6342430153e-03
     vertex 2.8852305479e-03 5.0093840764e+00 2.3811738457e-16
   endloop
 endfacet
 facet normal  -8.8963667213e-01 4.2186577955e-01 -1.7485953118e-01
   outer loop
     vertex 2.8852305479e-03 5.0066342430e+00 -6.6342430153e-03
     vertex 7.8807384983e-04 5.0035076662e+00 -3.5076662265e-03
     vertex 2.8852305479e-03 5.0093840764e+00 2.3811738457e-16
   endloop
 endfacet
 facet normal  -8.8963667213e-01 4.2186577955e-01 -1.7485953118e-01
   outer loop
     vertex 2.8852305479e-03 5.0093840764e+00 2.3811738457e-16
     vertex 7.8807384983e-04 5.0035076662e+00 -3.5076662265e-03
     vertex 7.8807384983e-04 5.0049615620e+00 -6.9935974998e-18
   endloop
 endfacet
 facet normal  -9.7239447534e-01 2.1555973524e-01 -8.9347550981e-02
   outer loop
     vertex 7.8807384983e-04 5.0035076662e+00 -3.5076662265e-03
     vertex 1.1903597513e-04 5.0013740054e+00 -1.3740053973e-03
     vertex 7.8807384983e-04 5.0049615620e+00 -6.9935974998e-18
   endloop
 endfacet
 facet normal  -9.7239447534e-01 2.1555973524e-01 -8.9347550981e-02
   outer loop
     vertex 7.8807384983e-04 5.0049615620e+00 -6.9935974998e-18
     vertex 1.1903597513e-04 5.0013740054e+00 -1.3740053973e-03
     vertex 1.1903597513e-04 5.0019435181e+00 -6.5551522647e-17
   endloop
 endfacet
 facet normal  -9.9780934060e-01 6.1113505993e-02 -2.5330992759e-02
   outer loop
     vertex 1.1903597513e-04 5.0013740054e+00 -1.3740053973e-03
     vertex 0.0000000000e+00 5.0000000000e+00 0.0000000000e+00
     vertex 1.1903597513e-04 5.0019435181e+00 -6.5551522647e-17
   endloop
 endfacet
 facet normal  -9.9780934060e-01 6.1113505993e-02 2.5330992759e-02
   outer loop
     vertex 0.0000000000e+00 5.0000000000e+00 0.0000000000e+00
     vertex 1.1903597513e-04 5.0013740054e+00 1.3740053973e-03
     vertex 1.1903597513e-04 5.0019435181e+00 -6.5551522647e-17
   endloop
 endfacet
 facet normal  -9.7239447534e-01 2.1555973524e-01 8.9347550981e-02
   outer loop
     vertex 1.1903597513e-04 5.0013740054e+00 1.3740053973e-03
     vertex 7.8807384983e-04 5.0049615620e+00 -6.9935974998e-18
     vertex 1.1903597513e-04 5.0019435181e+00 -6.5551522647e-17
   endloop
 endfacet
 facet normal  -9.7239447534e-01 2.1555973524e-01 8.9347550981e-02
   outer loop
     vertex 1.1903597513e-04 5.0013740054e+00 1.3740053973e-03
     vertex 7.8807384983e-04 5.0035076662e+00 3.5076662265e-03
     vertex 7.8807384983e-04 5.0049615620e+00 -6.9935974998e-18
   endloop
 endfacet
 facet normal  -8.8963667213e-01 4.2186577955e-01 1.7485953118e-01
   outer loop
     vertex 7.8807384983e-04 5.0035076662e+00 3.5076662265e-03
     vertex 2.8852305479e-03 5.0093840764e+00 2.3811738457e-16
     vertex 7.8807384983e-04 5.0049615620e+00 -6.9935974998e-18
   endloop
 endfacet
 facet normal  -8.8963667213e-01 4.2186577955e-01 1.7485953118e-01
   outer loop
     vertex 7.8807384983e-04 5.0035076662e+00 3.5076662265e-03
     vertex 2.8852305479e-03 5.0066342430e+00 6.6342430153e-03
     vertex 2.8852305479e-03 5.0093840764e+00 2.3811738457e-16
   endloop
 endfacet
 facet normal  -7.3519074177e-01 6.2619982704e-01 2.5955413662e-01
   outer loop
     vertex 2.8852305479e-03 5.0066342430e+00 6.6342430153e-03
     vertex 7.8928270998e-03 5.0152632519e+00 1.5502098987e-16
     vertex 2.8852305479e-03 5.0093840764e+00 2.3811738457e-16
   endloop
 endfacet
 facet normal  -7.3519074177e-01 6.2619982704e-01 2.5955413662e-01
   outer loop
     vertex 2.8852305479e-03 5.0066342430e+00 6.6342430153e-03
     vertex 7.8928270998e-03 5.0107906327e+00 1.0790632684e-02
     vertex 7.8928270998e-03 5.0152632519e+00 1.5502098987e-16
   endloop
 endfacet
 facet normal  -5.5491319394e-01 7.6850763165e-01 3.1853942817e-01
   outer loop
     vertex 7.8928270998e-03 5.0107906327e+00 1.0790632684e-02
     vertex 1.7711394777e-02 5.0223529053e+00 9.0731047562e-17
     vertex 7.8928270998e-03 5.0152632519e+00 1.5502098987e-16
   endloop
 endfacet
 facet normal  -5.5491319394e-01 7.6850763165e-01 3.1853942817e-01
   outer loop
     vertex 7.8928270998e-03 5.0107906327e+00 1.0790632684e-02
     vertex 1.7711394777e-02 5.0158027917e+00 1.5802791725e-02
     vertex 1.7711394777e-02 5.0223529053e+00 9.0731047562e-17
   endloop
 endfacet
 facet normal  -3.9897612515e-01 8.4707870408e-01 3.5110642354e-01
   outer loop
     vertex 1.7711394777e-02 5.0158027917e+00 1.5802791725e-02
     vertex 3.4701656177e-02 5.0303553596e+00 7.8035533008e-17
     vertex 1.7711394777e-02 5.0223529053e+00 9.0731047562e-17
   endloop
 endfacet
 facet normal  -3.9897612515e-01 8.4707870408e-01 3.5110642354e-01
   outer loop
     vertex 1.7711394777e-02 5.0158027917e+00 1.5802791725e-02
     vertex 3.4701656177e-02 5.0214602719e+00 2.1460271945e-02
     vertex 3.4701656177e-02 5.0303553596e+00 7.8035533008e-17
   endloop
 endfacet
 facet normal  -2.7837298405e-01 8.8727436464e-01 3.6776715949e-01
   outer loop
     vertex 3.4701656177e-02 5.0214602719e+00 2.1460271945e-02
     vertex 6.2004804867e-02 5.0389214349e+00 9.0585984971e-17
     vertex 3.4701656177e-02 5.0303553596e+00 7.8035533008e-17
   endloop
 endfacet
 facet normal  -2.7837298405e-01 8.8727436464e-01 3.6776715949e-01
   outer loop
     vertex 3.4701656177e-02 5.0214602719e+00 2.1460271945e-02
     vertex 6.2004804867e-02 5.0275162142e+00 2.7516214182e-02
     vertex 6.2004804867e-02 5.0389214349e+00 9.0585984971e-17
   endloop
 endfacet
 facet normal  -1.8551854297e-01 9.0775265191e-01 3.7625522343e-01
   outer loop
     vertex 6.2004804867e-02 5.0275162142e+00 2.7516214182e-02
     vertex 1.0361138312e-01 5.0474246232e+00 3.9445557956e-17
     vertex 6.2004804867e-02 5.0389214349e+00 9.0585984971e-17
   endloop
 endfacet
 facet normal  -1.8551854297e-01 9.0775265191e-01 3.7625522343e-01
   outer loop
     vertex 6.2004804867e-02 5.0275162142e+00 2.7516214182e-02
     vertex 1.0361138312e-01 5.0335276974e+00 3.3527697384e-02
     vertex 1.0361138312e-01 5.0474246232e+00 3.9445557956e-17
   endloop
 endfacet
 facet normal  -1.1168271255e-01 9.1800962166e-01 3.8050664417e-01
   outer loop
     vertex 1.0361138312e-01 5.0335276974e+00 3.3527697384e-02
     vertex 1.6380190832e-01 5.0547472492e+00 3.9725624186e-17
     vertex 1.0361138312e-01 5.0474246232e+00 3.9445557956e-17
   endloop
 endfacet
 facet normal  -1.1168271255e-01 9.1800962166e-01 3.8050664417e-01
   outer loop
     vertex 1.0361138312e-01 5.0335276974e+00 3.3527697384e-02
     vertex 1.6380190832e-01 5.0387045606e+00 3.8704560626e-02
     vertex 1.6380190832e-01 5.0547472492e+00 3.9725624186e-17
   endloop
 endfacet
 facet normal  -5.1239176507e-02 9.2257544293e-01 3.8239913558e-01
   outer loop
     vertex 1.6380190832e-01 5.0387045606e+00 3.8704560626e-02
     vertex 2.4565152047e-01 5.0592931178e+00 3.9031521459e-18
     vertex 1.6380190832e-01 5.0547472492e+00 3.9725624186e-17
   endloop
 endfacet
 facet normal  -5.1239176507e-02 9.2257544293e-01 3.8239913558e-01
   outer loop
     vertex 1.6380190832e-01 5.0387045606e+00 3.8704560626e-02
     vertex 2.4565152047e-01 5.0419183449e+00 4.1918344858e-02
     vertex 2.4565152047e-01 5.0592931178e+00 3.9031521459e-18
   endloop
 endfacet
 facet normal  -1.9172530838e-03 9.2378722437e-01 3.8290140798e-01
   outer loop
     vertex 2.4565152047e-01 5.0419183449e+00 4.1918344858e-02
     vertex 3.4867161706e-01 5.0595069285e+00 -1.5575177618e-18
     vertex 2.4565152047e-01 5.0592931178e+00 3.9031521459e-18
   endloop
 endfacet
 facet normal  -1.9172530838e-03 9.2378722437e-01 3.8290140798e-01
   outer loop
     vertex 2.4565152047e-01 5.0419183449e+00 4.1918344858e-02
     vertex 3.4867161706e-01 5.0420695022e+00 4.2069502213e-02
     vertex 3.4867161706e-01 5.0595069285e+00 -1.5575177618e-18
   endloop
 endfacet
 facet normal  3.6598736761e-02 9.2317002228e-01 3.8264558332e-01
   outer loop
     vertex 3.4867161706e-01 5.0420695022e+00 4.2069502213e-02
     vertex 4.6678824105e-01 5.0548242383e+00 -2.7072930296e-17
     vertex 3.4867161706e-01 5.0595069285e+00 -1.5575177618e-18
   endloop
 endfacet
 facet normal  3.6598736761e-02 9.2317002228e-01 3.8264558332e-01
   outer loop
     vertex 3.4867161706e-01 5.0420695022e+00 4.2069502213e-02
     vertex 4.6678824105e-01 5.0387589895e+00 3.8758989450e-02
     vertex 4.6678824105e-01 5.0548242383e+00 -2.7072930296e-17
   endloop
 endfacet
 facet normal  6.4834387572e-02 9.2184530523e-01 3.8209650014e-01
   outer loop
     vertex 4.6678824105e-01 5.0387589895e+00 3.8758989450e-02
     vertex 5.8876378780e-01 5.0326941407e+00 3.2694140666e-02
     vertex 4.6678824105e-01 5.0548242383e+00 -2.7072930296e-17
   endloop
 endfacet
 facet normal  6.4834387572e-02 9.2184530523e-01 3.8209650014e-01
   outer loop
     vertex 4.6678824105e-01 5.0548242383e+00 -2.7072930296e-17
     vertex 5.8876378780e-01 5.0326941407e+00 3.2694140666e-02
     vertex 5.8876378780e-01 5.0462455648e+00 -2.7305176084e-17
   endloop
 endfacet
 facet normal  8.4544672830e-02 9.2048147137e-01 3.8153120340e-01
   outer loop
     vertex 5.8876378780e-01 5.0326941407e+00 3.2694140666e-02
     vertex 7.0192689193e-01 5.0253460266e+00 2.5346026627e-02
     vertex 5.8876378780e-01 5.0462455648e+00 -2.7305176084e-17
   endloop
 endfacet
 facet normal  8.4544672830e-02 9.2048147137e-01 3.8153120340e-01
   outer loop
     vertex 5.8876378780e-01 5.0462455648e+00 -2.7305176084e-17
     vertex 7.0192689193e-01 5.0253460266e+00 2.5346026627e-02
     vertex 7.0192689193e-01 5.0358517243e+00 -4.8717105359e-17
   endloop
 endfacet
 facet normal  9.8349659420e-02 9.1931031992e-01 3.8104577177e-01
   outer loop
     vertex 7.0192689193e-01 5.0253460266e+00 2.5346026627e-02
     vertex 7.9695803833e-01 5.0181585486e+00 1.8158548564e-02
     vertex 7.0192689193e-01 5.0358517243e+00 -4.8717105359e-17
   endloop
 endfacet
 facet normal  9.8349659420e-02 9.1931031992e-01 3.8104577177e-01
   outer loop
     vertex 7.0192689193e-01 5.0358517243e+00 -4.8717105359e-17
     vertex 7.9695803833e-01 5.0181585486e+00 1.8158548564e-02
     vertex 7.9695803833e-01 5.0256851019e+00 -1.1740512272e-17
   endloop
 endfacet
 facet normal  1.0836678321e-01 9.1834871067e-01 3.8064719348e-01
   outer loop
     vertex 7.9695803833e-01 5.0181585486e+00 1.8158548564e-02
     vertex 8.7030448965e-01 5.0120397310e+00 1.2039730973e-02
     vertex 7.9695803833e-01 5.0256851019e+00 -1.1740512272e-17
   endloop
 endfacet
 facet normal  1.0836678321e-01 9.1834871067e-01 3.8064719348e-01
   outer loop
     vertex 7.9695803833e-01 5.0256851019e+00 -1.1740512272e-17
     vertex 8.7030448965e-01 5.0120397310e+00 1.2039730973e-02
     vertex 8.7030448965e-01 5.0170300900e+00 8.7465325499e-18
   endloop
 endfacet
 facet normal  1.1572895047e-01 9.1758182871e-01 3.8032932788e-01
   outer loop
     vertex 8.7030448965e-01 5.0120397310e+00 1.2039730973e-02
     vertex 9.2331020388e-01 5.0073134478e+00 7.3134477866e-03
     vertex 8.7030448965e-01 5.0170300900e+00 8.7465325499e-18
   endloop
 endfacet
 facet normal  1.1572895047e-01 9.1758182871e-01 3.8032932788e-01
   outer loop
     vertex 8.7030448965e-01 5.0170300900e+00 8.7465325499e-18
     vertex 9.2331020388e-01 5.0073134478e+00 7.3134477866e-03
     vertex 9.2331020388e-01 5.0103448054e+00 1.7573233632e-16
   endloop
 endfacet
 facet normal  1.2112576588e-01 9.1698722031e-01 3.8008286810e-01
   outer loop
     vertex 9.2331020388e-01 5.0073134478e+00 7.3134477866e-03
     vertex 9.5982161505e-01 5.0039038613e+00 3.9038613034e-03
     vertex 9.2331020388e-01 5.0103448054e+00 1.7573233632e-16
   endloop
 endfacet
 facet normal  1.2112576588e-01 9.1698722031e-01 3.8008286810e-01
   outer loop
     vertex 9.2331020388e-01 5.0103448054e+00 1.7573233632e-16
     vertex 9.5982161505e-01 5.0039038613e+00 3.9038613034e-03
     vertex 9.5982161505e-01 5.0055219763e+00 2.7371488147e-16
   endloop
 endfacet
 facet normal  1.2493398843e-01 9.1655108785e-01 3.7990209516e-01
   outer loop
     vertex 9.5982161505e-01 5.0039038613e+00 3.9038613034e-03
     vertex 9.8414844626e-01 5.0015595822e+00 1.5595822433e-03
     vertex 9.5982161505e-01 5.0055219763e+00 2.7371488147e-16
   endloop
 endfacet
 facet normal  1.2493398843e-01 9.1655108785e-01 3.7990209516e-01
   outer loop
     vertex 9.5982161505e-01 5.0055219763e+00 2.7371488147e-16
     vertex 9.8414844626e-01 5.0015595822e+00 1.5595822433e-03
     vertex 9.8414844626e-01 5.0022060149e+00 1.7732979302e-16
   endloop
 endfacet
 facet normal  1.2751160013e-01 9.1624810650e-01 3.7977651214e-01
   outer loop
     vertex 9.8414844626e-01 5.0015595822e+00 1.5595822433e-03
     vertex 1.0000000000e+00 5.0000000000e+00 0.0000000000e+00
     vertex 9.8414844626e-01 5.0022060149e+00 1.7732979302e-16
   endloop
 endfacet
 facet normal  1.3783871552e-01 0.0000000000e+00 -9.9045468776e-01
   outer loop
     vertex 1.0000000000e+00 0.0000000000e+00 0.0000000000e+00
     vertex 1.0000000000e+00 -3.9947442185e-01 0.0000000000e+00
     vertex 9.8414844626e-01 -3.9947442185e-01 -2.2060149078e-03
   endloop
 endfacet
 facet normal  1.3783871552e-01 -1.0752659650e-18 -9.9045468776e-01
   outer loop
     vertex 1.0000000000e+00 0.0000000000e+00 0.0000000000e+00
     vertex 9.8414844626e-01 -3.9947442185e-01 -2.2060149078e-03
     vertex 9.8414844626e-01 0.0000000000e+00 -2.2060149078e-03
   endloop
 endfacet
 facet normal  1.3505987260e-01 -1.0756814908e-18 -9.9083743915e-01
   outer loop
     vertex 9.8414844626e-01 0.0000000000e+00 -2.2060149078e-03
     vertex 9.8414844626e-01 -3.9947442185e-01 -2.2060149078e-03
     vertex 9.5982161505e-01 -3.9947442185e-01 -5.5219763305e-03
   endloop
 endfacet
 facet normal  1.3505987260e-01 -3.7535965274e-17 -9.9083743915e-01
   outer loop
     vertex 9.8414844626e-01 0.0000000000e+00 -2.2060149078e-03
     vertex 9.5982161505e-01 -3.9947442185e-01 -5.5219763305e-03
     vertex 9.5982161505e-01 0.0000000000e+00 -5.5219763305e-03
   endloop
 endfacet
 facet normal  1.3095350728e-01 -3.6394720410e-17 -9.9138851059e-01
   outer loop
     vertex 9.5982161505e-01 0.0000000000e+00 -5.5219763305e-03
     vertex 9.5982161505e-01 -3.9947442185e-01 -5.5219763305e-03
     vertex 9.2331020388e-01 -3.9947442185e-01 -1.0344805420e-02
   endloop
 endfacet
 facet normal  1.3095350728e-01 -4.3051189991e-18 -9.9138851059e-01
   outer loop
     vertex 9.5982161505e-01 0.0000000000e+00 -5.5219763305e-03
     vertex 9.2331020388e-01 -3.9947442185e-01 -1.0344805420e-02
     vertex 9.2331020388e-01 0.0000000000e+00 -1.0344805420e-02
   endloop
 endfacet
 facet normal  1.2513251854e-01 -4.3083825130e-18 -9.9214003689e-01
   outer loop
     vertex 9.2331020388e-01 0.0000000000e+00 -1.0344805420e-02
     vertex 9.2331020388e-01 -3.9947442185e-01 -1.0344805420e-02
     vertex 8.7030448965e-01 -3.9947442185e-01 -1.7030090029e-02
   endloop
 endfacet
 facet normal  1.2513251854e-01 0.0000000000e+00 -9.9214003689e-01
   outer loop
     vertex 9.2331020388e-01 0.0000000000e+00 -1.0344805420e-02
     vertex 8.7030448965e-01 -3.9947442185e-01 -1.7030090029e-02
     vertex 8.7030448965e-01 0.0000000000e+00 -1.7030090029e-02
   endloop
 endfacet
 facet normal  1.1718870894e-01 0.0000000000e+00 -9.9310966489e-01
   outer loop
     vertex 8.7030448965e-01 0.0000000000e+00 -1.7030090029e-02
     vertex 8.7030448965e-01 -3.9947442185e-01 -1.7030090029e-02
     vertex 7.9695803833e-01 -3.9947442185e-01 -2.5685101897e-02
   endloop
 endfacet
 facet normal  1.1718870894e-01 -3.2569194865e-17 -9.9310966489e-01
   outer loop
     vertex 8.7030448965e-01 0.0000000000e+00 -1.7030090029e-02
     vertex 7.9695803833e-01 -3.9947442185e-01 -2.5685101897e-02
     vertex 7.9695803833e-01 0.0000000000e+00 -2.5685101897e-02
   endloop
 endfacet
 facet normal  1.0637499606e-01 -2.9563837736e-17 -9.9432608344e-01
   outer loop
     vertex 7.9695803833e-01 0.0000000000e+00 -2.5685101897e-02
     vertex 7.9695803833e-01 -3.9947442185e-01 -2.5685101897e-02
     vertex 7.0192689193e-01 -3.9947442185e-01 -3.5851724287e-02
   endloop
 endfacet
 facet normal  1.0637499606e-01 0.0000000000e+00 -9.9432608344e-01
   outer loop
     vertex 7.9695803833e-01 0.0000000000e+00 -2.5685101897e-02
     vertex 7.0192689193e-01 -3.9947442185e-01 -3.5851724287e-02
     vertex 7.0192689193e-01 0.0000000000e+00 -3.5851724287e-02
   endloop
 endfacet
 facet normal  9.1463328509e-02 0.0000000000e+00 -9.9580844520e-01
   outer loop
     vertex 7.0192689193e-01 0.0000000000e+00 -3.5851724287e-02
     vertex 7.0192689193e-01 -3.9947442185e-01 -3.5851724287e-02
     vertex 5.8876378780e-01 -3.9947442185e-01 -4.6245564808e-02
   endloop
 endfacet
 facet normal  9.1463328509e-02 -1.7297250517e-17 -9.9580844520e-01
   outer loop
     vertex 7.0192689193e-01 0.0000000000e+00 -3.5851724287e-02
     vertex 5.8876378780e-01 -3.9947442185e-01 -4.6245564808e-02
     vertex 5.8876378780e-01 0.0000000000e+00 -4.6245564808e-02
   endloop
 endfacet
 facet normal  7.0157790253e-02 -1.7327256618e-17 -9.9753590635e-01
   outer loop
     vertex 5.8876378780e-01 0.0000000000e+00 -4.6245564808e-02
     vertex 5.8876378780e-01 -3.9947442185e-01 -4.6245564808e-02
     vertex 4.6678824105e-01 -3.9947442185e-01 -5.4824238287e-02
   endloop
 endfacet
 facet normal  7.0157790253e-02 -9.7491591246e-18 -9.9753590635e-01
   outer loop
     vertex 5.8876378780e-01 0.0000000000e+00 -4.6245564808e-02
     vertex 4.6678824105e-01 -3.9947442185e-01 -5.4824238287e-02
     vertex 4.6678824105e-01 0.0000000000e+00 -5.4824238287e-02
   endloop
 endfacet
 facet normal  3.9613515037e-02 -5.5047124515e-18 -9.9921507666e-01
   outer loop
     vertex 4.6678824105e-01 0.0000000000e+00 -5.4824238287e-02
     vertex 4.6678824105e-01 -3.9947442185e-01 -5.4824238287e-02
     vertex 3.4867161706e-01 0.0000000000e+00 -5.9506928501e-02
   endloop
 endfacet
 facet normal  3.9613515037e-02 -1.7356423903e-17 -9.9921507666e-01
   outer loop
     vertex 4.6678824105e-01 -3.9947442185e-01 -5.4824238287e-02
     vertex 3.4867161706e-01 -3.9947442185e-01 -5.9506928501e-02
     vertex 3.4867161706e-01 0.0000000000e+00 -5.9506928501e-02
   endloop
 endfacet
 facet normal  -2.0754226775e-03 -1.7370020658e-17 -9.9999784631e-01
   outer loop
     vertex 3.4867161706e-01 0.0000000000e+00 -5.9506928501e-02
     vertex 3.4867161706e-01 -3.9947442185e-01 -5.9506928501e-02
     vertex 2.4565152047e-01 0.0000000000e+00 -5.9293117796e-02
   endloop
 endfacet
 facet normal  -2.0754226775e-03 -1.7225819808e-17 -9.9999784631e-01
   outer loop
     vertex 3.4867161706e-01 -3.9947442185e-01 -5.9506928501e-02
     vertex 2.4565152047e-01 -3.9947442185e-01 -5.9293117796e-02
     vertex 2.4565152047e-01 0.0000000000e+00 -5.9293117796e-02
   endloop
 endfacet
 facet normal  -5.5453819818e-02 -1.3490385663e-17 -9.9846125306e-01
   outer loop
     vertex 2.4565152047e-01 0.0000000000e+00 -5.9293117796e-02
     vertex 2.4565152047e-01 -3.9947442185e-01 -5.9293117796e-02
     vertex 1.6380190832e-01 0.0000000000e+00 -5.4747249210e-02
   endloop
 endfacet
 facet normal  -5.5453819818e-02 -1.7343329944e-17 -9.9846125306e-01
   outer loop
     vertex 2.4565152047e-01 -3.9947442185e-01 -5.9293117796e-02
     vertex 1.6380190832e-01 -3.9947442185e-01 -5.4747249210e-02
     vertex 1.6380190832e-01 0.0000000000e+00 -5.4747249210e-02
   endloop
 endfacet
 facet normal  -1.2076702739e-01 -1.7242924489e-17 -9.9268087777e-01
   outer loop
     vertex 1.6380190832e-01 0.0000000000e+00 -5.4747249210e-02
     vertex 1.6380190832e-01 -3.9947442185e-01 -5.4747249210e-02
     vertex 1.0361138312e-01 0.0000000000e+00 -4.7424623209e-02
   endloop
 endfacet
 facet normal  -1.2076702739e-01 -1.7242924489e-17 -9.9268087777e-01
   outer loop
     vertex 1.6380190832e-01 -3.9947442185e-01 -5.4747249210e-02
     vertex 1.0361138312e-01 -3.9947442185e-01 -4.7424623209e-02
     vertex 1.0361138312e-01 0.0000000000e+00 -4.7424623209e-02
   endloop
 endfacet
 facet normal  -2.0023240962e-01 -1.7018287086e-17 -9.7974842798e-01
   outer loop
     vertex 1.0361138312e-01 0.0000000000e+00 -4.7424623209e-02
     vertex 1.0361138312e-01 -3.9947442185e-01 -4.7424623209e-02
     vertex 6.2004804867e-02 0.0000000000e+00 -3.8921434858e-02
   endloop
 endfacet
 facet normal  -2.0023240962e-01 3.4780485821e-18 -9.7974842798e-01
   outer loop
     vertex 1.0361138312e-01 -3.9947442185e-01 -4.7424623209e-02
     vertex 6.2004804867e-02 -3.9947442185e-01 -3.8921434858e-02
     vertex 6.2004804867e-02 0.0000000000e+00 -3.8921434858e-02
   endloop
 endfacet
 facet normal  -2.9935221327e-01 5.1997653272e-18 -9.5414267927e-01
   outer loop
     vertex 6.2004804867e-02 0.0000000000e+00 -3.8921434858e-02
     vertex 6.2004804867e-02 -3.9947442185e-01 -3.8921434858e-02
     vertex 3.4701656177e-02 0.0000000000e+00 -3.0355359608e-02
   endloop
 endfacet
 facet normal  -2.9935221327e-01 -3.0869915446e-18 -9.5414267927e-01
   outer loop
     vertex 6.2004804867e-02 -3.9947442185e-01 -3.8921434858e-02
     vertex 3.4701656177e-02 -3.9947442185e-01 -3.0355359608e-02
     vertex 3.4701656177e-02 0.0000000000e+00 -3.0355359608e-02
   endloop
 endfacet
 facet normal  -4.2610378432e-01 -4.5567496961e-19 -9.0467428669e-01
   outer loop
     vertex 3.4701656177e-02 0.0000000000e+00 -3.0355359608e-02
     vertex 3.4701656177e-02 -3.9947442185e-01 -3.0355359608e-02
     vertex 1.7711394777e-02 0.0000000000e+00 -2.2352905260e-02
   endloop
 endfacet
 facet normal  -4.2610378432e-01 0.0000000000e+00 -9.0467428669e-01
   outer loop
     vertex 3.4701656177e-02 -3.9947442185e-01 -3.0355359608e-02
     vertex 1.7711394777e-02 -3.9947442185e-01 -2.2352905260e-02
     vertex 1.7711394777e-02 0.0000000000e+00 -2.2352905260e-02
   endloop
 endfacet
 facet normal  -5.8540728658e-01 0.0000000000e+00 -8.1073935937e-01
   outer loop
     vertex 1.7711394777e-02 0.0000000000e+00 -2.2352905260e-02
     vertex 1.7711394777e-02 -3.9947442185e-01 -2.2352905260e-02
     vertex 7.8928270998e-03 0.0000000000e+00 -1.5263251853e-02
   endloop
 endfacet
 facet normal  -5.8540728658e-01 0.0000000000e+00 -8.1073935937e-01
   outer loop
     vertex 1.7711394777e-02 -3.9947442185e-01 -2.2352905260e-02
     vertex 7.8928270998e-03 -3.9947442185e-01 -1.5263251853e-02
     vertex 7.8928270998e-03 0.0000000000e+00 -1.5263251853e-02
   endloop
 endfacet
 facet normal  -7.6128093626e-01 0.0000000000e+00 -6.4842218969e-01
   outer loop
     vertex 7.8928270998e-03 0.0000000000e+00 -1.5263251853e-02
     vertex 7.8928270998e-03 -3.9947442185e-01 -1.5263251853e-02
     vertex 2.8852305479e-03 0.0000000000e+00 -9.3840764449e-03
   endloop
 endfacet
 facet normal  -7.6128093626e-01 0.0000000000e+00 -6.4842218969e-01
   outer loop
     vertex 7.8928270998e-03 -3.9947442185e-01 -1.5263251853e-02
     vertex 2.8852305479e-03 -3.9947442185e-01 -9.3840764449e-03
     vertex 2.8852305479e-03 0.0000000000e+00 -9.3840764449e-03
   endloop
 endfacet
 facet normal  -9.0355742872e-01 0.0000000000e+00 -4.2846700341e-01
   outer loop
     vertex 2.8852305479e-03 0.0000000000e+00 -9.3840764449e-03
     vertex 2.8852305479e-03 -3.9947442185e-01 -9.3840764449e-03
     vertex 7.8807384983e-04 0.0000000000e+00 -4.9615619954e-03
   endloop
 endfacet
 facet normal  -9.0355742872e-01 0.0000000000e+00 -4.2846700341e-01
   outer loop
     vertex 2.8852305479e-03 -3.9947442185e-01 -9.3840764449e-03
     vertex 7.8807384983e-04 -3.9947442185e-01 -4.9615619954e-03
     vertex 7.8807384983e-04 0.0000000000e+00 -4.9615619954e-03
   endloop
 endfacet
 facet normal  -9.7629917451e-01 0.0000000000e+00 -2.1642532625e-01
   outer loop
     vertex 7.8807384983e-04 0.0000000000e+00 -4.9615619954e-03
     vertex 7.8807384983e-04 -3.9947442185e-01 -4.9615619954e-03
     vertex 1.1903597513e-04 0.0000000000e+00 -1.9435181458e-03
   endloop
 endfacet
 facet normal  -9.7629917451e-01 -1.1747876513e-19 -2.1642532625e-01
   outer loop
     vertex 7.8807384983e-04 -3.9947442185e-01 -4.9615619954e-03
     vertex 1.1903597513e-04 -3.9947442185e-01 -1.9435181458e-03
     vertex 1.1903597513e-04 0.0000000000e+00 -1.9435181458e-03
   endloop
 endfacet
 facet normal  -9.9812962151e-01 -3.3183933965e-20 -6.1133122455e-02
   outer loop
     vertex 1.1903597513e-04 0.0000000000e+00 -1.9435181458e-03
     vertex 1.1903597513e-04 -3.9947442185e-01 -1.9435181458e-03
     vertex 0.0000000000e+00 0.0000000000e+00 0.0000000000e+00
   endloop
 endfacet
 facet normal  -9.9812962151e-01 0.0000000000e+00 -6.1133122455e-02
   outer loop
     vertex 1.1903597513e-04 -3.9947442185e-01 -1.9435181458e-03
     vertex 0.0000000000e+00 -3.9947442185e-01 0.0000000000e+00
     vertex 0.0000000000e+00 0.0000000000e+00 0.0000000000e+00
   endloop
 endfacet
 facet normal  -9.9812962151e-01 0.0000000000e+00 6.1133122455e-02
   outer loop
     vertex 0.0000000000e+00 0.0000000000e+00 0.0000000000e+00
     vertex 0.0000000000e+00 -3.9947442185e-01 0.0000000000e+00
     vertex 1.1903597513e-04 -3.9947442185e-01 1.9435181458e-03
   endloop
 endfacet
 facet normal  -9.9812962151e-01 0.0000000000e+00 6.1133122455e-02
   outer loop
     vertex 0.0000000000e+00 0.0000000000e+00 0.0000000000e+00
     vertex 1.1903597513e-04 -3.9947442185e-01 1.9435181458e-03
     vertex 1.1903597513e-04 0.0000000000e+00 1.9435181458e-03
   endloop
 endfacet
 facet normal  -9.7629917451e-01 0.0000000000e+00 2.1642532625e-01
   outer loop
     vertex 1.1903597513e-04 0.0000000000e+00 1.9435181458e-03
     vertex 1.1903597513e-04 -3.9947442185e-01 1.9435181458e-03
     vertex 7.8807384983e-04 -3.9947442185e-01 4.9615619954e-03
   endloop
 endfacet
 facet normal  -9.7629917451e-01 -2.0494047690e-19 2.1642532625e-01
   outer loop
     vertex 1.1903597513e-04 0.0000000000e+00 1.9435181458e-03
     vertex 7.8807384983e-04 -3.9947442185e-01 4.9615619954e-03
     vertex 7.8807384983e-04 0.0000000000e+00 4.9615619954e-03
   endloop
 endfacet
 facet normal  -9.0355742872e-01 -6.8508013797e-19 4.2846700341e-01
   outer loop
     vertex 7.8807384983e-04 0.0000000000e+00 4.9615619954e-03
     vertex 7.8807384983e-04 -3.9947442185e-01 4.9615619954e-03
     vertex 2.8852305479e-03 -3.9947442185e-01 9.3840764449e-03
   endloop
 endfacet
 facet normal  -9.0355742872e-01 -8.7969636956e-19 4.2846700341e-01
   outer loop
     vertex 7.8807384983e-04 0.0000000000e+00 4.9615619954e-03
     vertex 2.8852305479e-03 -3.9947442185e-01 9.3840764449e-03
     vertex 2.8852305479e-03 0.0000000000e+00 9.3840764449e-03
   endloop
 endfacet
 facet normal  -7.6128093626e-01 -1.9893143925e-18 6.4842218969e-01
   outer loop
     vertex 2.8852305479e-03 0.0000000000e+00 9.3840764449e-03
     vertex 2.8852305479e-03 -3.9947442185e-01 9.3840764449e-03
     vertex 7.8928270998e-03 -3.9947442185e-01 1.5263251853e-02
   endloop
 endfacet
 facet normal  -7.6128093626e-01 -2.8157827718e-18 6.4842218969e-01
   outer loop
     vertex 2.8852305479e-03 0.0000000000e+00 9.3840764449e-03
     vertex 7.8928270998e-03 -3.9947442185e-01 1.5263251853e-02
     vertex 7.8928270998e-03 0.0000000000e+00 1.5263251853e-02
   endloop
 endfacet
 facet normal  -5.8540728658e-01 -3.5206474374e-18 8.1073935937e-01
   outer loop
     vertex 7.8928270998e-03 0.0000000000e+00 1.5263251853e-02
     vertex 7.8928270998e-03 -3.9947442185e-01 1.5263251853e-02
     vertex 1.7711394777e-02 -3.9947442185e-01 2.2352905260e-02
   endloop
 endfacet
 facet normal  -5.8540728658e-01 0.0000000000e+00 8.1073935937e-01
   outer loop
     vertex 7.8928270998e-03 0.0000000000e+00 1.5263251853e-02
     vertex 1.7711394777e-02 -3.9947442185e-01 2.2352905260e-02
     vertex 1.7711394777e-02 0.0000000000e+00 2.2352905260e-02
   endloop
 endfacet
 facet normal  -4.2610378432e-01 0.0000000000e+00 9.0467428669e-01
   outer loop
     vertex 1.7711394777e-02 0.0000000000e+00 2.2352905260e-02
     vertex 1.7711394777e-02 -3.9947442185e-01 2.2352905260e-02
     vertex 3.4701656177e-02 -3.9947442185e-01 3.0355359608e-02
   endloop
 endfacet
 facet normal  -4.2610378432e-01 0.0000000000e+00 9.0467428669e-01
   outer loop
     vertex 1.7711394777e-02 0.0000000000e+00 2.2352905260e-02
     vertex 3.4701656177e-02 -3.9947442185e-01 3.0355359608e-02
     vertex 3.4701656177e-02 0.0000000000e+00 3.0355359608e-02
   endloop
 endfacet
 facet normal  -2.9935221327e-01 0.0000000000e+00 9.5414267927e-01
   outer loop
     vertex 3.4701656177e-02 0.0000000000e+00 3.0355359608e-02
     vertex 3.4701656177e-02 -3.9947442185e-01 3.0355359608e-02
     vertex 6.2004804867e-02 -3.9947442185e-01 3.8921434858e-02
   endloop
 endfacet
 facet normal  -2.9935221327e-01 0.0000000000e+00 9.5414267927e-01
   outer loop
     vertex 3.4701656177e-02 0.0000000000e+00 3.0355359608e-02
     vertex 6.2004804867e-02 -3.9947442185e-01 3.8921434858e-02
     vertex 6.2004804867e-02 0.0000000000e+00 3.8921434858e-02
   endloop
 endfacet
 facet normal  -2.0023240962e-01 0.0000000000e+00 9.7974842798e-01
   outer loop
     vertex 6.2004804867e-02 0.0000000000e+00 3.8921434858e-02
     vertex 6.2004804867e-02 -3.9947442185e-01 3.8921434858e-02
     vertex 1.0361138312e-01 -3.9947442185e-01 4.7424623209e-02
   endloop
 endfacet
 facet normal  -2.0023240962e-01 -1.7018287086e-17 9.7974842798e-01
   outer loop
     vertex 6.2004804867e-02 0.0000000000e+00 3.8921434858e-02
     vertex 1.0361138312e-01 -3.9947442185e-01 4.7424623209e-02
     vertex 1.0361138312e-01 0.0000000000e+00 4.7424623209e-02
   endloop
 endfacet
 facet normal  -1.2076702739e-01 -1.7242924489e-17 9.9268087777e-01
   outer loop
     vertex 1.0361138312e-01 0.0000000000e+00 4.7424623209e-02
     vertex 1.0361138312e-01 -3.9947442185e-01 4.7424623209e-02
     vertex 1.6380190832e-01 -3.9947442185e-01 5.4747249210e-02
   endloop
 endfacet
 facet normal  -1.2076702739e-01 0.0000000000e+00 9.9268087777e-01
   outer loop
     vertex 1.0361138312e-01 0.0000000000e+00 4.7424623209e-02
     vertex 1.6380190832e-01 -3.9947442185e-01 5.4747249210e-02
     vertex 1.6380190832e-01 0.0000000000e+00 5.4747249210e-02
   endloop
 endfacet
 facet normal  -5.5453819818e-02 0.0000000000e+00 9.9846125306e-01
   outer loop
     vertex 1.6380190832e-01 0.0000000000e+00 5.4747249210e-02
     vertex 1.6380190832e-01 -3.9947442185e-01 5.4747249210e-02
     vertex 2.4565152047e-01 -3.9947442185e-01 5.9293117796e-02
   endloop
 endfacet
 facet normal  -5.5453819818e-02 -1.7343329944e-17 9.9846125306e-01
   outer loop
     vertex 1.6380190832e-01 0.0000000000e+00 5.4747249210e-02
     vertex 2.4565152047e-01 -3.9947442185e-01 5.9293117796e-02
     vertex 2.4565152047e-01 0.0000000000e+00 5.9293117796e-02
   endloop
 endfacet
 facet normal  -2.0754226775e-03 -1.7370020658e-17 9.9999784631e-01
   outer loop
     vertex 2.4565152047e-01 0.0000000000e+00 5.9293117796e-02
     vertex 2.4565152047e-01 -3.9947442185e-01 5.9293117796e-02
     vertex 3.4867161706e-01 -3.9947442185e-01 5.9506928501e-02
   endloop
 endfacet
 facet normal  -2.0754226775e-03 -1.7370020658e-17 9.9999784631e-01
   outer loop
     vertex 2.4565152047e-01 0.0000000000e+00 5.9293117796e-02
     vertex 3.4867161706e-01 -3.9947442185e-01 5.9506928501e-02
     vertex 3.4867161706e-01 0.0000000000e+00 5.9506928501e-02
   endloop
 endfacet
 facet normal  3.9613515037e-02 -1.7356423903e-17 9.9921507666e-01
   outer loop
     vertex 3.4867161706e-01 0.0000000000e+00 5.9506928501e-02
     vertex 3.4867161706e-01 -3.9947442185e-01 5.9506928501e-02
     vertex 4.6678824105e-01 -3.9947442185e-01 5.4824238287e-02
   endloop
 endfacet
 facet normal  3.9613515037e-02 -2.2861136355e-17 9.9921507666e-01
   outer loop
     vertex 3.4867161706e-01 0.0000000000e+00 5.9506928501e-02
     vertex 4.6678824105e-01 -3.9947442185e-01 5.4824238287e-02
     vertex 4.6678824105e-01 0.0000000000e+00 5.4824238287e-02
   endloop
 endfacet
 facet normal  7.0157790253e-02 -2.7076415742e-17 9.9753590635e-01
   outer loop
     vertex 4.6678824105e-01 0.0000000000e+00 5.4824238287e-02
     vertex 4.6678824105e-01 -3.9947442185e-01 5.4824238287e-02
     vertex 5.8876378780e-01 0.0000000000e+00 4.6245564808e-02
   endloop
 endfacet
 facet normal  7.0157790253e-02 -0.0000000000e+00 9.9753590635e-01
   outer loop
     vertex 4.6678824105e-01 -3.9947442185e-01 5.4824238287e-02
     vertex 5.8876378780e-01 -3.9947442185e-01 4.6245564808e-02
     vertex 5.8876378780e-01 0.0000000000e+00 4.6245564808e-02
   endloop
 endfacet
 facet normal  9.1463328509e-02 -0.0000000000e+00 9.9580844520e-01
   outer loop
     vertex 5.8876378780e-01 0.0000000000e+00 4.6245564808e-02
     vertex 5.8876378780e-01 -3.9947442185e-01 4.6245564808e-02
     vertex 7.0192689193e-01 0.0000000000e+00 3.5851724287e-02
   endloop
 endfacet
 facet normal  9.1463328509e-02 -0.0000000000e+00 9.9580844520e-01
   outer loop
     vertex 5.8876378780e-01 -3.9947442185e-01 4.6245564808e-02
     vertex 7.0192689193e-01 -3.9947442185e-01 3.5851724287e-02
     vertex 7.0192689193e-01 0.0000000000e+00 3.5851724287e-02
   endloop
 endfacet
 facet normal  1.0637499606e-01 -0.0000000000e+00 9.9432608344e-01
   outer loop
     vertex 7.0192689193e-01 0.0000000000e+00 3.5851724287e-02
     vertex 7.0192689193e-01 -3.9947442185e-01 3.5851724287e-02
     vertex 7.9695803833e-01 0.0000000000e+00 2.5685101897e-02
   endloop
 endfacet
 facet normal  1.0637499606e-01 -2.9563837736e-17 9.9432608344e-01
   outer loop
     vertex 7.0192689193e-01 -3.9947442185e-01 3.5851724287e-02
     vertex 7.9695803833e-01 -3.9947442185e-01 2.5685101897e-02
     vertex 7.9695803833e-01 0.0000000000e+00 2.5685101897e-02
   endloop
 endfacet
 facet normal  1.1718870894e-01 -3.2569194865e-17 9.9310966489e-01
   outer loop
     vertex 7.9695803833e-01 0.0000000000e+00 2.5685101897e-02
     vertex 7.9695803833e-01 -3.9947442185e-01 2.5685101897e-02
     vertex 8.7030448965e-01 0.0000000000e+00 1.7030090029e-02
   endloop
 endfacet
 facet normal  1.1718870894e-01 -0.0000000000e+00 9.9310966489e-01
   outer loop
     vertex 7.9695803833e-01 -3.9947442185e-01 2.5685101897e-02
     vertex 8.7030448965e-01 -3.9947442185e-01 1.7030090029e-02
     vertex 8.7030448965e-01 0.0000000000e+00 1.7030090029e-02
   endloop
 endfacet
 facet normal  1.2513251854e-01 -0.0000000000e+00 9.9214003689e-01
   outer loop
     vertex 8.7030448965e-01 0.0000000000e+00 1.7030090029e-02
     vertex 8.7030448965e-01 -3.9947442185e-01 1.7030090029e-02
     vertex 9.2331020388e-01 0.0000000000e+00 1.0344805420e-02
   endloop
 endfacet
 facet normal  1.2513251854e-01 -0.0000000000e+00 9.9214003689e-01
   outer loop
     vertex 8.7030448965e-01 -3.9947442185e-01 1.7030090029e-02
     vertex 9.2331020388e-01 -3.9947442185e-01 1.0344805420e-02
     vertex 9.2331020388e-01 0.0000000000e+00 1.0344805420e-02
   endloop
 endfacet
 facet normal  1.3095350728e-01 -0.0000000000e+00 9.9138851059e-01
   outer loop
     vertex 9.2331020388e-01 0.0000000000e+00 1.0344805420e-02
     vertex 9.2331020388e-01 -3.9947442185e-01 1.0344805420e-02
     vertex 9.5982161505e-01 0.0000000000e+00 5.5219763305e-03
   endloop
 endfacet
 facet normal  1.3095350728e-01 -3.6394720410e-17 9.9138851059e-01
   outer loop
     vertex 9.2331020388e-01 -3.9947442185e-01 1.0344805420e-02
     vertex 9.5982161505e-01 -3.9947442185e-01 5.5219763305e-03
     vertex 9.5982161505e-01 0.0000000000e+00 5.5219763305e-03
   endloop
 endfacet
 facet normal  1.3505987260e-01 -3.7535965274e-17 9.9083743915e-01
   outer loop
     vertex 9.5982161505e-01 0.0000000000e+00 5.5219763305e-03
     vertex 9.5982161505e-01 -3.9947442185e-01 5.5219763305e-03
     vertex 9.8414844626e-01 0.0000000000e+00 2.2060149078e-03
   endloop
 endfacet
 facet normal  1.3505987260e-01 -1.0756814908e-18 9.9083743915e-01
   outer loop
     vertex 9.5982161505e-01 -3.9947442185e-01 5.5219763305e-03
     vertex 9.8414844626e-01 -3.9947442185e-01 2.2060149078e-03
     vertex 9.8414844626e-01 0.0000000000e+00 2.2060149078e-03
   endloop
 endfacet
 facet normal  1.3783871552e-01 -1.0752659650e-18 9.9045468776e-01
   outer loop
     vertex 9.8414844626e-01 0.0000000000e+00 2.2060149078e-03
     vertex 9.8414844626e-01 -3.9947442185e-01 2.2060149078e-03
     vertex 1.0000000000e+00 0.0000000000e+00 0.0000000000e+00
   endloop
 endfacet
 facet normal  1.3783871552e-01 -0.0000000000e+00 9.9045468776e-01
   outer loop
     vertex 9.8414844626e-01 -3.9947442185e-01 2.2060149078e-03
     vertex 1.0000000000e+00 -3.9947442185e-01 0.0000000000e+00
     vertex 1.0000000000e+00 0.0000000000e+00 0.0000000000e+00
   endloop
 endfacet
 facet normal  1.3783871552e-01 0.0000000000e+00 -9.9045468776e-01
   outer loop
     vertex 1.0000000000e+00 -3.9947442185e-01 0.0000000000e+00
     vertex 1.0000000000e+00 -8.8073736299e-01 0.0000000000e+00
     vertex 9.8414844626e-01 -8.8073736299e-01 -2.2060149078e-03
   endloop
 endfacet
 facet normal  1.3783871552e-01 8.9252924537e-19 -9.9045468776e-01
   outer loop
     vertex 1.0000000000e+00 -3.9947442185e-01 0.0000000000e+00
     vertex 9.8414844626e-01 -8.8073736299e-01 -2.2060149078e-03
     vertex 9.8414844626e-01 -3.9947442185e-01 -2.2060149078e-03
   endloop
 endfacet
 facet normal  1.3505987260e-01 8.9287415444e-19 -9.9083743915e-01
   outer loop
     vertex 9.8414844626e-01 -3.9947442185e-01 -2.2060149078e-03
     vertex 9.8414844626e-01 -8.8073736299e-01 -2.2060149078e-03
     vertex 9.5982161505e-01 -8.8073736299e-01 -5.5219763305e-03
   endloop
 endfacet
 facet normal  1.3505987260e-01 3.1156893133e-17 -9.9083743915e-01
   outer loop
     vertex 9.8414844626e-01 -3.9947442185e-01 -2.2060149078e-03
     vertex 9.5982161505e-01 -8.8073736299e-01 -5.5219763305e-03
     vertex 9.5982161505e-01 -3.9947442185e-01 -5.5219763305e-03
   endloop
 endfacet
 facet normal  1.3095350728e-01 3.0209597813e-17 -9.9138851059e-01
   outer loop
     vertex 9.5982161505e-01 -3.9947442185e-01 -5.5219763305e-03
     vertex 9.5982161505e-01 -8.8073736299e-01 -5.5219763305e-03
     vertex 9.2331020388e-01 -8.8073736299e-01 -1.0344805420e-02
   endloop
 endfacet
 facet normal  1.3095350728e-01 3.5734829676e-18 -9.9138851059e-01
   outer loop
     vertex 9.5982161505e-01 -3.9947442185e-01 -5.5219763305e-03
     vertex 9.2331020388e-01 -8.8073736299e-01 -1.0344805420e-02
     vertex 9.2331020388e-01 -3.9947442185e-01 -1.0344805420e-02
   endloop
 endfacet
 facet normal  1.2513251854e-01 3.5761918617e-18 -9.9214003689e-01
   outer loop
     vertex 9.2331020388e-01 -3.9947442185e-01 -1.0344805420e-02
     vertex 9.2331020388e-01 -8.8073736299e-01 -1.0344805420e-02
     vertex 8.7030448965e-01 -8.8073736299e-01 -1.7030090029e-02
   endloop
 endfacet
 facet normal  1.2513251854e-01 0.0000000000e+00 -9.9214003689e-01
   outer loop
     vertex 9.2331020388e-01 -3.9947442185e-01 -1.0344805420e-02
     vertex 8.7030448965e-01 -8.8073736299e-01 -1.7030090029e-02
     vertex 8.7030448965e-01 -3.9947442185e-01 -1.7030090029e-02
   endloop
 endfacet
 facet normal  1.1718870894e-01 0.0000000000e+00 -9.9310966489e-01
   outer loop
     vertex 8.7030448965e-01 -3.9947442185e-01 -1.7030090029e-02
     vertex 8.7030448965e-01 -8.8073736299e-01 -1.7030090029e-02
     vertex 7.9695803833e-01 -8.8073736299e-01 -2.5685101897e-02
   endloop
 endfacet
 facet normal  1.1718870894e-01 2.7034203501e-17 -9.9310966489e-01
   outer loop
     vertex 8.7030448965e-01 -3.9947442185e-01 -1.7030090029e-02
     vertex 7.9695803833e-01 -8.8073736299e-01 -2.5685101897e-02
     vertex 7.9695803833e-01 -3.9947442185e-01 -2.5685101897e-02
   endloop
 endfacet
 facet normal  1.0637499606e-01 2.4539593593e-17 -9.9432608344e-01
   outer loop
     vertex 7.9695803833e-01 -3.9947442185e-01 -2.5685101897e-02
     vertex 7.9695803833e-01 -8.8073736299e-01 -2.5685101897e-02
     vertex 7.0192689193e-01 -8.8073736299e-01 -3.5851724287e-02
   endloop
 endfacet
 facet normal  1.0637499606e-01 0.0000000000e+00 -9.9432608344e-01
   outer loop
     vertex 7.9695803833e-01 -3.9947442185e-01 -2.5685101897e-02
     vertex 7.0192689193e-01 -8.8073736299e-01 -3.5851724287e-02
     vertex 7.0192689193e-01 -3.9947442185e-01 -3.5851724287e-02
   endloop
 endfacet
 facet normal  9.1463328509e-02 0.0000000000e+00 -9.9580844520e-01
   outer loop
     vertex 7.0192689193e-01 -3.9947442185e-01 -3.5851724287e-02
     vertex 7.0192689193e-01 -8.8073736299e-01 -3.5851724287e-02
     vertex 5.8876378780e-01 -8.8073736299e-01 -4.6245564808e-02
   endloop
 endfacet
 facet normal  9.1463328509e-02 1.4357658899e-17 -9.9580844520e-01
   outer loop
     vertex 7.0192689193e-01 -3.9947442185e-01 -3.5851724287e-02
     vertex 5.8876378780e-01 -8.8073736299e-01 -4.6245564808e-02
     vertex 5.8876378780e-01 -3.9947442185e-01 -4.6245564808e-02
   endloop
 endfacet
 facet normal  7.0157790253e-02 1.4382565595e-17 -9.9753590635e-01
   outer loop
     vertex 5.8876378780e-01 -3.9947442185e-01 -4.6245564808e-02
     vertex 5.8876378780e-01 -8.8073736299e-01 -4.6245564808e-02
     vertex 4.6678824105e-01 -8.8073736299e-01 -5.4824238287e-02
   endloop
 endfacet
 facet normal  7.0157790253e-02 8.0923324275e-18 -9.9753590635e-01
   outer loop
     vertex 5.8876378780e-01 -3.9947442185e-01 -4.6245564808e-02
     vertex 4.6678824105e-01 -8.8073736299e-01 -5.4824238287e-02
     vertex 4.6678824105e-01 -3.9947442185e-01 -5.4824238287e-02
   endloop
 endfacet
 facet normal  3.9613515037e-02 4.5692107910e-18 -9.9921507666e-01
   outer loop
     vertex 4.6678824105e-01 -3.9947442185e-01 -5.4824238287e-02
     vertex 4.6678824105e-01 -8.8073736299e-01 -5.4824238287e-02
     vertex 3.4867161706e-01 -3.9947442185e-01 -5.9506928501e-02
   endloop
 endfacet
 facet normal  3.9613515037e-02 1.4406776029e-17 -9.9921507666e-01
   outer loop
     vertex 4.6678824105e-01 -8.8073736299e-01 -5.4824238287e-02
     vertex 3.4867161706e-01 -8.8073736299e-01 -5.9506928501e-02
     vertex 3.4867161706e-01 -3.9947442185e-01 -5.9506928501e-02
   endloop
 endfacet
 facet normal  -2.0754226775e-03 1.4418062075e-17 -9.9999784631e-01
   outer loop
     vertex 3.4867161706e-01 -3.9947442185e-01 -5.9506928501e-02
     vertex 3.4867161706e-01 -8.8073736299e-01 -5.9506928501e-02
     vertex 2.4565152047e-01 -3.9947442185e-01 -5.9293117796e-02
   endloop
 endfacet
 facet normal  -2.0754226775e-03 1.4298367525e-17 -9.9999784631e-01
   outer loop
     vertex 3.4867161706e-01 -8.8073736299e-01 -5.9506928501e-02
     vertex 2.4565152047e-01 -8.8073736299e-01 -5.9293117796e-02
     vertex 2.4565152047e-01 -3.9947442185e-01 -5.9293117796e-02
   endloop
 endfacet
 facet normal  -5.5453819818e-02 1.1197753977e-17 -9.9846125306e-01
   outer loop
     vertex 2.4565152047e-01 -3.9947442185e-01 -5.9293117796e-02
     vertex 2.4565152047e-01 -8.8073736299e-01 -5.9293117796e-02
     vertex 1.6380190832e-01 -3.9947442185e-01 -5.4747249210e-02
   endloop
 endfacet
 facet normal  -5.5453819818e-02 1.4395907330e-17 -9.9846125306e-01
   outer loop
     vertex 2.4565152047e-01 -8.8073736299e-01 -5.9293117796e-02
     vertex 1.6380190832e-01 -8.8073736299e-01 -5.4747249210e-02
     vertex 1.6380190832e-01 -3.9947442185e-01 -5.4747249210e-02
   endloop
 endfacet
 facet normal  -1.2076702739e-01 1.4312565341e-17 -9.9268087777e-01
   outer loop
     vertex 1.6380190832e-01 -3.9947442185e-01 -5.4747249210e-02
     vertex 1.6380190832e-01 -8.8073736299e-01 -5.4747249210e-02
     vertex 1.0361138312e-01 -3.9947442185e-01 -4.7424623209e-02
   endloop
 endfacet
 facet normal  -1.2076702739e-01 1.7795025836e-17 -9.9268087777e-01
   outer loop
     vertex 1.6380190832e-01 -8.8073736299e-01 -5.4747249210e-02
     vertex 1.0361138312e-01 -8.8073736299e-01 -4.7424623209e-02
     vertex 1.0361138312e-01 -3.9947442185e-01 -4.7424623209e-02
   endloop
 endfacet
 facet normal  -2.0023240962e-01 1.9900043133e-17 -9.7974842798e-01
   outer loop
     vertex 1.0361138312e-01 -3.9947442185e-01 -4.7424623209e-02
     vertex 1.0361138312e-01 -8.8073736299e-01 -4.7424623209e-02
     vertex 6.2004804867e-02 -3.9947442185e-01 -3.8921434858e-02
   endloop
 endfacet
 facet normal  -2.0023240962e-01 -5.7739390579e-18 -9.7974842798e-01
   outer loop
     vertex 1.0361138312e-01 -8.8073736299e-01 -4.7424623209e-02
     vertex 6.2004804867e-02 -8.8073736299e-01 -3.8921434858e-02
     vertex 6.2004804867e-02 -3.9947442185e-01 -3.8921434858e-02
   endloop
 endfacet
 facet normal  -2.9935221327e-01 -8.6321761774e-18 -9.5414267927e-01
   outer loop
     vertex 6.2004804867e-02 -3.9947442185e-01 -3.8921434858e-02
     vertex 6.2004804867e-02 -8.8073736299e-01 -3.8921434858e-02
     vertex 3.4701656177e-02 -3.9947442185e-01 -3.0355359608e-02
   endloop
 endfacet
 facet normal  -2.9935221327e-01 2.5623709143e-18 -9.5414267927e-01
   outer loop
     vertex 6.2004804867e-02 -8.8073736299e-01 -3.8921434858e-02
     vertex 3.4701656177e-02 -8.8073736299e-01 -3.0355359608e-02
     vertex 3.4701656177e-02 -3.9947442185e-01 -3.0355359608e-02
   endloop
 endfacet
 facet normal  -4.2610378432e-01 3.7823501348e-19 -9.0467428669e-01
   outer loop
     vertex 3.4701656177e-02 -3.9947442185e-01 -3.0355359608e-02
     vertex 3.4701656177e-02 -8.8073736299e-01 -3.0355359608e-02
     vertex 1.7711394777e-02 -3.9947442185e-01 -2.2352905260e-02
   endloop
 endfacet
 facet normal  -4.2610378432e-01 0.0000000000e+00 -9.0467428669e-01
   outer loop
     vertex 3.4701656177e-02 -8.8073736299e-01 -3.0355359608e-02
     vertex 1.7711394777e-02 -8.8073736299e-01 -2.2352905260e-02
     vertex 1.7711394777e-02 -3.9947442185e-01 -2.2352905260e-02
   endloop
 endfacet
 facet normal  -5.8540728658e-01 0.0000000000e+00 -8.1073935937e-01
   outer loop
     vertex 1.7711394777e-02 -3.9947442185e-01 -2.2352905260e-02
     vertex 1.7711394777e-02 -8.8073736299e-01 -2.2352905260e-02
     vertex 7.8928270998e-03 -3.9947442185e-01 -1.5263251853e-02
   endloop
 endfacet
 facet normal  -5.8540728658e-01 0.0000000000e+00 -8.1073935937e-01
   outer loop
     vertex 1.7711394777e-02 -8.8073736299e-01 -2.2352905260e-02
     vertex 7.8928270998e-03 -8.8073736299e-01 -1.5263251853e-02
     vertex 7.8928270998e-03 -3.9947442185e-01 -1.5263251853e-02
   endloop
 endfacet
 facet normal  -7.6128093626e-01 0.0000000000e+00 -6.4842218969e-01
   outer loop
     vertex 7.8928270998e-03 -3.9947442185e-01 -1.5263251853e-02
     vertex 7.8928270998e-03 -8.8073736299e-01 -1.5263251853e-02
     vertex 2.8852305479e-03 -3.9947442185e-01 -9.3840764449e-03
   endloop
 endfacet
 facet normal  -7.6128093626e-01 0.0000000000e+00 -6.4842218969e-01
   outer loop
     vertex 7.8928270998e-03 -8.8073736299e-01 -1.5263251853e-02
     vertex 2.8852305479e-03 -8.8073736299e-01 -9.3840764449e-03
     vertex 2.8852305479e-03 -3.9947442185e-01 -9.3840764449e-03
   endloop
 endfacet
 facet normal  -9.0355742872e-01 0.0000000000e+00 -4.2846700341e-01
   outer loop
     vertex 2.8852305479e-03 -3.9947442185e-01 -9.3840764449e-03
     vertex 2.8852305479e-03 -8.8073736299e-01 -9.3840764449e-03
     vertex 7.8807384983e-04 -3.9947442185e-01 -4.9615619954e-03
   endloop
 endfacet
 facet normal  -9.0355742872e-01 0.0000000000e+00 -4.2846700341e-01
   outer loop
     vertex 2.8852305479e-03 -8.8073736299e-01 -9.3840764449e-03
     vertex 7.8807384983e-04 -8.8073736299e-01 -4.9615619954e-03
     vertex 7.8807384983e-04 -3.9947442185e-01 -4.9615619954e-03
   endloop
 endfacet
 facet normal  -9.7629917451e-01 0.0000000000e+00 -2.1642532625e-01
   outer loop
     vertex 7.8807384983e-04 -3.9947442185e-01 -4.9615619954e-03
     vertex 7.8807384983e-04 -8.8073736299e-01 -4.9615619954e-03
     vertex 1.1903597513e-04 -3.9947442185e-01 -1.9435181458e-03
   endloop
 endfacet
 facet normal  -9.7629917451e-01 9.7513765902e-20 -2.1642532625e-01
   outer loop
     vertex 7.8807384983e-04 -8.8073736299e-01 -4.9615619954e-03
     vertex 1.1903597513e-04 -8.8073736299e-01 -1.9435181458e-03
     vertex 1.1903597513e-04 -3.9947442185e-01 -1.9435181458e-03
   endloop
 endfacet
 facet normal  -9.9812962151e-01 2.7544470396e-20 -6.1133122455e-02
   outer loop
     vertex 1.1903597513e-04 -3.9947442185e-01 -1.9435181458e-03
     vertex 1.1903597513e-04 -8.8073736299e-01 -1.9435181458e-03
     vertex 0.0000000000e+00 -3.9947442185e-01 0.0000000000e+00
   endloop
 endfacet
 facet normal  -9.9812962151e-01 0.0000000000e+00 -6.1133122455e-02
   outer loop
     vertex 1.1903597513e-04 -8.8073736299e-01 -1.9435181458e-03
     vertex 0.0000000000e+00 -8.8073736299e-01 0.0000000000e+00
     vertex 0.0000000000e+00 -3.9947442185e-01 0.0000000000e+00
   endloop
 endfacet
 facet normal  -9.9812962151e-01 0.0000000000e+00 6.1133122455e-02
   outer loop
     vertex 0.0000000000e+00 -3.9947442185e-01 0.0000000000e+00
     vertex 0.0000000000e+00 -8.8073736299e-01 0.0000000000e+00
     vertex 1.1903597513e-04 -8.8073736299e-01 1.9435181458e-03
   endloop
 endfacet
 facet normal  -9.9812962151e-01 -2.8107667648e-20 6.1133122455e-02
   outer loop
     vertex 0.0000000000e+00 -3.9947442185e-01 0.0000000000e+00
     vertex 1.1903597513e-04 -8.8073736299e-01 1.9435181458e-03
     vertex 1.1903597513e-04 -3.9947442185e-01 1.9435181458e-03
   endloop
 endfacet
 facet normal  -9.7629917451e-01 -2.7492914878e-20 2.1642532625e-01
   outer loop
     vertex 1.1903597513e-04 -3.9947442185e-01 1.9435181458e-03
     vertex 1.1903597513e-04 -8.8073736299e-01 1.9435181458e-03
     vertex 7.8807384983e-04 -8.8073736299e-01 4.9615619954e-03
   endloop
 endfacet
 facet normal  -9.7629917451e-01 -2.1994331903e-19 2.1642532625e-01
   outer loop
     vertex 1.1903597513e-04 -3.9947442185e-01 1.9435181458e-03
     vertex 7.8807384983e-04 -8.8073736299e-01 4.9615619954e-03
     vertex 7.8807384983e-04 -3.9947442185e-01 4.9615619954e-03
   endloop
 endfacet
 facet normal  -9.0355742872e-01 -2.0355586176e-19 4.2846700341e-01
   outer loop
     vertex 7.8807384983e-04 -3.9947442185e-01 4.9615619954e-03
     vertex 7.8807384983e-04 -8.8073736299e-01 4.9615619954e-03
     vertex 2.8852305479e-03 -8.8073736299e-01 9.3840764449e-03
   endloop
 endfacet
 facet normal  -9.0355742872e-01 7.3019584220e-19 4.2846700341e-01
   outer loop
     vertex 7.8807384983e-04 -3.9947442185e-01 4.9615619954e-03
     vertex 2.8852305479e-03 -8.8073736299e-01 9.3840764449e-03
     vertex 2.8852305479e-03 -3.9947442185e-01 9.3840764449e-03
   endloop
 endfacet
 facet normal  -7.6128093626e-01 1.6512391644e-18 6.4842218969e-01
   outer loop
     vertex 2.8852305479e-03 -3.9947442185e-01 9.3840764449e-03
     vertex 2.8852305479e-03 -8.8073736299e-01 9.3840764449e-03
     vertex 7.8928270998e-03 -8.8073736299e-01 1.5263251853e-02
   endloop
 endfacet
 facet normal  -7.6128093626e-01 2.3372528791e-18 6.4842218969e-01
   outer loop
     vertex 2.8852305479e-03 -3.9947442185e-01 9.3840764449e-03
     vertex 7.8928270998e-03 -8.8073736299e-01 1.5263251853e-02
     vertex 7.8928270998e-03 -3.9947442185e-01 1.5263251853e-02
   endloop
 endfacet
 facet normal  -5.8540728658e-01 2.9223288962e-18 8.1073935937e-01
   outer loop
     vertex 7.8928270998e-03 -3.9947442185e-01 1.5263251853e-02
     vertex 7.8928270998e-03 -8.8073736299e-01 1.5263251853e-02
     vertex 1.7711394777e-02 -8.8073736299e-01 2.2352905260e-02
   endloop
 endfacet
 facet normal  -5.8540728658e-01 0.0000000000e+00 8.1073935937e-01
   outer loop
     vertex 7.8928270998e-03 -3.9947442185e-01 1.5263251853e-02
     vertex 1.7711394777e-02 -8.8073736299e-01 2.2352905260e-02
     vertex 1.7711394777e-02 -3.9947442185e-01 2.2352905260e-02
   endloop
 endfacet
 facet normal  -4.2610378432e-01 0.0000000000e+00 9.0467428669e-01
   outer loop
     vertex 1.7711394777e-02 -3.9947442185e-01 2.2352905260e-02
     vertex 1.7711394777e-02 -8.8073736299e-01 2.2352905260e-02
     vertex 3.4701656177e-02 -8.8073736299e-01 3.0355359608e-02
   endloop
 endfacet
 facet normal  -4.2610378432e-01 0.0000000000e+00 9.0467428669e-01
   outer loop
     vertex 1.7711394777e-02 -3.9947442185e-01 2.2352905260e-02
     vertex 3.4701656177e-02 -8.8073736299e-01 3.0355359608e-02
     vertex 3.4701656177e-02 -3.9947442185e-01 3.0355359608e-02
   endloop
 endfacet
 facet normal  -2.9935221327e-01 0.0000000000e+00 9.5414267927e-01
   outer loop
     vertex 3.4701656177e-02 -3.9947442185e-01 3.0355359608e-02
     vertex 3.4701656177e-02 -8.8073736299e-01 3.0355359608e-02
     vertex 6.2004804867e-02 -8.8073736299e-01 3.8921434858e-02
   endloop
 endfacet
 facet normal  -2.9935221327e-01 0.0000000000e+00 9.5414267927e-01
   outer loop
     vertex 3.4701656177e-02 -3.9947442185e-01 3.0355359608e-02
     vertex 6.2004804867e-02 -8.8073736299e-01 3.8921434858e-02
     vertex 6.2004804867e-02 -3.9947442185e-01 3.8921434858e-02
   endloop
 endfacet
 facet normal  -2.0023240962e-01 0.0000000000e+00 9.7974842798e-01
   outer loop
     vertex 6.2004804867e-02 -3.9947442185e-01 3.8921434858e-02
     vertex 6.2004804867e-02 -8.8073736299e-01 3.8921434858e-02
     vertex 1.0361138312e-01 -8.8073736299e-01 4.7424623209e-02
   endloop
 endfacet
 facet normal  -2.0023240962e-01 1.4126104075e-17 9.7974842798e-01
   outer loop
     vertex 6.2004804867e-02 -3.9947442185e-01 3.8921434858e-02
     vertex 1.0361138312e-01 -8.8073736299e-01 4.7424623209e-02
     vertex 1.0361138312e-01 -3.9947442185e-01 4.7424623209e-02
   endloop
 endfacet
 facet normal  -1.2076702739e-01 1.4312565341e-17 9.9268087777e-01
   outer loop
     vertex 1.0361138312e-01 -3.9947442185e-01 4.7424623209e-02
     vertex 1.0361138312e-01 -8.8073736299e-01 4.7424623209e-02
     vertex 1.6380190832e-01 -8.8073736299e-01 5.4747249210e-02
   endloop
 endfacet
 facet normal  -1.2076702739e-01 6.9649209905e-18 9.9268087777e-01
   outer loop
     vertex 1.0361138312e-01 -3.9947442185e-01 4.7424623209e-02
     vertex 1.6380190832e-01 -8.8073736299e-01 5.4747249210e-02
     vertex 1.6380190832e-01 -3.9947442185e-01 5.4747249210e-02
   endloop
 endfacet
 facet normal  -5.5453819818e-02 3.1981533535e-18 9.9846125306e-01
   outer loop
     vertex 1.6380190832e-01 -3.9947442185e-01 5.4747249210e-02
     vertex 1.6380190832e-01 -8.8073736299e-01 5.4747249210e-02
     vertex 2.4565152047e-01 -8.8073736299e-01 5.9293117796e-02
   endloop
 endfacet
 facet normal  -5.5453819818e-02 1.4395907330e-17 9.9846125306e-01
   outer loop
     vertex 1.6380190832e-01 -3.9947442185e-01 5.4747249210e-02
     vertex 2.4565152047e-01 -8.8073736299e-01 5.9293117796e-02
     vertex 2.4565152047e-01 -3.9947442185e-01 5.9293117796e-02
   endloop
 endfacet
 facet normal  -2.0754226775e-03 1.4418062075e-17 9.9999784631e-01
   outer loop
     vertex 2.4565152047e-01 -3.9947442185e-01 5.9293117796e-02
     vertex 2.4565152047e-01 -8.8073736299e-01 5.9293117796e-02
     vertex 3.4867161706e-01 -8.8073736299e-01 5.9506928501e-02
   endloop
 endfacet
 facet normal  -2.0754226775e-03 1.4418062075e-17 9.9999784631e-01
   outer loop
     vertex 2.4565152047e-01 -3.9947442185e-01 5.9293117796e-02
     vertex 3.4867161706e-01 -8.8073736299e-01 5.9506928501e-02
     vertex 3.4867161706e-01 -3.9947442185e-01 5.9506928501e-02
   endloop
 endfacet
 facet normal  3.9613515037e-02 1.4406776029e-17 9.9921507666e-01
   outer loop
     vertex 3.4867161706e-01 -3.9947442185e-01 5.9506928501e-02
     vertex 3.4867161706e-01 -8.8073736299e-01 5.9506928501e-02
     vertex 4.6678824105e-01 -8.8073736299e-01 5.4824238287e-02
   endloop
 endfacet
 facet normal  3.9613515037e-02 1.8975986820e-17 9.9921507666e-01
   outer loop
     vertex 3.4867161706e-01 -3.9947442185e-01 5.9506928501e-02
     vertex 4.6678824105e-01 -8.8073736299e-01 5.4824238287e-02
     vertex 4.6678824105e-01 -3.9947442185e-01 5.4824238287e-02
   endloop
 endfacet
 facet normal  7.0157790253e-02 2.2474898023e-17 9.9753590635e-01
   outer loop
     vertex 4.6678824105e-01 -3.9947442185e-01 5.4824238287e-02
     vertex 4.6678824105e-01 -8.8073736299e-01 5.4824238287e-02
     vertex 5.8876378780e-01 -3.9947442185e-01 4.6245564808e-02
   endloop
 endfacet
 facet normal  7.0157790253e-02 -0.0000000000e+00 9.9753590635e-01
   outer loop
     vertex 4.6678824105e-01 -8.8073736299e-01 5.4824238287e-02
     vertex 5.8876378780e-01 -8.8073736299e-01 4.6245564808e-02
     vertex 5.8876378780e-01 -3.9947442185e-01 4.6245564808e-02
   endloop
 endfacet
 facet normal  9.1463328509e-02 -0.0000000000e+00 9.9580844520e-01
   outer loop
     vertex 5.8876378780e-01 -3.9947442185e-01 4.6245564808e-02
     vertex 5.8876378780e-01 -8.8073736299e-01 4.6245564808e-02
     vertex 7.0192689193e-01 -3.9947442185e-01 3.5851724287e-02
   endloop
 endfacet
 facet normal  9.1463328509e-02 -0.0000000000e+00 9.9580844520e-01
   outer loop
     vertex 5.8876378780e-01 -8.8073736299e-01 4.6245564808e-02
     vertex 7.0192689193e-01 -8.8073736299e-01 3.5851724287e-02
     vertex 7.0192689193e-01 -3.9947442185e-01 3.5851724287e-02
   endloop
 endfacet
 facet normal  1.0637499606e-01 -0.0000000000e+00 9.9432608344e-01
   outer loop
     vertex 7.0192689193e-01 -3.9947442185e-01 3.5851724287e-02
     vertex 7.0192689193e-01 -8.8073736299e-01 3.5851724287e-02
     vertex 7.9695803833e-01 -3.9947442185e-01 2.5685101897e-02
   endloop
 endfacet
 facet normal  1.0637499606e-01 2.4539593593e-17 9.9432608344e-01
   outer loop
     vertex 7.0192689193e-01 -8.8073736299e-01 3.5851724287e-02
     vertex 7.9695803833e-01 -8.8073736299e-01 2.5685101897e-02
     vertex 7.9695803833e-01 -3.9947442185e-01 2.5685101897e-02
   endloop
 endfacet
 facet normal  1.1718870894e-01 2.7034203501e-17 9.9310966489e-01
   outer loop
     vertex 7.9695803833e-01 -3.9947442185e-01 2.5685101897e-02
     vertex 7.9695803833e-01 -8.8073736299e-01 2.5685101897e-02
     vertex 8.7030448965e-01 -3.9947442185e-01 1.7030090029e-02
   endloop
 endfacet
 facet normal  1.1718870894e-01 -0.0000000000e+00 9.9310966489e-01
   outer loop
     vertex 7.9695803833e-01 -8.8073736299e-01 2.5685101897e-02
     vertex 8.7030448965e-01 -8.8073736299e-01 1.7030090029e-02
     vertex 8.7030448965e-01 -3.9947442185e-01 1.7030090029e-02
   endloop
 endfacet
 facet normal  1.2513251854e-01 -0.0000000000e+00 9.9214003689e-01
   outer loop
     vertex 8.7030448965e-01 -3.9947442185e-01 1.7030090029e-02
     vertex 8.7030448965e-01 -8.8073736299e-01 1.7030090029e-02
     vertex 9.2331020388e-01 -3.9947442185e-01 1.0344805420e-02
   endloop
 endfacet
 facet normal  1.2513251854e-01 -0.0000000000e+00 9.9214003689e-01
   outer loop
     vertex 8.7030448965e-01 -8.8073736299e-01 1.7030090029e-02
     vertex 9.2331020388e-01 -8.8073736299e-01 1.0344805420e-02
     vertex 9.2331020388e-01 -3.9947442185e-01 1.0344805420e-02
   endloop
 endfacet
 facet normal  1.3095350728e-01 -0.0000000000e+00 9.9138851059e-01
   outer loop
     vertex 9.2331020388e-01 -3.9947442185e-01 1.0344805420e-02
     vertex 9.2331020388e-01 -8.8073736299e-01 1.0344805420e-02
     vertex 9.5982161505e-01 -3.9947442185e-01 5.5219763305e-03
   endloop
 endfacet
 facet normal  1.3095350728e-01 3.0209597813e-17 9.9138851059e-01
   outer loop
     vertex 9.2331020388e-01 -8.8073736299e-01 1.0344805420e-02
     vertex 9.5982161505e-01 -8.8073736299e-01 5.5219763305e-03
     vertex 9.5982161505e-01 -3.9947442185e-01 5.5219763305e-03
   endloop
 endfacet
 facet normal  1.3505987260e-01 3.1156893133e-17 9.9083743915e-01
   outer loop
     vertex 9.5982161505e-01 -3.9947442185e-01 5.5219763305e-03
     vertex 9.5982161505e-01 -8.8073736299e-01 5.5219763305e-03
     vertex 9.8414844626e-01 -3.9947442185e-01 2.2060149078e-03
   endloop
 endfacet
 facet normal  1.3505987260e-01 8.9287415444e-19 9.9083743915e-01
   outer loop
     vertex 9.5982161505e-01 -8.8073736299e-01 5.5219763305e-03
     vertex 9.8414844626e-01 -8.8073736299e-01 2.2060149078e-03
     vertex 9.8414844626e-01 -3.9947442185e-01 2.2060149078e-03
   endloop
 endfacet
 facet normal  1.3783871552e-01 8.9252924537e-19 9.9045468776e-01
   outer loop
     vertex 9.8414844626e-01 -3.9947442185e-01 2.2060149078e-03
     vertex 9.8414844626e-01 -8.8073736299e-01 2.2060149078e-03
     vertex 1.0000000000e+00 -3.9947442185e-01 0.0000000000e+00
   endloop
 endfacet
 facet normal  1.3783871552e-01 -0.0000000000e+00 9.9045468776e-01
   outer loop
     vertex 9.8414844626e-01 -8.8073736299e-01 2.2060149078e-03
     vertex 1.0000000000e+00 -8.8073736299e-01 0.0000000000e+00
     vertex 1.0000000000e+00 -3.9947442185e-01 0.0000000000e+00
   endloop
 endfacet
 facet normal  1.3783871552e-01 0.0000000000e+00 -9.9045468776e-01
   outer loop
     vertex 1.0000000000e+00 -8.8073736299e-01 0.0000000000e+00
     vertex 1.0000000000e+00 -1.4285734080e+00 0.0000000000e+00
     vertex 9.8414844626e-01 -1.4285734080e+00 -2.2060149078e-03
   endloop
 endfacet
 facet normal  1.3783871552e-01 -2.7933853028e-17 -9.9045468776e-01
   outer loop
     vertex 1.0000000000e+00 -8.8073736299e-01 0.0000000000e+00
     vertex 9.8414844626e-01 -1.4285734080e+00 -2.2060149078e-03
     vertex 9.8414844626e-01 -8.8073736299e-01 -2.2060149078e-03
   endloop
 endfacet
 facet normal  1.3505987260e-01 -2.7370703631e-17 -9.9083743915e-01
   outer loop
     vertex 9.8414844626e-01 -8.8073736299e-01 -2.2060149078e-03
     vertex 9.8414844626e-01 -1.4285734080e+00 -2.2060149078e-03
     vertex 9.5982161505e-01 -1.4285734080e+00 -5.5219763305e-03
   endloop
 endfacet
 facet normal  1.3505987260e-01 0.0000000000e+00 -9.9083743915e-01
   outer loop
     vertex 9.8414844626e-01 -8.8073736299e-01 -2.2060149078e-03
     vertex 9.5982161505e-01 -1.4285734080e+00 -5.5219763305e-03
     vertex 9.5982161505e-01 -8.8073736299e-01 -5.5219763305e-03
   endloop
 endfacet
 facet normal  1.3095350728e-01 0.0000000000e+00 -9.9138851059e-01
   outer loop
     vertex 9.5982161505e-01 -8.8073736299e-01 -5.5219763305e-03
     vertex 9.5982161505e-01 -1.4285734080e+00 -5.5219763305e-03
     vertex 9.2331020388e-01 -1.4285734080e+00 -1.0344805420e-02
   endloop
 endfacet
 facet normal  1.3095350728e-01 0.0000000000e+00 -9.9138851059e-01
   outer loop
     vertex 9.5982161505e-01 -8.8073736299e-01 -5.5219763305e-03
     vertex 9.2331020388e-01 -1.4285734080e+00 -1.0344805420e-02
     vertex 9.2331020388e-01 -8.8073736299e-01 -1.0344805420e-02
   endloop
 endfacet
 facet normal  1.2513251854e-01 0.0000000000e+00 -9.9214003689e-01
   outer loop
     vertex 9.2331020388e-01 -8.8073736299e-01 -1.0344805420e-02
     vertex 9.2331020388e-01 -1.4285734080e+00 -1.0344805420e-02
     vertex 8.7030448965e-01 -1.4285734080e+00 -1.7030090029e-02
   endloop
 endfacet
 facet normal  1.2513251854e-01 0.0000000000e+00 -9.9214003689e-01
   outer loop
     vertex 9.2331020388e-01 -8.8073736299e-01 -1.0344805420e-02
     vertex 8.7030448965e-01 -1.4285734080e+00 -1.7030090029e-02
     vertex 8.7030448965e-01 -8.8073736299e-01 -1.7030090029e-02
   endloop
 endfacet
 facet normal  1.1718870894e-01 0.0000000000e+00 -9.9310966489e-01
   outer loop
     vertex 8.7030448965e-01 -8.8073736299e-01 -1.7030090029e-02
     vertex 8.7030448965e-01 -1.4285734080e+00 -1.7030090029e-02
     vertex 7.9695803833e-01 -1.4285734080e+00 -2.5685101897e-02
   endloop
 endfacet
 facet normal  1.1718870894e-01 0.0000000000e+00 -9.9310966489e-01
   outer loop
     vertex 8.7030448965e-01 -8.8073736299e-01 -1.7030090029e-02
     vertex 7.9695803833e-01 -1.4285734080e+00 -2.5685101897e-02
     vertex 7.9695803833e-01 -8.8073736299e-01 -2.5685101897e-02
   endloop
 endfacet
 facet normal  1.0637499606e-01 0.0000000000e+00 -9.9432608344e-01
   outer loop
     vertex 7.9695803833e-01 -8.8073736299e-01 -2.5685101897e-02
     vertex 7.9695803833e-01 -1.4285734080e+00 -2.5685101897e-02
     vertex 7.0192689193e-01 -1.4285734080e+00 -3.5851724287e-02
   endloop
 endfacet
 facet normal  1.0637499606e-01 0.0000000000e+00 -9.9432608344e-01
   outer loop
     vertex 7.9695803833e-01 -8.8073736299e-01 -2.5685101897e-02
     vertex 7.0192689193e-01 -1.4285734080e+00 -3.5851724287e-02
     vertex 7.0192689193e-01 -8.8073736299e-01 -3.5851724287e-02
   endloop
 endfacet
 facet normal  9.1463328509e-02 0.0000000000e+00 -9.9580844520e-01
   outer loop
     vertex 7.0192689193e-01 -8.8073736299e-01 -3.5851724287e-02
     vertex 7.0192689193e-01 -1.4285734080e+00 -3.5851724287e-02
     vertex 5.8876378780e-01 -1.4285734080e+00 -4.6245564808e-02
   endloop
 endfacet
 facet normal  9.1463328509e-02 0.0000000000e+00 -9.9580844520e-01
   outer loop
     vertex 7.0192689193e-01 -8.8073736299e-01 -3.5851724287e-02
     vertex 5.8876378780e-01 -1.4285734080e+00 -4.6245564808e-02
     vertex 5.8876378780e-01 -8.8073736299e-01 -4.6245564808e-02
   endloop
 endfacet
 facet normal  7.0157790253e-02 0.0000000000e+00 -9.9753590635e-01
   outer loop
     vertex 5.8876378780e-01 -8.8073736299e-01 -4.6245564808e-02
     vertex 5.8876378780e-01 -1.4285734080e+00 -4.6245564808e-02
     vertex 4.6678824105e-01 -1.4285734080e+00 -5.4824238287e-02
   endloop
 endfacet
 facet normal  7.0157790253e-02 0.0000000000e+00 -9.9753590635e-01
   outer loop
     vertex 5.8876378780e-01 -8.8073736299e-01 -4.6245564808e-02
     vertex 4.6678824105e-01 -1.4285734080e+00 -5.4824238287e-02
     vertex 4.6678824105e-01 -8.8073736299e-01 -5.4824238287e-02
   endloop
 endfacet
 facet normal  3.9613515037e-02 0.0000000000e+00 -9.9921507666e-01
   outer loop
     vertex 4.6678824105e-01 -8.8073736299e-01 -5.4824238287e-02
     vertex 4.6678824105e-01 -1.4285734080e+00 -5.4824238287e-02
     vertex 3.4867161706e-01 -8.8073736299e-01 -5.9506928501e-02
   endloop
 endfacet
 facet normal  3.9613515037e-02 0.0000000000e+00 -9.9921507666e-01
   outer loop
     vertex 4.6678824105e-01 -1.4285734080e+00 -5.4824238287e-02
     vertex 3.4867161706e-01 -1.4285734080e+00 -5.9506928501e-02
     vertex 3.4867161706e-01 -8.8073736299e-01 -5.9506928501e-02
   endloop
 endfacet
 facet normal  -2.0754226775e-03 0.0000000000e+00 -9.9999784631e-01
   outer loop
     vertex 3.4867161706e-01 -8.8073736299e-01 -5.9506928501e-02
     vertex 3.4867161706e-01 -1.4285734080e+00 -5.9506928501e-02
     vertex 2.4565152047e-01 -8.8073736299e-01 -5.9293117796e-02
   endloop
 endfacet
 facet normal  -2.0754226775e-03 0.0000000000e+00 -9.9999784631e-01
   outer loop
     vertex 3.4867161706e-01 -1.4285734080e+00 -5.9506928501e-02
     vertex 2.4565152047e-01 -1.4285734080e+00 -5.9293117796e-02
     vertex 2.4565152047e-01 -8.8073736299e-01 -5.9293117796e-02
   endloop
 endfacet
 facet normal  -5.5453819818e-02 0.0000000000e+00 -9.9846125306e-01
   outer loop
     vertex 2.4565152047e-01 -8.8073736299e-01 -5.9293117796e-02
     vertex 2.4565152047e-01 -1.4285734080e+00 -5.9293117796e-02
     vertex 1.6380190832e-01 -8.8073736299e-01 -5.4747249210e-02
   endloop
 endfacet
 facet normal  -5.5453819818e-02 1.2646514893e-17 -9.9846125306e-01
   outer loop
     vertex 2.4565152047e-01 -1.4285734080e+00 -5.9293117796e-02
     vertex 1.6380190832e-01 -1.4285734080e+00 -5.4747249210e-02
     vertex 1.6380190832e-01 -8.8073736299e-01 -5.4747249210e-02
   endloop
 endfacet
 facet normal  -1.2076702739e-01 1.2573300633e-17 -9.9268087777e-01
   outer loop
     vertex 1.6380190832e-01 -8.8073736299e-01 -5.4747249210e-02
     vertex 1.6380190832e-01 -1.4285734080e+00 -5.4747249210e-02
     vertex 1.0361138312e-01 -8.8073736299e-01 -4.7424623209e-02
   endloop
 endfacet
 facet normal  -1.2076702739e-01 -3.0592714657e-18 -9.9268087777e-01
   outer loop
     vertex 1.6380190832e-01 -1.4285734080e+00 -5.4747249210e-02
     vertex 1.0361138312e-01 -1.4285734080e+00 -4.7424623209e-02
     vertex 1.0361138312e-01 -8.8073736299e-01 -4.7424623209e-02
   endloop
 endfacet
 facet normal  -2.0023240962e-01 -5.0722892703e-18 -9.7974842798e-01
   outer loop
     vertex 1.0361138312e-01 -8.8073736299e-01 -4.7424623209e-02
     vertex 1.0361138312e-01 -1.4285734080e+00 -4.7424623209e-02
     vertex 6.2004804867e-02 -8.8073736299e-01 -3.8921434858e-02
   endloop
 endfacet
 facet normal  -2.0023240962e-01 0.0000000000e+00 -9.7974842798e-01
   outer loop
     vertex 1.0361138312e-01 -1.4285734080e+00 -4.7424623209e-02
     vertex 6.2004804867e-02 -1.4285734080e+00 -3.8921434858e-02
     vertex 6.2004804867e-02 -8.8073736299e-01 -3.8921434858e-02
   endloop
 endfacet
 facet normal  -2.9935221327e-01 0.0000000000e+00 -9.5414267927e-01
   outer loop
     vertex 6.2004804867e-02 -8.8073736299e-01 -3.8921434858e-02
     vertex 6.2004804867e-02 -1.4285734080e+00 -3.8921434858e-02
     vertex 3.4701656177e-02 -8.8073736299e-01 -3.0355359608e-02
   endloop
 endfacet
 facet normal  -2.9935221327e-01 0.0000000000e+00 -9.5414267927e-01
   outer loop
     vertex 6.2004804867e-02 -1.4285734080e+00 -3.8921434858e-02
     vertex 3.4701656177e-02 -1.4285734080e+00 -3.0355359608e-02
     vertex 3.4701656177e-02 -8.8073736299e-01 -3.0355359608e-02
   endloop
 endfacet
 facet normal  -4.2610378432e-01 0.0000000000e+00 -9.0467428669e-01
   outer loop
     vertex 3.4701656177e-02 -8.8073736299e-01 -3.0355359608e-02
     vertex 3.4701656177e-02 -1.4285734080e+00 -3.0355359608e-02
     vertex 1.7711394777e-02 -8.8073736299e-01 -2.2352905260e-02
   endloop
 endfacet
 facet normal  -4.2610378432e-01 0.0000000000e+00 -9.0467428669e-01
   outer loop
     vertex 3.4701656177e-02 -1.4285734080e+00 -3.0355359608e-02
     vertex 1.7711394777e-02 -1.4285734080e+00 -2.2352905260e-02
     vertex 1.7711394777e-02 -8.8073736299e-01 -2.2352905260e-02
   endloop
 endfacet
 facet normal  -5.8540728658e-01 0.0000000000e+00 -8.1073935937e-01
   outer loop
     vertex 1.7711394777e-02 -8.8073736299e-01 -2.2352905260e-02
     vertex 1.7711394777e-02 -1.4285734080e+00 -2.2352905260e-02
     vertex 7.8928270998e-03 -8.8073736299e-01 -1.5263251853e-02
   endloop
 endfacet
 facet normal  -5.8540728658e-01 0.0000000000e+00 -8.1073935937e-01
   outer loop
     vertex 1.7711394777e-02 -1.4285734080e+00 -2.2352905260e-02
     vertex 7.8928270998e-03 -1.4285734080e+00 -1.5263251853e-02
     vertex 7.8928270998e-03 -8.8073736299e-01 -1.5263251853e-02
   endloop
 endfacet
 facet normal  -7.6128093626e-01 0.0000000000e+00 -6.4842218969e-01
   outer loop
     vertex 7.8928270998e-03 -8.8073736299e-01 -1.5263251853e-02
     vertex 7.8928270998e-03 -1.4285734080e+00 -1.5263251853e-02
     vertex 2.8852305479e-03 -8.8073736299e-01 -9.3840764449e-03
   endloop
 endfacet
 facet normal  -7.6128093626e-01 0.0000000000e+00 -6.4842218969e-01
   outer loop
     vertex 7.8928270998e-03 -1.4285734080e+00 -1.5263251853e-02
     vertex 2.8852305479e-03 -1.4285734080e+00 -9.3840764449e-03
     vertex 2.8852305479e-03 -8.8073736299e-01 -9.3840764449e-03
   endloop
 endfacet
 facet normal  -9.0355742872e-01 0.0000000000e+00 -4.2846700341e-01
   outer loop
     vertex 2.8852305479e-03 -8.8073736299e-01 -9.3840764449e-03
     vertex 2.8852305479e-03 -1.4285734080e+00 -9.3840764449e-03
     vertex 7.8807384983e-04 -8.8073736299e-01 -4.9615619954e-03
   endloop
 endfacet
 facet normal  -9.0355742872e-01 0.0000000000e+00 -4.2846700341e-01
   outer loop
     vertex 2.8852305479e-03 -1.4285734080e+00 -9.3840764449e-03
     vertex 7.8807384983e-04 -1.4285734080e+00 -4.9615619954e-03
     vertex 7.8807384983e-04 -8.8073736299e-01 -4.9615619954e-03
   endloop
 endfacet
 facet normal  -9.7629917451e-01 0.0000000000e+00 -2.1642532625e-01
   outer loop
     vertex 7.8807384983e-04 -8.8073736299e-01 -4.9615619954e-03
     vertex 7.8807384983e-04 -1.4285734080e+00 -4.9615619954e-03
     vertex 1.1903597513e-04 -8.8073736299e-01 -1.9435181458e-03
   endloop
 endfacet
 facet normal  -9.7629917451e-01 -8.5663881024e-20 -2.1642532625e-01
   outer loop
     vertex 7.8807384983e-04 -1.4285734080e+00 -4.9615619954e-03
     vertex 1.1903597513e-04 -1.4285734080e+00 -1.9435181458e-03
     vertex 1.1903597513e-04 -8.8073736299e-01 -1.9435181458e-03
   endloop
 endfacet
 facet normal  -9.9812962151e-01 -2.4197262951e-20 -6.1133122455e-02
   outer loop
     vertex 1.1903597513e-04 -8.8073736299e-01 -1.9435181458e-03
     vertex 1.1903597513e-04 -1.4285734080e+00 -1.9435181458e-03
     vertex 0.0000000000e+00 -8.8073736299e-01 0.0000000000e+00
   endloop
 endfacet
 facet normal  -9.9812962151e-01 0.0000000000e+00 -6.1133122455e-02
   outer loop
     vertex 1.1903597513e-04 -1.4285734080e+00 -1.9435181458e-03
     vertex 0.0000000000e+00 -1.4285734080e+00 0.0000000000e+00
     vertex 0.0000000000e+00 -8.8073736299e-01 0.0000000000e+00
   endloop
 endfacet
 facet normal  -9.9812962151e-01 0.0000000000e+00 6.1133122455e-02
   outer loop
     vertex 0.0000000000e+00 -8.8073736299e-01 0.0000000000e+00
     vertex 0.0000000000e+00 -1.4285734080e+00 0.0000000000e+00
     vertex 1.1903597513e-04 -1.4285734080e+00 1.9435181458e-03
   endloop
 endfacet
 facet normal  -9.9812962151e-01 4.8889283354e-20 6.1133122455e-02
   outer loop
     vertex 0.0000000000e+00 -8.8073736299e-01 0.0000000000e+00
     vertex 1.1903597513e-04 -1.4285734080e+00 1.9435181458e-03
     vertex 1.1903597513e-04 -8.8073736299e-01 1.9435181458e-03
   endloop
 endfacet
 facet normal  -9.7629917451e-01 1.0981585349e-19 2.1642532625e-01
   outer loop
     vertex 1.1903597513e-04 -8.8073736299e-01 1.9435181458e-03
     vertex 1.1903597513e-04 -1.4285734080e+00 1.9435181458e-03
     vertex 7.8807384983e-04 -1.4285734080e+00 4.9615619954e-03
   endloop
 endfacet
 facet normal  -9.7629917451e-01 3.4265552409e-19 2.1642532625e-01
   outer loop
     vertex 1.1903597513e-04 -8.8073736299e-01 1.9435181458e-03
     vertex 7.8807384983e-04 -1.4285734080e+00 4.9615619954e-03
     vertex 7.8807384983e-04 -8.8073736299e-01 4.9615619954e-03
   endloop
 endfacet
 facet normal  -9.0355742872e-01 6.7837063321e-19 4.2846700341e-01
   outer loop
     vertex 7.8807384983e-04 -8.8073736299e-01 4.9615619954e-03
     vertex 7.8807384983e-04 -1.4285734080e+00 4.9615619954e-03
     vertex 2.8852305479e-03 -1.4285734080e+00 9.3840764449e-03
   endloop
 endfacet
 facet normal  -9.0355742872e-01 0.0000000000e+00 4.2846700341e-01
   outer loop
     vertex 7.8807384983e-04 -8.8073736299e-01 4.9615619954e-03
     vertex 2.8852305479e-03 -1.4285734080e+00 9.3840764449e-03
     vertex 2.8852305479e-03 -8.8073736299e-01 9.3840764449e-03
   endloop
 endfacet
 facet normal  -7.6128093626e-01 0.0000000000e+00 6.4842218969e-01
   outer loop
     vertex 2.8852305479e-03 -8.8073736299e-01 9.3840764449e-03
     vertex 2.8852305479e-03 -1.4285734080e+00 9.3840764449e-03
     vertex 7.8928270998e-03 -1.4285734080e+00 1.5263251853e-02
   endloop
 endfacet
 facet normal  -7.6128093626e-01 0.0000000000e+00 6.4842218969e-01
   outer loop
     vertex 2.8852305479e-03 -8.8073736299e-01 9.3840764449e-03
     vertex 7.8928270998e-03 -1.4285734080e+00 1.5263251853e-02
     vertex 7.8928270998e-03 -8.8073736299e-01 1.5263251853e-02
   endloop
 endfacet
 facet normal  -5.8540728658e-01 0.0000000000e+00 8.1073935937e-01
   outer loop
     vertex 7.8928270998e-03 -8.8073736299e-01 1.5263251853e-02
     vertex 7.8928270998e-03 -1.4285734080e+00 1.5263251853e-02
     vertex 1.7711394777e-02 -1.4285734080e+00 2.2352905260e-02
   endloop
 endfacet
 facet normal  -5.8540728658e-01 0.0000000000e+00 8.1073935937e-01
   outer loop
     vertex 7.8928270998e-03 -8.8073736299e-01 1.5263251853e-02
     vertex 1.7711394777e-02 -1.4285734080e+00 2.2352905260e-02
     vertex 1.7711394777e-02 -8.8073736299e-01 2.2352905260e-02
   endloop
 endfacet
 facet normal  -4.2610378432e-01 0.0000000000e+00 9.0467428669e-01
   outer loop
     vertex 1.7711394777e-02 -8.8073736299e-01 2.2352905260e-02
     vertex 1.7711394777e-02 -1.4285734080e+00 2.2352905260e-02
     vertex 3.4701656177e-02 -1.4285734080e+00 3.0355359608e-02
   endloop
 endfacet
 facet normal  -4.2610378432e-01 -5.7293043695e-18 9.0467428669e-01
   outer loop
     vertex 1.7711394777e-02 -8.8073736299e-01 2.2352905260e-02
     vertex 3.4701656177e-02 -1.4285734080e+00 3.0355359608e-02
     vertex 3.4701656177e-02 -8.8073736299e-01 3.0355359608e-02
   endloop
 endfacet
 facet normal  -2.9935221327e-01 -6.0425878152e-18 9.5414267927e-01
   outer loop
     vertex 3.4701656177e-02 -8.8073736299e-01 3.0355359608e-02
     vertex 3.4701656177e-02 -1.4285734080e+00 3.0355359608e-02
     vertex 6.2004804867e-02 -1.4285734080e+00 3.8921434858e-02
   endloop
 endfacet
 facet normal  -2.9935221327e-01 3.7915965310e-18 9.5414267927e-01
   outer loop
     vertex 3.4701656177e-02 -8.8073736299e-01 3.0355359608e-02
     vertex 6.2004804867e-02 -1.4285734080e+00 3.8921434858e-02
     vertex 6.2004804867e-02 -8.8073736299e-01 3.8921434858e-02
   endloop
 endfacet
 facet normal  -2.0023240962e-01 2.5361446351e-18 9.7974842798e-01
   outer loop
     vertex 6.2004804867e-02 -8.8073736299e-01 3.8921434858e-02
     vertex 6.2004804867e-02 -1.4285734080e+00 3.8921434858e-02
     vertex 1.0361138312e-01 -1.4285734080e+00 4.7424623209e-02
   endloop
 endfacet
 facet normal  -2.0023240962e-01 0.0000000000e+00 9.7974842798e-01
   outer loop
     vertex 6.2004804867e-02 -8.8073736299e-01 3.8921434858e-02
     vertex 1.0361138312e-01 -1.4285734080e+00 4.7424623209e-02
     vertex 1.0361138312e-01 -8.8073736299e-01 4.7424623209e-02
   endloop
 endfacet
 facet normal  -1.2076702739e-01 0.0000000000e+00 9.9268087777e-01
   outer loop
     vertex 1.0361138312e-01 -8.8073736299e-01 4.7424623209e-02
     vertex 1.0361138312e-01 -1.4285734080e+00 4.7424623209e-02
     vertex 1.6380190832e-01 -1.4285734080e+00 5.4747249210e-02
   endloop
 endfacet
 facet normal  -1.2076702739e-01 6.4547577012e-18 9.9268087777e-01
   outer loop
     vertex 1.0361138312e-01 -8.8073736299e-01 4.7424623209e-02
     vertex 1.6380190832e-01 -1.4285734080e+00 5.4747249210e-02
     vertex 1.6380190832e-01 -8.8073736299e-01 5.4747249210e-02
   endloop
 endfacet
 facet normal  -5.5453819818e-02 9.8370015301e-18 9.9846125306e-01
   outer loop
     vertex 1.6380190832e-01 -8.8073736299e-01 5.4747249210e-02
     vertex 1.6380190832e-01 -1.4285734080e+00 5.4747249210e-02
     vertex 2.4565152047e-01 -1.4285734080e+00 5.9293117796e-02
   endloop
 endfacet
 facet normal  -5.5453819818e-02 0.0000000000e+00 9.9846125306e-01
   outer loop
     vertex 1.6380190832e-01 -8.8073736299e-01 5.4747249210e-02
     vertex 2.4565152047e-01 -1.4285734080e+00 5.9293117796e-02
     vertex 2.4565152047e-01 -8.8073736299e-01 5.9293117796e-02
   endloop
 endfacet
 facet normal  -2.0754226775e-03 0.0000000000e+00 9.9999784631e-01
   outer loop
     vertex 2.4565152047e-01 -8.8073736299e-01 5.9293117796e-02
     vertex 2.4565152047e-01 -1.4285734080e+00 5.9293117796e-02
     vertex 3.4867161706e-01 -1.4285734080e+00 5.9506928501e-02
   endloop
 endfacet
 facet normal  -2.0754226775e-03 -1.2665977390e-17 9.9999784631e-01
   outer loop
     vertex 2.4565152047e-01 -8.8073736299e-01 5.9293117796e-02
     vertex 3.4867161706e-01 -1.4285734080e+00 5.9506928501e-02
     vertex 3.4867161706e-01 -8.8073736299e-01 5.9506928501e-02
   endloop
 endfacet
 facet normal  3.9613515037e-02 -1.2656062826e-17 9.9921507666e-01
   outer loop
     vertex 3.4867161706e-01 -8.8073736299e-01 5.9506928501e-02
     vertex 3.4867161706e-01 -1.4285734080e+00 5.9506928501e-02
     vertex 4.6678824105e-01 -1.4285734080e+00 5.4824238287e-02
   endloop
 endfacet
 facet normal  3.9613515037e-02 -0.0000000000e+00 9.9921507666e-01
   outer loop
     vertex 3.4867161706e-01 -8.8073736299e-01 5.9506928501e-02
     vertex 4.6678824105e-01 -1.4285734080e+00 5.4824238287e-02
     vertex 4.6678824105e-01 -8.8073736299e-01 5.4824238287e-02
   endloop
 endfacet
 facet normal  7.0157790253e-02 -0.0000000000e+00 9.9753590635e-01
   outer loop
     vertex 4.6678824105e-01 -8.8073736299e-01 5.4824238287e-02
     vertex 4.6678824105e-01 -1.4285734080e+00 5.4824238287e-02
     vertex 5.8876378780e-01 -8.8073736299e-01 4.6245564808e-02
   endloop
 endfacet
 facet normal  7.0157790253e-02 -0.0000000000e+00 9.9753590635e-01
   outer loop
     vertex 4.6678824105e-01 -1.4285734080e+00 5.4824238287e-02
     vertex 5.8876378780e-01 -1.4285734080e+00 4.6245564808e-02
     vertex 5.8876378780e-01 -8.8073736299e-01 4.6245564808e-02
   endloop
 endfacet
 facet normal  9.1463328509e-02 -0.0000000000e+00 9.9580844520e-01
   outer loop
     vertex 5.8876378780e-01 -8.8073736299e-01 4.6245564808e-02
     vertex 5.8876378780e-01 -1.4285734080e+00 4.6245564808e-02
     vertex 7.0192689193e-01 -8.8073736299e-01 3.5851724287e-02
   endloop
 endfacet
 facet normal  9.1463328509e-02 -0.0000000000e+00 9.9580844520e-01
   outer loop
     vertex 5.8876378780e-01 -1.4285734080e+00 4.6245564808e-02
     vertex 7.0192689193e-01 -1.4285734080e+00 3.5851724287e-02
     vertex 7.0192689193e-01 -8.8073736299e-01 3.5851724287e-02
   endloop
 endfacet
 facet normal  1.0637499606e-01 -0.0000000000e+00 9.9432608344e-01
   outer loop
     vertex 7.0192689193e-01 -8.8073736299e-01 3.5851724287e-02
     vertex 7.0192689193e-01 -1.4285734080e+00 3.5851724287e-02
     vertex 7.9695803833e-01 -8.8073736299e-01 2.5685101897e-02
   endloop
 endfacet
 facet normal  1.0637499606e-01 -0.0000000000e+00 9.9432608344e-01
   outer loop
     vertex 7.0192689193e-01 -1.4285734080e+00 3.5851724287e-02
     vertex 7.9695803833e-01 -1.4285734080e+00 2.5685101897e-02
     vertex 7.9695803833e-01 -8.8073736299e-01 2.5685101897e-02
   endloop
 endfacet
 facet normal  1.1718870894e-01 -0.0000000000e+00 9.9310966489e-01
   outer loop
     vertex 7.9695803833e-01 -8.8073736299e-01 2.5685101897e-02
     vertex 7.9695803833e-01 -1.4285734080e+00 2.5685101897e-02
     vertex 8.7030448965e-01 -8.8073736299e-01 1.7030090029e-02
   endloop
 endfacet
 facet normal  1.1718870894e-01 -0.0000000000e+00 9.9310966489e-01
   outer loop
     vertex 7.9695803833e-01 -1.4285734080e+00 2.5685101897e-02
     vertex 8.7030448965e-01 -1.4285734080e+00 1.7030090029e-02
     vertex 8.7030448965e-01 -8.8073736299e-01 1.7030090029e-02
   endloop
 endfacet
 facet normal  1.2513251854e-01 -0.0000000000e+00 9.9214003689e-01
   outer loop
     vertex 8.7030448965e-01 -8.8073736299e-01 1.7030090029e-02
     vertex 8.7030448965e-01 -1.4285734080e+00 1.7030090029e-02
     vertex 9.2331020388e-01 -8.8073736299e-01 1.0344805420e-02
   endloop
 endfacet
 facet normal  1.2513251854e-01 -0.0000000000e+00 9.9214003689e-01
   outer loop
     vertex 8.7030448965e-01 -1.4285734080e+00 1.7030090029e-02
     vertex 9.2331020388e-01 -1.4285734080e+00 1.0344805420e-02
     vertex 9.2331020388e-01 -8.8073736299e-01 1.0344805420e-02
   endloop
 endfacet
 facet normal  1.3095350728e-01 -0.0000000000e+00 9.9138851059e-01
   outer loop
     vertex 9.2331020388e-01 -8.8073736299e-01 1.0344805420e-02
     vertex 9.2331020388e-01 -1.4285734080e+00 1.0344805420e-02
     vertex 9.5982161505e-01 -8.8073736299e-01 5.5219763305e-03
   endloop
 endfacet
 facet normal  1.3095350728e-01 -0.0000000000e+00 9.9138851059e-01
   outer loop
     vertex 9.2331020388e-01 -1.4285734080e+00 1.0344805420e-02
     vertex 9.5982161505e-01 -1.4285734080e+00 5.5219763305e-03
     vertex 9.5982161505e-01 -8.8073736299e-01 5.5219763305e-03
   endloop
 endfacet
 facet normal  1.3505987260e-01 -0.0000000000e+00 9.9083743915e-01
   outer loop
     vertex 9.5982161505e-01 -8.8073736299e-01 5.5219763305e-03
     vertex 9.5982161505e-01 -1.4285734080e+00 5.5219763305e-03
     vertex 9.8414844626e-01 -8.8073736299e-01 2.2060149078e-03
   endloop
 endfacet
 facet normal  1.3505987260e-01 -0.0000000000e+00 9.9083743915e-01
   outer loop
     vertex 9.5982161505e-01 -1.4285734080e+00 5.5219763305e-03
     vertex 9.8414844626e-01 -1.4285734080e+00 2.2060149078e-03
     vertex 9.8414844626e-01 -8.8073736299e-01 2.2060149078e-03
   endloop
 endfacet
 facet normal  1.3783871552e-01 -0.0000000000e+00 9.9045468776e-01
   outer loop
     vertex 9.8414844626e-01 -8.8073736299e-01 2.2060149078e-03
     vertex 9.8414844626e-01 -1.4285734080e+00 2.2060149078e-03
     vertex 1.0000000000e+00 -8.8073736299e-01 0.0000000000e+00
   endloop
 endfacet
 facet normal  1.3783871552e-01 -0.0000000000e+00 9.9045468776e-01
   outer loop
     vertex 9.8414844626e-01 -1.4285734080e+00 2.2060149078e-03
     vertex 1.0000000000e+00 -1.4285734080e+00 0.0000000000e+00
     vertex 1.0000000000e+00 -8.8073736299e-01 0.0000000000e+00
   endloop
 endfacet
 facet normal  1.3783871552e-01 0.0000000000e+00 -9.9045468776e-01
   outer loop
     vertex 1.0000000000e+00 -1.4285734080e+00 0.0000000000e+00
     vertex 1.0000000000e+00 -2.0133560182e+00 0.0000000000e+00
     vertex 9.8414844626e-01 -2.0133560182e+00 -2.2060149078e-03
   endloop
 endfacet
 facet normal  1.3783871552e-01 5.2337984405e-17 -9.9045468776e-01
   outer loop
     vertex 1.0000000000e+00 -1.4285734080e+00 0.0000000000e+00
     vertex 9.8414844626e-01 -2.0133560182e+00 -2.2060149078e-03
     vertex 9.8414844626e-01 -1.4285734080e+00 -2.2060149078e-03
   endloop
 endfacet
 facet normal  1.3505987260e-01 5.1282845167e-17 -9.9083743915e-01
   outer loop
     vertex 9.8414844626e-01 -1.4285734080e+00 -2.2060149078e-03
     vertex 9.8414844626e-01 -2.0133560182e+00 -2.2060149078e-03
     vertex 9.5982161505e-01 -2.0133560182e+00 -5.5219763305e-03
   endloop
 endfacet
 facet normal  1.3505987260e-01 0.0000000000e+00 -9.9083743915e-01
   outer loop
     vertex 9.8414844626e-01 -1.4285734080e+00 -2.2060149078e-03
     vertex 9.5982161505e-01 -2.0133560182e+00 -5.5219763305e-03
     vertex 9.5982161505e-01 -1.4285734080e+00 -5.5219763305e-03
   endloop
 endfacet
 facet normal  1.3095350728e-01 0.0000000000e+00 -9.9138851059e-01
   outer loop
     vertex 9.5982161505e-01 -1.4285734080e+00 -5.5219763305e-03
     vertex 9.5982161505e-01 -2.0133560182e+00 -5.5219763305e-03
     vertex 9.2331020388e-01 -2.0133560182e+00 -1.0344805420e-02
   endloop
 endfacet
 facet normal  1.3095350728e-01 0.0000000000e+00 -9.9138851059e-01
   outer loop
     vertex 9.5982161505e-01 -1.4285734080e+00 -5.5219763305e-03
     vertex 9.2331020388e-01 -2.0133560182e+00 -1.0344805420e-02
     vertex 9.2331020388e-01 -1.4285734080e+00 -1.0344805420e-02
   endloop
 endfacet
 facet normal  1.2513251854e-01 0.0000000000e+00 -9.9214003689e-01
   outer loop
     vertex 9.2331020388e-01 -1.4285734080e+00 -1.0344805420e-02
     vertex 9.2331020388e-01 -2.0133560182e+00 -1.0344805420e-02
     vertex 8.7030448965e-01 -2.0133560182e+00 -1.7030090029e-02
   endloop
 endfacet
 facet normal  1.2513251854e-01 0.0000000000e+00 -9.9214003689e-01
   outer loop
     vertex 9.2331020388e-01 -1.4285734080e+00 -1.0344805420e-02
     vertex 8.7030448965e-01 -2.0133560182e+00 -1.7030090029e-02
     vertex 8.7030448965e-01 -1.4285734080e+00 -1.7030090029e-02
   endloop
 endfacet
 facet normal  1.1718870894e-01 0.0000000000e+00 -9.9310966489e-01
   outer loop
     vertex 8.7030448965e-01 -1.4285734080e+00 -1.7030090029e-02
     vertex 8.7030448965e-01 -2.0133560182e+00 -1.7030090029e-02
     vertex 7.9695803833e-01 -2.0133560182e+00 -2.5685101897e-02
   endloop
 endfacet
 facet normal  1.1718870894e-01 0.0000000000e+00 -9.9310966489e-01
   outer loop
     vertex 8.7030448965e-01 -1.4285734080e+00 -1.7030090029e-02
     vertex 7.9695803833e-01 -2.0133560182e+00 -2.5685101897e-02
     vertex 7.9695803833e-01 -1.4285734080e+00 -2.5685101897e-02
   endloop
 endfacet
 facet normal  1.0637499606e-01 0.0000000000e+00 -9.9432608344e-01
   outer loop
     vertex 7.9695803833e-01 -1.4285734080e+00 -2.5685101897e-02
     vertex 7.9695803833e-01 -2.0133560182e+00 -2.5685101897e-02
     vertex 7.0192689193e-01 -2.0133560182e+00 -3.5851724287e-02
   endloop
 endfacet
 facet normal  1.0637499606e-01 0.0000000000e+00 -9.9432608344e-01
   outer loop
     vertex 7.9695803833e-01 -1.4285734080e+00 -2.5685101897e-02
     vertex 7.0192689193e-01 -2.0133560182e+00 -3.5851724287e-02
     vertex 7.0192689193e-01 -1.4285734080e+00 -3.5851724287e-02
   endloop
 endfacet
 facet normal  9.1463328509e-02 0.0000000000e+00 -9.9580844520e-01
   outer loop
     vertex 7.0192689193e-01 -1.4285734080e+00 -3.5851724287e-02
     vertex 7.0192689193e-01 -2.0133560182e+00 -3.5851724287e-02
     vertex 5.8876378780e-01 -2.0133560182e+00 -4.6245564808e-02
   endloop
 endfacet
 facet normal  9.1463328509e-02 0.0000000000e+00 -9.9580844520e-01
   outer loop
     vertex 7.0192689193e-01 -1.4285734080e+00 -3.5851724287e-02
     vertex 5.8876378780e-01 -2.0133560182e+00 -4.6245564808e-02
     vertex 5.8876378780e-01 -1.4285734080e+00 -4.6245564808e-02
   endloop
 endfacet
 facet normal  7.0157790253e-02 0.0000000000e+00 -9.9753590635e-01
   outer loop
     vertex 5.8876378780e-01 -1.4285734080e+00 -4.6245564808e-02
     vertex 5.8876378780e-01 -2.0133560182e+00 -4.6245564808e-02
     vertex 4.6678824105e-01 -2.0133560182e+00 -5.4824238287e-02
   endloop
 endfacet
 facet normal  7.0157790253e-02 0.0000000000e+00 -9.9753590635e-01
   outer loop
     vertex 5.8876378780e-01 -1.4285734080e+00 -4.6245564808e-02
     vertex 4.6678824105e-01 -2.0133560182e+00 -5.4824238287e-02
     vertex 4.6678824105e-01 -1.4285734080e+00 -5.4824238287e-02
   endloop
 endfacet
 facet normal  3.9613515037e-02 0.0000000000e+00 -9.9921507666e-01
   outer loop
     vertex 4.6678824105e-01 -1.4285734080e+00 -5.4824238287e-02
     vertex 4.6678824105e-01 -2.0133560182e+00 -5.4824238287e-02
     vertex 3.4867161706e-01 -1.4285734080e+00 -5.9506928501e-02
   endloop
 endfacet
 facet normal  3.9613515037e-02 0.0000000000e+00 -9.9921507666e-01
   outer loop
     vertex 4.6678824105e-01 -2.0133560182e+00 -5.4824238287e-02
     vertex 3.4867161706e-01 -2.0133560182e+00 -5.9506928501e-02
     vertex 3.4867161706e-01 -1.4285734080e+00 -5.9506928501e-02
   endloop
 endfacet
 facet normal  -2.0754226775e-03 0.0000000000e+00 -9.9999784631e-01
   outer loop
     vertex 3.4867161706e-01 -1.4285734080e+00 -5.9506928501e-02
     vertex 3.4867161706e-01 -2.0133560182e+00 -5.9506928501e-02
     vertex 2.4565152047e-01 -1.4285734080e+00 -5.9293117796e-02
   endloop
 endfacet
 facet normal  -2.0754226775e-03 0.0000000000e+00 -9.9999784631e-01
   outer loop
     vertex 3.4867161706e-01 -2.0133560182e+00 -5.9506928501e-02
     vertex 2.4565152047e-01 -2.0133560182e+00 -5.9293117796e-02
     vertex 2.4565152047e-01 -1.4285734080e+00 -5.9293117796e-02
   endloop
 endfacet
 facet normal  -5.5453819818e-02 0.0000000000e+00 -9.9846125306e-01
   outer loop
     vertex 2.4565152047e-01 -1.4285734080e+00 -5.9293117796e-02
     vertex 2.4565152047e-01 -2.0133560182e+00 -5.9293117796e-02
     vertex 1.6380190832e-01 -1.4285734080e+00 -5.4747249210e-02
   endloop
 endfacet
 facet normal  -5.5453819818e-02 0.0000000000e+00 -9.9846125306e-01
   outer loop
     vertex 2.4565152047e-01 -2.0133560182e+00 -5.9293117796e-02
     vertex 1.6380190832e-01 -2.0133560182e+00 -5.4747249210e-02
     vertex 1.6380190832e-01 -1.4285734080e+00 -5.4747249210e-02
   endloop
 endfacet
 facet normal  -1.2076702739e-01 0.0000000000e+00 -9.9268087777e-01
   outer loop
     vertex 1.6380190832e-01 -1.4285734080e+00 -5.4747249210e-02
     vertex 1.6380190832e-01 -2.0133560182e+00 -5.4747249210e-02
     vertex 1.0361138312e-01 -1.4285734080e+00 -4.7424623209e-02
   endloop
 endfacet
 facet normal  -1.2076702739e-01 0.0000000000e+00 -9.9268087777e-01
   outer loop
     vertex 1.6380190832e-01 -2.0133560182e+00 -5.4747249210e-02
     vertex 1.0361138312e-01 -2.0133560182e+00 -4.7424623209e-02
     vertex 1.0361138312e-01 -1.4285734080e+00 -4.7424623209e-02
   endloop
 endfacet
 facet normal  -2.0023240962e-01 0.0000000000e+00 -9.7974842798e-01
   outer loop
     vertex 1.0361138312e-01 -1.4285734080e+00 -4.7424623209e-02
     vertex 1.0361138312e-01 -2.0133560182e+00 -4.7424623209e-02
     vertex 6.2004804867e-02 -1.4285734080e+00 -3.8921434858e-02
   endloop
 endfacet
 facet normal  -2.0023240962e-01 4.7518220357e-18 -9.7974842798e-01
   outer loop
     vertex 1.0361138312e-01 -2.0133560182e+00 -4.7424623209e-02
     vertex 6.2004804867e-02 -2.0133560182e+00 -3.8921434858e-02
     vertex 6.2004804867e-02 -1.4285734080e+00 -3.8921434858e-02
   endloop
 endfacet
 facet normal  -2.9935221327e-01 7.1040869266e-18 -9.5414267927e-01
   outer loop
     vertex 6.2004804867e-02 -1.4285734080e+00 -3.8921434858e-02
     vertex 6.2004804867e-02 -2.0133560182e+00 -3.8921434858e-02
     vertex 3.4701656177e-02 -1.4285734080e+00 -3.0355359608e-02
   endloop
 endfacet
 facet normal  -2.9935221327e-01 0.0000000000e+00 -9.5414267927e-01
   outer loop
     vertex 6.2004804867e-02 -2.0133560182e+00 -3.8921434858e-02
     vertex 3.4701656177e-02 -2.0133560182e+00 -3.0355359608e-02
     vertex 3.4701656177e-02 -1.4285734080e+00 -3.0355359608e-02
   endloop
 endfacet
 facet normal  -4.2610378432e-01 0.0000000000e+00 -9.0467428669e-01
   outer loop
     vertex 3.4701656177e-02 -1.4285734080e+00 -3.0355359608e-02
     vertex 3.4701656177e-02 -2.0133560182e+00 -3.0355359608e-02
     vertex 1.7711394777e-02 -1.4285734080e+00 -2.2352905260e-02
   endloop
 endfacet
 facet normal  -4.2610378432e-01 0.0000000000e+00 -9.0467428669e-01
   outer loop
     vertex 3.4701656177e-02 -2.0133560182e+00 -3.0355359608e-02
     vertex 1.7711394777e-02 -2.0133560182e+00 -2.2352905260e-02
     vertex 1.7711394777e-02 -1.4285734080e+00 -2.2352905260e-02
   endloop
 endfacet
 facet normal  -5.8540728658e-01 0.0000000000e+00 -8.1073935937e-01
   outer loop
     vertex 1.7711394777e-02 -1.4285734080e+00 -2.2352905260e-02
     vertex 1.7711394777e-02 -2.0133560182e+00 -2.2352905260e-02
     vertex 7.8928270998e-03 -1.4285734080e+00 -1.5263251853e-02
   endloop
 endfacet
 facet normal  -5.8540728658e-01 -2.4050109822e-18 -8.1073935937e-01
   outer loop
     vertex 1.7711394777e-02 -2.0133560182e+00 -2.2352905260e-02
     vertex 7.8928270998e-03 -2.0133560182e+00 -1.5263251853e-02
     vertex 7.8928270998e-03 -1.4285734080e+00 -1.5263251853e-02
   endloop
 endfacet
 facet normal  -7.6128093626e-01 -1.9235065737e-18 -6.4842218969e-01
   outer loop
     vertex 7.8928270998e-03 -1.4285734080e+00 -1.5263251853e-02
     vertex 7.8928270998e-03 -2.0133560182e+00 -1.5263251853e-02
     vertex 2.8852305479e-03 -1.4285734080e+00 -9.3840764449e-03
   endloop
 endfacet
 facet normal  -7.6128093626e-01 0.0000000000e+00 -6.4842218969e-01
   outer loop
     vertex 7.8928270998e-03 -2.0133560182e+00 -1.5263251853e-02
     vertex 2.8852305479e-03 -2.0133560182e+00 -9.3840764449e-03
     vertex 2.8852305479e-03 -1.4285734080e+00 -9.3840764449e-03
   endloop
 endfacet
 facet normal  -9.0355742872e-01 0.0000000000e+00 -4.2846700341e-01
   outer loop
     vertex 2.8852305479e-03 -1.4285734080e+00 -9.3840764449e-03
     vertex 2.8852305479e-03 -2.0133560182e+00 -9.3840764449e-03
     vertex 7.8807384983e-04 -1.4285734080e+00 -4.9615619954e-03
   endloop
 endfacet
 facet normal  -9.0355742872e-01 0.0000000000e+00 -4.2846700341e-01
   outer loop
     vertex 2.8852305479e-03 -2.0133560182e+00 -9.3840764449e-03
     vertex 7.8807384983e-04 -2.0133560182e+00 -4.9615619954e-03
     vertex 7.8807384983e-04 -1.4285734080e+00 -4.9615619954e-03
   endloop
 endfacet
 facet normal  -9.7629917451e-01 0.0000000000e+00 -2.1642532625e-01
   outer loop
     vertex 7.8807384983e-04 -1.4285734080e+00 -4.9615619954e-03
     vertex 7.8807384983e-04 -2.0133560182e+00 -4.9615619954e-03
     vertex 1.1903597513e-04 -1.4285734080e+00 -1.9435181458e-03
   endloop
 endfacet
 facet normal  -9.7629917451e-01 0.0000000000e+00 -2.1642532625e-01
   outer loop
     vertex 7.8807384983e-04 -2.0133560182e+00 -4.9615619954e-03
     vertex 1.1903597513e-04 -2.0133560182e+00 -1.9435181458e-03
     vertex 1.1903597513e-04 -1.4285734080e+00 -1.9435181458e-03
   endloop
 endfacet
 facet normal  -9.9812962151e-01 0.0000000000e+00 -6.1133122455e-02
   outer loop
     vertex 1.1903597513e-04 -1.4285734080e+00 -1.9435181458e-03
     vertex 1.1903597513e-04 -2.0133560182e+00 -1.9435181458e-03
     vertex 0.0000000000e+00 -1.4285734080e+00 0.0000000000e+00
   endloop
 endfacet
 facet normal  -9.9812962151e-01 0.0000000000e+00 -6.1133122455e-02
   outer loop
     vertex 1.1903597513e-04 -2.0133560182e+00 -1.9435181458e-03
     vertex 0.0000000000e+00 -2.0133560182e+00 0.0000000000e+00
     vertex 0.0000000000e+00 -1.4285734080e+00 0.0000000000e+00
   endloop
 endfacet
 facet normal  -9.9812962151e-01 0.0000000000e+00 6.1133122455e-02
   outer loop
     vertex 0.0000000000e+00 -1.4285734080e+00 0.0000000000e+00
     vertex 0.0000000000e+00 -2.0133560182e+00 0.0000000000e+00
     vertex 1.1903597513e-04 -2.0133560182e+00 1.9435181458e-03
   endloop
 endfacet
 facet normal  -9.9812962151e-01 -6.8468938332e-20 6.1133122455e-02
   outer loop
     vertex 0.0000000000e+00 -1.4285734080e+00 0.0000000000e+00
     vertex 1.1903597513e-04 -2.0133560182e+00 1.9435181458e-03
     vertex 1.1903597513e-04 -1.4285734080e+00 1.9435181458e-03
   endloop
 endfacet
 facet normal  -9.7629917451e-01 -1.8312932495e-19 2.1642532625e-01
   outer loop
     vertex 1.1903597513e-04 -1.4285734080e+00 1.9435181458e-03
     vertex 1.1903597513e-04 -2.0133560182e+00 1.9435181458e-03
     vertex 7.8807384983e-04 -2.0133560182e+00 4.9615619954e-03
   endloop
 endfacet
 facet normal  -9.7629917451e-01 0.0000000000e+00 2.1642532625e-01
   outer loop
     vertex 1.1903597513e-04 -1.4285734080e+00 1.9435181458e-03
     vertex 7.8807384983e-04 -2.0133560182e+00 4.9615619954e-03
     vertex 7.8807384983e-04 -1.4285734080e+00 4.9615619954e-03
   endloop
 endfacet
 facet normal  -9.0355742872e-01 0.0000000000e+00 4.2846700341e-01
   outer loop
     vertex 7.8807384983e-04 -1.4285734080e+00 4.9615619954e-03
     vertex 7.8807384983e-04 -2.0133560182e+00 4.9615619954e-03
     vertex 2.8852305479e-03 -2.0133560182e+00 9.3840764449e-03
   endloop
 endfacet
 facet normal  -9.0355742872e-01 0.0000000000e+00 4.2846700341e-01
   outer loop
     vertex 7.8807384983e-04 -1.4285734080e+00 4.9615619954e-03
     vertex 2.8852305479e-03 -2.0133560182e+00 9.3840764449e-03
     vertex 2.8852305479e-03 -1.4285734080e+00 9.3840764449e-03
   endloop
 endfacet
 facet normal  -7.6128093626e-01 0.0000000000e+00 6.4842218969e-01
   outer loop
     vertex 2.8852305479e-03 -1.4285734080e+00 9.3840764449e-03
     vertex 2.8852305479e-03 -2.0133560182e+00 9.3840764449e-03
     vertex 7.8928270998e-03 -2.0133560182e+00 1.5263251853e-02
   endloop
 endfacet
 facet normal  -7.6128093626e-01 0.0000000000e+00 6.4842218969e-01
   outer loop
     vertex 2.8852305479e-03 -1.4285734080e+00 9.3840764449e-03
     vertex 7.8928270998e-03 -2.0133560182e+00 1.5263251853e-02
     vertex 7.8928270998e-03 -1.4285734080e+00 1.5263251853e-02
   endloop
 endfacet
 facet normal  -5.8540728658e-01 0.0000000000e+00 8.1073935937e-01
   outer loop
     vertex 7.8928270998e-03 -1.4285734080e+00 1.5263251853e-02
     vertex 7.8928270998e-03 -2.0133560182e+00 1.5263251853e-02
     vertex 1.7711394777e-02 -2.0133560182e+00 2.2352905260e-02
   endloop
 endfacet
 facet normal  -5.8540728658e-01 0.0000000000e+00 8.1073935937e-01
   outer loop
     vertex 7.8928270998e-03 -1.4285734080e+00 1.5263251853e-02
     vertex 1.7711394777e-02 -2.0133560182e+00 2.2352905260e-02
     vertex 1.7711394777e-02 -1.4285734080e+00 2.2352905260e-02
   endloop
 endfacet
 facet normal  -4.2610378432e-01 0.0000000000e+00 9.0467428669e-01
   outer loop
     vertex 1.7711394777e-02 -1.4285734080e+00 2.2352905260e-02
     vertex 1.7711394777e-02 -2.0133560182e+00 2.2352905260e-02
     vertex 3.4701656177e-02 -2.0133560182e+00 3.0355359608e-02
   endloop
 endfacet
 facet normal  -4.2610378432e-01 1.0734653842e-17 9.0467428669e-01
   outer loop
     vertex 1.7711394777e-02 -1.4285734080e+00 2.2352905260e-02
     vertex 3.4701656177e-02 -2.0133560182e+00 3.0355359608e-02
     vertex 3.4701656177e-02 -1.4285734080e+00 3.0355359608e-02
   endloop
 endfacet
 facet normal  -2.9935221327e-01 1.1321634238e-17 9.5414267927e-01
   outer loop
     vertex 3.4701656177e-02 -1.4285734080e+00 3.0355359608e-02
     vertex 3.4701656177e-02 -2.0133560182e+00 3.0355359608e-02
     vertex 6.2004804867e-02 -2.0133560182e+00 3.8921434858e-02
   endloop
 endfacet
 facet normal  -2.9935221327e-01 -7.1040869266e-18 9.5414267927e-01
   outer loop
     vertex 3.4701656177e-02 -1.4285734080e+00 3.0355359608e-02
     vertex 6.2004804867e-02 -2.0133560182e+00 3.8921434858e-02
     vertex 6.2004804867e-02 -1.4285734080e+00 3.8921434858e-02
   endloop
 endfacet
 facet normal  -2.0023240962e-01 -4.7518220357e-18 9.7974842798e-01
   outer loop
     vertex 6.2004804867e-02 -1.4285734080e+00 3.8921434858e-02
     vertex 6.2004804867e-02 -2.0133560182e+00 3.8921434858e-02
     vertex 1.0361138312e-01 -2.0133560182e+00 4.7424623209e-02
   endloop
 endfacet
 facet normal  -2.0023240962e-01 0.0000000000e+00 9.7974842798e-01
   outer loop
     vertex 6.2004804867e-02 -1.4285734080e+00 3.8921434858e-02
     vertex 1.0361138312e-01 -2.0133560182e+00 4.7424623209e-02
     vertex 1.0361138312e-01 -1.4285734080e+00 4.7424623209e-02
   endloop
 endfacet
 facet normal  -1.2076702739e-01 0.0000000000e+00 9.9268087777e-01
   outer loop
     vertex 1.0361138312e-01 -1.4285734080e+00 4.7424623209e-02
     vertex 1.0361138312e-01 -2.0133560182e+00 4.7424623209e-02
     vertex 1.6380190832e-01 -2.0133560182e+00 5.4747249210e-02
   endloop
 endfacet
 facet normal  -1.2076702739e-01 0.0000000000e+00 9.9268087777e-01
   outer loop
     vertex 1.0361138312e-01 -1.4285734080e+00 4.7424623209e-02
     vertex 1.6380190832e-01 -2.0133560182e+00 5.4747249210e-02
     vertex 1.6380190832e-01 -1.4285734080e+00 5.4747249210e-02
   endloop
 endfacet
 facet normal  -5.5453819818e-02 0.0000000000e+00 9.9846125306e-01
   outer loop
     vertex 1.6380190832e-01 -1.4285734080e+00 5.4747249210e-02
     vertex 1.6380190832e-01 -2.0133560182e+00 5.4747249210e-02
     vertex 2.4565152047e-01 -2.0133560182e+00 5.9293117796e-02
   endloop
 endfacet
 facet normal  -5.5453819818e-02 0.0000000000e+00 9.9846125306e-01
   outer loop
     vertex 1.6380190832e-01 -1.4285734080e+00 5.4747249210e-02
     vertex 2.4565152047e-01 -2.0133560182e+00 5.9293117796e-02
     vertex 2.4565152047e-01 -1.4285734080e+00 5.9293117796e-02
   endloop
 endfacet
 facet normal  -2.0754226775e-03 0.0000000000e+00 9.9999784631e-01
   outer loop
     vertex 2.4565152047e-01 -1.4285734080e+00 5.9293117796e-02
     vertex 2.4565152047e-01 -2.0133560182e+00 5.9293117796e-02
     vertex 3.4867161706e-01 -2.0133560182e+00 5.9506928501e-02
   endloop
 endfacet
 facet normal  -2.0754226775e-03 2.3731481885e-17 9.9999784631e-01
   outer loop
     vertex 2.4565152047e-01 -1.4285734080e+00 5.9293117796e-02
     vertex 3.4867161706e-01 -2.0133560182e+00 5.9506928501e-02
     vertex 3.4867161706e-01 -1.4285734080e+00 5.9506928501e-02
   endloop
 endfacet
 facet normal  3.9613515037e-02 2.3712905561e-17 9.9921507666e-01
   outer loop
     vertex 3.4867161706e-01 -1.4285734080e+00 5.9506928501e-02
     vertex 3.4867161706e-01 -2.0133560182e+00 5.9506928501e-02
     vertex 4.6678824105e-01 -2.0133560182e+00 5.4824238287e-02
   endloop
 endfacet
 facet normal  3.9613515037e-02 -0.0000000000e+00 9.9921507666e-01
   outer loop
     vertex 3.4867161706e-01 -1.4285734080e+00 5.9506928501e-02
     vertex 4.6678824105e-01 -2.0133560182e+00 5.4824238287e-02
     vertex 4.6678824105e-01 -1.4285734080e+00 5.4824238287e-02
   endloop
 endfacet
 facet normal  7.0157790253e-02 -0.0000000000e+00 9.9753590635e-01
   outer loop
     vertex 4.6678824105e-01 -1.4285734080e+00 5.4824238287e-02
     vertex 4.6678824105e-01 -2.0133560182e+00 5.4824238287e-02
     vertex 5.8876378780e-01 -1.4285734080e+00 4.6245564808e-02
   endloop
 endfacet
 facet normal  7.0157790253e-02 -0.0000000000e+00 9.9753590635e-01
   outer loop
     vertex 4.6678824105e-01 -2.0133560182e+00 5.4824238287e-02
     vertex 5.8876378780e-01 -2.0133560182e+00 4.6245564808e-02
     vertex 5.8876378780e-01 -1.4285734080e+00 4.6245564808e-02
   endloop
 endfacet
 facet normal  9.1463328509e-02 -0.0000000000e+00 9.9580844520e-01
   outer loop
     vertex 5.8876378780e-01 -1.4285734080e+00 4.6245564808e-02
     vertex 5.8876378780e-01 -2.0133560182e+00 4.6245564808e-02
     vertex 7.0192689193e-01 -1.4285734080e+00 3.5851724287e-02
   endloop
 endfacet
 facet normal  9.1463328509e-02 -0.0000000000e+00 9.9580844520e-01
   outer loop
     vertex 5.8876378780e-01 -2.0133560182e+00 4.6245564808e-02
     vertex 7.0192689193e-01 -2.0133560182e+00 3.5851724287e-02
     vertex 7.0192689193e-01 -1.4285734080e+00 3.5851724287e-02
   endloop
 endfacet
 facet normal  1.0637499606e-01 -0.0000000000e+00 9.9432608344e-01
   outer loop
     vertex 7.0192689193e-01 -1.4285734080e+00 3.5851724287e-02
     vertex 7.0192689193e-01 -2.0133560182e+00 3.5851724287e-02
     vertex 7.9695803833e-01 -1.4285734080e+00 2.5685101897e-02
   endloop
 endfacet
 facet normal  1.0637499606e-01 -0.0000000000e+00 9.9432608344e-01
   outer loop
     vertex 7.0192689193e-01 -2.0133560182e+00 3.5851724287e-02
     vertex 7.9695803833e-01 -2.0133560182e+00 2.5685101897e-02
     vertex 7.9695803833e-01 -1.4285734080e+00 2.5685101897e-02
   endloop
 endfacet
 facet normal  1.1718870894e-01 -0.0000000000e+00 9.9310966489e-01
   outer loop
     vertex 7.9695803833e-01 -1.4285734080e+00 2.5685101897e-02
     vertex 7.9695803833e-01 -2.0133560182e+00 2.5685101897e-02
     vertex 8.7030448965e-01 -1.4285734080e+00 1.7030090029e-02
   endloop
 endfacet
 facet normal  1.1718870894e-01 -2.2248541702e-17 9.9310966489e-01
   outer loop
     vertex 7.9695803833e-01 -2.0133560182e+00 2.5685101897e-02
     vertex 8.7030448965e-01 -2.0133560182e+00 1.7030090029e-02
     vertex 8.7030448965e-01 -1.4285734080e+00 1.7030090029e-02
   endloop
 endfacet
 facet normal  1.2513251854e-01 -2.3756691940e-17 9.9214003689e-01
   outer loop
     vertex 8.7030448965e-01 -1.4285734080e+00 1.7030090029e-02
     vertex 8.7030448965e-01 -2.0133560182e+00 1.7030090029e-02
     vertex 9.2331020388e-01 -1.4285734080e+00 1.0344805420e-02
   endloop
 endfacet
 facet normal  1.2513251854e-01 -0.0000000000e+00 9.9214003689e-01
   outer loop
     vertex 8.7030448965e-01 -2.0133560182e+00 1.7030090029e-02
     vertex 9.2331020388e-01 -2.0133560182e+00 1.0344805420e-02
     vertex 9.2331020388e-01 -1.4285734080e+00 1.0344805420e-02
   endloop
 endfacet
 facet normal  1.3095350728e-01 -0.0000000000e+00 9.9138851059e-01
   outer loop
     vertex 9.2331020388e-01 -1.4285734080e+00 1.0344805420e-02
     vertex 9.2331020388e-01 -2.0133560182e+00 1.0344805420e-02
     vertex 9.5982161505e-01 -1.4285734080e+00 5.5219763305e-03
   endloop
 endfacet
 facet normal  1.3095350728e-01 -0.0000000000e+00 9.9138851059e-01
   outer loop
     vertex 9.2331020388e-01 -2.0133560182e+00 1.0344805420e-02
     vertex 9.5982161505e-01 -2.0133560182e+00 5.5219763305e-03
     vertex 9.5982161505e-01 -1.4285734080e+00 5.5219763305e-03
   endloop
 endfacet
 facet normal  1.3505987260e-01 -0.0000000000e+00 9.9083743915e-01
   outer loop
     vertex 9.5982161505e-01 -1.4285734080e+00 5.5219763305e-03
     vertex 9.5982161505e-01 -2.0133560182e+00 5.5219763305e-03
     vertex 9.8414844626e-01 -1.4285734080e+00 2.2060149078e-03
   endloop
 endfacet
 facet normal  1.3505987260e-01 -0.0000000000e+00 9.9083743915e-01
   outer loop
     vertex 9.5982161505e-01 -2.0133560182e+00 5.5219763305e-03
     vertex 9.8414844626e-01 -2.0133560182e+00 2.2060149078e-03
     vertex 9.8414844626e-01 -1.4285734080e+00 2.2060149078e-03
   endloop
 endfacet
 facet normal  1.3783871552e-01 -0.0000000000e+00 9.9045468776e-01
   outer loop
     vertex 9.8414844626e-01 -1.4285734080e+00 2.2060149078e-03
     vertex 9.8414844626e-01 -2.0133560182e+00 2.2060149078e-03
     vertex 1.0000000000e+00 -1.4285734080e+00 0.0000000000e+00
   endloop
 endfacet
 facet normal  1.3783871552e-01 -0.0000000000e+00 9.9045468776e-01
   outer loop
     vertex 9.8414844626e-01 -2.0133560182e+00 2.2060149078e-03
     vertex 1.0000000000e+00 -2.0133560182e+00 0.0000000000e+00
     vertex 1.0000000000e+00 -1.4285734080e+00 0.0000000000e+00
   endloop
 endfacet
 facet normal  1.3783871552e-01 0.0000000000e+00 -9.9045468776e-01
   outer loop
     vertex 1.0000000000e+00 -2.0133560182e+00 0.0000000000e+00
     vertex 1.0000000000e+00 -2.5962556796e+00 0.0000000000e+00
     vertex 9.8414844626e-01 -2.5962556796e+00 -2.2060149078e-03
   endloop
 endfacet
 facet normal  1.3783871552e-01 0.0000000000e+00 -9.9045468776e-01
   outer loop
     vertex 1.0000000000e+00 -2.0133560182e+00 0.0000000000e+00
     vertex 9.8414844626e-01 -2.5962556796e+00 -2.2060149078e-03
     vertex 9.8414844626e-01 -2.0133560182e+00 -2.2060149078e-03
   endloop
 endfacet
 facet normal  1.3505987260e-01 0.0000000000e+00 -9.9083743915e-01
   outer loop
     vertex 9.8414844626e-01 -2.0133560182e+00 -2.2060149078e-03
     vertex 9.8414844626e-01 -2.5962556796e+00 -2.2060149078e-03
     vertex 9.5982161505e-01 -2.5962556796e+00 -5.5219763305e-03
   endloop
 endfacet
 facet normal  1.3505987260e-01 0.0000000000e+00 -9.9083743915e-01
   outer loop
     vertex 9.8414844626e-01 -2.0133560182e+00 -2.2060149078e-03
     vertex 9.5982161505e-01 -2.5962556796e+00 -5.5219763305e-03
     vertex 9.5982161505e-01 -2.0133560182e+00 -5.5219763305e-03
   endloop
 endfacet
 facet normal  1.3095350728e-01 0.0000000000e+00 -9.9138851059e-01
   outer loop
     vertex 9.5982161505e-01 -2.0133560182e+00 -5.5219763305e-03
     vertex 9.5982161505e-01 -2.5962556796e+00 -5.5219763305e-03
     vertex 9.2331020388e-01 -2.5962556796e+00 -1.0344805420e-02
   endloop
 endfacet
 facet normal  1.3095350728e-01 0.0000000000e+00 -9.9138851059e-01
   outer loop
     vertex 9.5982161505e-01 -2.0133560182e+00 -5.5219763305e-03
     vertex 9.2331020388e-01 -2.5962556796e+00 -1.0344805420e-02
     vertex 9.2331020388e-01 -2.0133560182e+00 -1.0344805420e-02
   endloop
 endfacet
 facet normal  1.2513251854e-01 0.0000000000e+00 -9.9214003689e-01
   outer loop
     vertex 9.2331020388e-01 -2.0133560182e+00 -1.0344805420e-02
     vertex 9.2331020388e-01 -2.5962556796e+00 -1.0344805420e-02
     vertex 8.7030448965e-01 -2.5962556796e+00 -1.7030090029e-02
   endloop
 endfacet
 facet normal  1.2513251854e-01 0.0000000000e+00 -9.9214003689e-01
   outer loop
     vertex 9.2331020388e-01 -2.0133560182e+00 -1.0344805420e-02
     vertex 8.7030448965e-01 -2.5962556796e+00 -1.7030090029e-02
     vertex 8.7030448965e-01 -2.0133560182e+00 -1.7030090029e-02
   endloop
 endfacet
 facet normal  1.1718870894e-01 0.0000000000e+00 -9.9310966489e-01
   outer loop
     vertex 8.7030448965e-01 -2.0133560182e+00 -1.7030090029e-02
     vertex 8.7030448965e-01 -2.5962556796e+00 -1.7030090029e-02
     vertex 7.9695803833e-01 -2.5962556796e+00 -2.5685101897e-02
   endloop
 endfacet
 facet normal  1.1718870894e-01 0.0000000000e+00 -9.9310966489e-01
   outer loop
     vertex 8.7030448965e-01 -2.0133560182e+00 -1.7030090029e-02
     vertex 7.9695803833e-01 -2.5962556796e+00 -2.5685101897e-02
     vertex 7.9695803833e-01 -2.0133560182e+00 -2.5685101897e-02
   endloop
 endfacet
 facet normal  1.0637499606e-01 0.0000000000e+00 -9.9432608344e-01
   outer loop
     vertex 7.9695803833e-01 -2.0133560182e+00 -2.5685101897e-02
     vertex 7.9695803833e-01 -2.5962556796e+00 -2.5685101897e-02
     vertex 7.0192689193e-01 -2.5962556796e+00 -3.5851724287e-02
   endloop
 endfacet
 facet normal  1.0637499606e-01 0.0000000000e+00 -9.9432608344e-01
   outer loop
     vertex 7.9695803833e-01 -2.0133560182e+00 -2.5685101897e-02
     vertex 7.0192689193e-01 -2.5962556796e+00 -3.5851724287e-02
     vertex 7.0192689193e-01 -2.0133560182e+00 -3.5851724287e-02
   endloop
 endfacet
 facet normal  9.1463328509e-02 0.0000000000e+00 -9.9580844520e-01
   outer loop
     vertex 7.0192689193e-01 -2.0133560182e+00 -3.5851724287e-02
     vertex 7.0192689193e-01 -2.5962556796e+00 -3.5851724287e-02
     vertex 5.8876378780e-01 -2.5962556796e+00 -4.6245564808e-02
   endloop
 endfacet
 facet normal  9.1463328509e-02 0.0000000000e+00 -9.9580844520e-01
   outer loop
     vertex 7.0192689193e-01 -2.0133560182e+00 -3.5851724287e-02
     vertex 5.8876378780e-01 -2.5962556796e+00 -4.6245564808e-02
     vertex 5.8876378780e-01 -2.0133560182e+00 -4.6245564808e-02
   endloop
 endfacet
 facet normal  7.0157790253e-02 0.0000000000e+00 -9.9753590635e-01
   outer loop
     vertex 5.8876378780e-01 -2.0133560182e+00 -4.6245564808e-02
     vertex 5.8876378780e-01 -2.5962556796e+00 -4.6245564808e-02
     vertex 4.6678824105e-01 -2.5962556796e+00 -5.4824238287e-02
   endloop
 endfacet
 facet normal  7.0157790253e-02 0.0000000000e+00 -9.9753590635e-01
   outer loop
     vertex 5.8876378780e-01 -2.0133560182e+00 -4.6245564808e-02
     vertex 4.6678824105e-01 -2.5962556796e+00 -5.4824238287e-02
     vertex 4.6678824105e-01 -2.0133560182e+00 -5.4824238287e-02
   endloop
 endfacet
 facet normal  3.9613515037e-02 0.0000000000e+00 -9.9921507666e-01
   outer loop
     vertex 4.6678824105e-01 -2.0133560182e+00 -5.4824238287e-02
     vertex 4.6678824105e-01 -2.5962556796e+00 -5.4824238287e-02
     vertex 3.4867161706e-01 -2.0133560182e+00 -5.9506928501e-02
   endloop
 endfacet
 facet normal  3.9613515037e-02 0.0000000000e+00 -9.9921507666e-01
   outer loop
     vertex 4.6678824105e-01 -2.5962556796e+00 -5.4824238287e-02
     vertex 3.4867161706e-01 -2.5962556796e+00 -5.9506928501e-02
     vertex 3.4867161706e-01 -2.0133560182e+00 -5.9506928501e-02
   endloop
 endfacet
 facet normal  -2.0754226775e-03 0.0000000000e+00 -9.9999784631e-01
   outer loop
     vertex 3.4867161706e-01 -2.0133560182e+00 -5.9506928501e-02
     vertex 3.4867161706e-01 -2.5962556796e+00 -5.9506928501e-02
     vertex 2.4565152047e-01 -2.0133560182e+00 -5.9293117796e-02
   endloop
 endfacet
 facet normal  -2.0754226775e-03 0.0000000000e+00 -9.9999784631e-01
   outer loop
     vertex 3.4867161706e-01 -2.5962556796e+00 -5.9506928501e-02
     vertex 2.4565152047e-01 -2.5962556796e+00 -5.9293117796e-02
     vertex 2.4565152047e-01 -2.0133560182e+00 -5.9293117796e-02
   endloop
 endfacet
 facet normal  -5.5453819818e-02 0.0000000000e+00 -9.9846125306e-01
   outer loop
     vertex 2.4565152047e-01 -2.0133560182e+00 -5.9293117796e-02
     vertex 2.4565152047e-01 -2.5962556796e+00 -5.9293117796e-02
     vertex 1.6380190832e-01 -2.0133560182e+00 -5.4747249210e-02
   endloop
 endfacet
 facet normal  -5.5453819818e-02 -1.1885779253e-17 -9.9846125306e-01
   outer loop
     vertex 2.4565152047e-01 -2.5962556796e+00 -5.9293117796e-02
     vertex 1.6380190832e-01 -2.5962556796e+00 -5.4747249210e-02
     vertex 1.6380190832e-01 -2.0133560182e+00 -5.4747249210e-02
   endloop
 endfacet
 facet normal  -1.2076702739e-01 -1.1816969106e-17 -9.9268087777e-01
   outer loop
     vertex 1.6380190832e-01 -2.0133560182e+00 -5.4747249210e-02
     vertex 1.6380190832e-01 -2.5962556796e+00 -5.4747249210e-02
     vertex 1.0361138312e-01 -2.0133560182e+00 -4.7424623209e-02
   endloop
 endfacet
 facet normal  -1.2076702739e-01 0.0000000000e+00 -9.9268087777e-01
   outer loop
     vertex 1.6380190832e-01 -2.5962556796e+00 -5.4747249210e-02
     vertex 1.0361138312e-01 -2.5962556796e+00 -4.7424623209e-02
     vertex 1.0361138312e-01 -2.0133560182e+00 -4.7424623209e-02
   endloop
 endfacet
 facet normal  -2.0023240962e-01 0.0000000000e+00 -9.7974842798e-01
   outer loop
     vertex 1.0361138312e-01 -2.0133560182e+00 -4.7424623209e-02
     vertex 1.0361138312e-01 -2.5962556796e+00 -4.7424623209e-02
     vertex 6.2004804867e-02 -2.0133560182e+00 -3.8921434858e-02
   endloop
 endfacet
 facet normal  -2.0023240962e-01 0.0000000000e+00 -9.7974842798e-01
   outer loop
     vertex 1.0361138312e-01 -2.5962556796e+00 -4.7424623209e-02
     vertex 6.2004804867e-02 -2.5962556796e+00 -3.8921434858e-02
     vertex 6.2004804867e-02 -2.0133560182e+00 -3.8921434858e-02
   endloop
 endfacet
 facet normal  -2.9935221327e-01 0.0000000000e+00 -9.5414267927e-01
   outer loop
     vertex 6.2004804867e-02 -2.0133560182e+00 -3.8921434858e-02
     vertex 6.2004804867e-02 -2.5962556796e+00 -3.8921434858e-02
     vertex 3.4701656177e-02 -2.0133560182e+00 -3.0355359608e-02
   endloop
 endfacet
 facet normal  -2.9935221327e-01 0.0000000000e+00 -9.5414267927e-01
   outer loop
     vertex 6.2004804867e-02 -2.5962556796e+00 -3.8921434858e-02
     vertex 3.4701656177e-02 -2.5962556796e+00 -3.0355359608e-02
     vertex 3.4701656177e-02 -2.0133560182e+00 -3.0355359608e-02
   endloop
 endfacet
 facet normal  -4.2610378432e-01 0.0000000000e+00 -9.0467428669e-01
   outer loop
     vertex 3.4701656177e-02 -2.0133560182e+00 -3.0355359608e-02
     vertex 3.4701656177e-02 -2.5962556796e+00 -3.0355359608e-02
     vertex 1.7711394777e-02 -2.0133560182e+00 -2.2352905260e-02
   endloop
 endfacet
 facet normal  -4.2610378432e-01 0.0000000000e+00 -9.0467428669e-01
   outer loop
     vertex 3.4701656177e-02 -2.5962556796e+00 -3.0355359608e-02
     vertex 1.7711394777e-02 -2.5962556796e+00 -2.2352905260e-02
     vertex 1.7711394777e-02 -2.0133560182e+00 -2.2352905260e-02
   endloop
 endfacet
 facet normal  -5.8540728658e-01 0.0000000000e+00 -8.1073935937e-01
   outer loop
     vertex 1.7711394777e-02 -2.0133560182e+00 -2.2352905260e-02
     vertex 1.7711394777e-02 -2.5962556796e+00 -2.2352905260e-02
     vertex 7.8928270998e-03 -2.0133560182e+00 -1.5263251853e-02
   endloop
 endfacet
 facet normal  -5.8540728658e-01 2.4127799219e-18 -8.1073935937e-01
   outer loop
     vertex 1.7711394777e-02 -2.5962556796e+00 -2.2352905260e-02
     vertex 7.8928270998e-03 -2.5962556796e+00 -1.5263251853e-02
     vertex 7.8928270998e-03 -2.0133560182e+00 -1.5263251853e-02
   endloop
 endfacet
 facet normal  -7.6128093626e-01 1.9297201032e-18 -6.4842218969e-01
   outer loop
     vertex 7.8928270998e-03 -2.0133560182e+00 -1.5263251853e-02
     vertex 7.8928270998e-03 -2.5962556796e+00 -1.5263251853e-02
     vertex 2.8852305479e-03 -2.0133560182e+00 -9.3840764449e-03
   endloop
 endfacet
 facet normal  -7.6128093626e-01 0.0000000000e+00 -6.4842218969e-01
   outer loop
     vertex 7.8928270998e-03 -2.5962556796e+00 -1.5263251853e-02
     vertex 2.8852305479e-03 -2.5962556796e+00 -9.3840764449e-03
     vertex 2.8852305479e-03 -2.0133560182e+00 -9.3840764449e-03
   endloop
 endfacet
 facet normal  -9.0355742872e-01 0.0000000000e+00 -4.2846700341e-01
   outer loop
     vertex 2.8852305479e-03 -2.0133560182e+00 -9.3840764449e-03
     vertex 2.8852305479e-03 -2.5962556796e+00 -9.3840764449e-03
     vertex 7.8807384983e-04 -2.0133560182e+00 -4.9615619954e-03
   endloop
 endfacet
 facet normal  -9.0355742872e-01 0.0000000000e+00 -4.2846700341e-01
   outer loop
     vertex 2.8852305479e-03 -2.5962556796e+00 -9.3840764449e-03
     vertex 7.8807384983e-04 -2.5962556796e+00 -4.9615619954e-03
     vertex 7.8807384983e-04 -2.0133560182e+00 -4.9615619954e-03
   endloop
 endfacet
 facet normal  -9.7629917451e-01 0.0000000000e+00 -2.1642532625e-01
   outer loop
     vertex 7.8807384983e-04 -2.0133560182e+00 -4.9615619954e-03
     vertex 7.8807384983e-04 -2.5962556796e+00 -4.9615619954e-03
     vertex 1.1903597513e-04 -2.0133560182e+00 -1.9435181458e-03
   endloop
 endfacet
 facet normal  -9.7629917451e-01 8.0510875003e-20 -2.1642532625e-01
   outer loop
     vertex 7.8807384983e-04 -2.5962556796e+00 -4.9615619954e-03
     vertex 1.1903597513e-04 -2.5962556796e+00 -1.9435181458e-03
     vertex 1.1903597513e-04 -2.0133560182e+00 -1.9435181458e-03
   endloop
 endfacet
 facet normal  -9.9812962151e-01 2.2741706185e-20 -6.1133122455e-02
   outer loop
     vertex 1.1903597513e-04 -2.0133560182e+00 -1.9435181458e-03
     vertex 1.1903597513e-04 -2.5962556796e+00 -1.9435181458e-03
     vertex 0.0000000000e+00 -2.0133560182e+00 0.0000000000e+00
   endloop
 endfacet
 facet normal  -9.9812962151e-01 0.0000000000e+00 -6.1133122455e-02
   outer loop
     vertex 1.1903597513e-04 -2.5962556796e+00 -1.9435181458e-03
     vertex 0.0000000000e+00 -2.5962556796e+00 0.0000000000e+00
     vertex 0.0000000000e+00 -2.0133560182e+00 0.0000000000e+00
   endloop
 endfacet
 facet normal  -9.9812962151e-01 0.0000000000e+00 6.1133122455e-02
   outer loop
     vertex 0.0000000000e+00 -2.0133560182e+00 0.0000000000e+00
     vertex 0.0000000000e+00 -2.5962556796e+00 0.0000000000e+00
     vertex 1.1903597513e-04 -2.5962556796e+00 1.9435181458e-03
   endloop
 endfacet
 facet normal  -9.9812962151e-01 4.5483412369e-20 6.1133122455e-02
   outer loop
     vertex 0.0000000000e+00 -2.0133560182e+00 0.0000000000e+00
     vertex 1.1903597513e-04 -2.5962556796e+00 1.9435181458e-03
     vertex 1.1903597513e-04 -2.0133560182e+00 1.9435181458e-03
   endloop
 endfacet
 facet normal  -9.7629917451e-01 1.6102175001e-19 2.1642532625e-01
   outer loop
     vertex 1.1903597513e-04 -2.0133560182e+00 1.9435181458e-03
     vertex 1.1903597513e-04 -2.5962556796e+00 1.9435181458e-03
     vertex 7.8807384983e-04 -2.5962556796e+00 4.9615619954e-03
   endloop
 endfacet
 facet normal  -9.7629917451e-01 0.0000000000e+00 2.1642532625e-01
   outer loop
     vertex 1.1903597513e-04 -2.0133560182e+00 1.9435181458e-03
     vertex 7.8807384983e-04 -2.5962556796e+00 4.9615619954e-03
     vertex 7.8807384983e-04 -2.0133560182e+00 4.9615619954e-03
   endloop
 endfacet
 facet normal  -9.0355742872e-01 0.0000000000e+00 4.2846700341e-01
   outer loop
     vertex 7.8807384983e-04 -2.0133560182e+00 4.9615619954e-03
     vertex 7.8807384983e-04 -2.5962556796e+00 4.9615619954e-03
     vertex 2.8852305479e-03 -2.5962556796e+00 9.3840764449e-03
   endloop
 endfacet
 facet normal  -9.0355742872e-01 0.0000000000e+00 4.2846700341e-01
   outer loop
     vertex 7.8807384983e-04 -2.0133560182e+00 4.9615619954e-03
     vertex 2.8852305479e-03 -2.5962556796e+00 9.3840764449e-03
     vertex 2.8852305479e-03 -2.0133560182e+00 9.3840764449e-03
   endloop
 endfacet
 facet normal  -7.6128093626e-01 0.0000000000e+00 6.4842218969e-01
   outer loop
     vertex 2.8852305479e-03 -2.0133560182e+00 9.3840764449e-03
     vertex 2.8852305479e-03 -2.5962556796e+00 9.3840764449e-03
     vertex 7.8928270998e-03 -2.5962556796e+00 1.5263251853e-02
   endloop
 endfacet
 facet normal  -7.6128093626e-01 0.0000000000e+00 6.4842218969e-01
   outer loop
     vertex 2.8852305479e-03 -2.0133560182e+00 9.3840764449e-03
     vertex 7.8928270998e-03 -2.5962556796e+00 1.5263251853e-02
     vertex 7.8928270998e-03 -2.0133560182e+00 1.5263251853e-02
   endloop
 endfacet
 facet normal  -5.8540728658e-01 0.0000000000e+00 8.1073935937e-01
   outer loop
     vertex 7.8928270998e-03 -2.0133560182e+00 1.5263251853e-02
     vertex 7.8928270998e-03 -2.5962556796e+00 1.5263251853e-02
     vertex 1.7711394777e-02 -2.5962556796e+00 2.2352905260e-02
   endloop
 endfacet
 facet normal  -5.8540728658e-01 0.0000000000e+00 8.1073935937e-01
   outer loop
     vertex 7.8928270998e-03 -2.0133560182e+00 1.5263251853e-02
     vertex 1.7711394777e-02 -2.5962556796e+00 2.2352905260e-02
     vertex 1.7711394777e-02 -2.0133560182e+00 2.2352905260e-02
   endloop
 endfacet
 facet normal  -4.2610378432e-01 0.0000000000e+00 9.0467428669e-01
   outer loop
     vertex 1.7711394777e-02 -2.0133560182e+00 2.2352905260e-02
     vertex 1.7711394777e-02 -2.5962556796e+00 2.2352905260e-02
     vertex 3.4701656177e-02 -2.5962556796e+00 3.0355359608e-02
   endloop
 endfacet
 facet normal  -4.2610378432e-01 0.0000000000e+00 9.0467428669e-01
   outer loop
     vertex 1.7711394777e-02 -2.0133560182e+00 2.2352905260e-02
     vertex 3.4701656177e-02 -2.5962556796e+00 3.0355359608e-02
     vertex 3.4701656177e-02 -2.0133560182e+00 3.0355359608e-02
   endloop
 endfacet
 facet normal  -2.9935221327e-01 0.0000000000e+00 9.5414267927e-01
   outer loop
     vertex 3.4701656177e-02 -2.0133560182e+00 3.0355359608e-02
     vertex 3.4701656177e-02 -2.5962556796e+00 3.0355359608e-02
     vertex 6.2004804867e-02 -2.5962556796e+00 3.8921434858e-02
   endloop
 endfacet
 facet normal  -2.9935221327e-01 0.0000000000e+00 9.5414267927e-01
   outer loop
     vertex 3.4701656177e-02 -2.0133560182e+00 3.0355359608e-02
     vertex 6.2004804867e-02 -2.5962556796e+00 3.8921434858e-02
     vertex 6.2004804867e-02 -2.0133560182e+00 3.8921434858e-02
   endloop
 endfacet
 facet normal  -2.0023240962e-01 0.0000000000e+00 9.7974842798e-01
   outer loop
     vertex 6.2004804867e-02 -2.0133560182e+00 3.8921434858e-02
     vertex 6.2004804867e-02 -2.5962556796e+00 3.8921434858e-02
     vertex 1.0361138312e-01 -2.5962556796e+00 4.7424623209e-02
   endloop
 endfacet
 facet normal  -2.0023240962e-01 0.0000000000e+00 9.7974842798e-01
   outer loop
     vertex 6.2004804867e-02 -2.0133560182e+00 3.8921434858e-02
     vertex 1.0361138312e-01 -2.5962556796e+00 4.7424623209e-02
     vertex 1.0361138312e-01 -2.0133560182e+00 4.7424623209e-02
   endloop
 endfacet
 facet normal  -1.2076702739e-01 0.0000000000e+00 9.9268087777e-01
   outer loop
     vertex 1.0361138312e-01 -2.0133560182e+00 4.7424623209e-02
     vertex 1.0361138312e-01 -2.5962556796e+00 4.7424623209e-02
     vertex 1.6380190832e-01 -2.5962556796e+00 5.4747249210e-02
   endloop
 endfacet
 facet normal  -1.2076702739e-01 -1.1816969106e-17 9.9268087777e-01
   outer loop
     vertex 1.0361138312e-01 -2.0133560182e+00 4.7424623209e-02
     vertex 1.6380190832e-01 -2.5962556796e+00 5.4747249210e-02
     vertex 1.6380190832e-01 -2.0133560182e+00 5.4747249210e-02
   endloop
 endfacet
 facet normal  -5.5453819818e-02 -1.1885779253e-17 9.9846125306e-01
   outer loop
     vertex 1.6380190832e-01 -2.0133560182e+00 5.4747249210e-02
     vertex 1.6380190832e-01 -2.5962556796e+00 5.4747249210e-02
     vertex 2.4565152047e-01 -2.5962556796e+00 5.9293117796e-02
   endloop
 endfacet
 facet normal  -5.5453819818e-02 0.0000000000e+00 9.9846125306e-01
   outer loop
     vertex 1.6380190832e-01 -2.0133560182e+00 5.4747249210e-02
     vertex 2.4565152047e-01 -2.5962556796e+00 5.9293117796e-02
     vertex 2.4565152047e-01 -2.0133560182e+00 5.9293117796e-02
   endloop
 endfacet
 facet normal  -2.0754226775e-03 0.0000000000e+00 9.9999784631e-01
   outer loop
     vertex 2.4565152047e-01 -2.0133560182e+00 5.9293117796e-02
     vertex 2.4565152047e-01 -2.5962556796e+00 5.9293117796e-02
     vertex 3.4867161706e-01 -2.5962556796e+00 5.9506928501e-02
   endloop
 endfacet
 facet normal  -2.0754226775e-03 -1.1904071007e-17 9.9999784631e-01
   outer loop
     vertex 2.4565152047e-01 -2.0133560182e+00 5.9293117796e-02
     vertex 3.4867161706e-01 -2.5962556796e+00 5.9506928501e-02
     vertex 3.4867161706e-01 -2.0133560182e+00 5.9506928501e-02
   endloop
 endfacet
 facet normal  3.9613515037e-02 -1.1894752842e-17 9.9921507666e-01
   outer loop
     vertex 3.4867161706e-01 -2.0133560182e+00 5.9506928501e-02
     vertex 3.4867161706e-01 -2.5962556796e+00 5.9506928501e-02
     vertex 4.6678824105e-01 -2.5962556796e+00 5.4824238287e-02
   endloop
 endfacet
 facet normal  3.9613515037e-02 -0.0000000000e+00 9.9921507666e-01
   outer loop
     vertex 3.4867161706e-01 -2.0133560182e+00 5.9506928501e-02
     vertex 4.6678824105e-01 -2.5962556796e+00 5.4824238287e-02
     vertex 4.6678824105e-01 -2.0133560182e+00 5.4824238287e-02
   endloop
 endfacet
 facet normal  7.0157790253e-02 -0.0000000000e+00 9.9753590635e-01
   outer loop
     vertex 4.6678824105e-01 -2.0133560182e+00 5.4824238287e-02
     vertex 4.6678824105e-01 -2.5962556796e+00 5.4824238287e-02
     vertex 5.8876378780e-01 -2.0133560182e+00 4.6245564808e-02
   endloop
 endfacet
 facet normal  7.0157790253e-02 -0.0000000000e+00 9.9753590635e-01
   outer loop
     vertex 4.6678824105e-01 -2.5962556796e+00 5.4824238287e-02
     vertex 5.8876378780e-01 -2.5962556796e+00 4.6245564808e-02
     vertex 5.8876378780e-01 -2.0133560182e+00 4.6245564808e-02
   endloop
 endfacet
 facet normal  9.1463328509e-02 -0.0000000000e+00 9.9580844520e-01
   outer loop
     vertex 5.8876378780e-01 -2.0133560182e+00 4.6245564808e-02
     vertex 5.8876378780e-01 -2.5962556796e+00 4.6245564808e-02
     vertex 7.0192689193e-01 -2.0133560182e+00 3.5851724287e-02
   endloop
 endfacet
 facet normal  9.1463328509e-02 -0.0000000000e+00 9.9580844520e-01
   outer loop
     vertex 5.8876378780e-01 -2.5962556796e+00 4.6245564808e-02
     vertex 7.0192689193e-01 -2.5962556796e+00 3.5851724287e-02
     vertex 7.0192689193e-01 -2.0133560182e+00 3.5851724287e-02
   endloop
 endfacet
 facet normal  1.0637499606e-01 -0.0000000000e+00 9.9432608344e-01
   outer loop
     vertex 7.0192689193e-01 -2.0133560182e+00 3.5851724287e-02
     vertex 7.0192689193e-01 -2.5962556796e+00 3.5851724287e-02
     vertex 7.9695803833e-01 -2.0133560182e+00 2.5685101897e-02
   endloop
 endfacet
 facet normal  1.0637499606e-01 -0.0000000000e+00 9.9432608344e-01
   outer loop
     vertex 7.0192689193e-01 -2.5962556796e+00 3.5851724287e-02
     vertex 7.9695803833e-01 -2.5962556796e+00 2.5685101897e-02
     vertex 7.9695803833e-01 -2.0133560182e+00 2.5685101897e-02
   endloop
 endfacet
 facet normal  1.1718870894e-01 -0.0000000000e+00 9.9310966489e-01
   outer loop
     vertex 7.9695803833e-01 -2.0133560182e+00 2.5685101897e-02
     vertex 7.9695803833e-01 -2.5962556796e+00 2.5685101897e-02
     vertex 8.7030448965e-01 -2.0133560182e+00 1.7030090029e-02
   endloop
 endfacet
 facet normal  1.1718870894e-01 2.2320411470e-17 9.9310966489e-01
   outer loop
     vertex 7.9695803833e-01 -2.5962556796e+00 2.5685101897e-02
     vertex 8.7030448965e-01 -2.5962556796e+00 1.7030090029e-02
     vertex 8.7030448965e-01 -2.0133560182e+00 1.7030090029e-02
   endloop
 endfacet
 facet normal  1.2513251854e-01 2.3833433506e-17 9.9214003689e-01
   outer loop
     vertex 8.7030448965e-01 -2.0133560182e+00 1.7030090029e-02
     vertex 8.7030448965e-01 -2.5962556796e+00 1.7030090029e-02
     vertex 9.2331020388e-01 -2.0133560182e+00 1.0344805420e-02
   endloop
 endfacet
 facet normal  1.2513251854e-01 -0.0000000000e+00 9.9214003689e-01
   outer loop
     vertex 8.7030448965e-01 -2.5962556796e+00 1.7030090029e-02
     vertex 9.2331020388e-01 -2.5962556796e+00 1.0344805420e-02
     vertex 9.2331020388e-01 -2.0133560182e+00 1.0344805420e-02
   endloop
 endfacet
 facet normal  1.3095350728e-01 -0.0000000000e+00 9.9138851059e-01
   outer loop
     vertex 9.2331020388e-01 -2.0133560182e+00 1.0344805420e-02
     vertex 9.2331020388e-01 -2.5962556796e+00 1.0344805420e-02
     vertex 9.5982161505e-01 -2.0133560182e+00 5.5219763305e-03
   endloop
 endfacet
 facet normal  1.3095350728e-01 -0.0000000000e+00 9.9138851059e-01
   outer loop
     vertex 9.2331020388e-01 -2.5962556796e+00 1.0344805420e-02
     vertex 9.5982161505e-01 -2.5962556796e+00 5.5219763305e-03
     vertex 9.5982161505e-01 -2.0133560182e+00 5.5219763305e-03
   endloop
 endfacet
 facet normal  1.3505987260e-01 -0.0000000000e+00 9.9083743915e-01
   outer loop
     vertex 9.5982161505e-01 -2.0133560182e+00 5.5219763305e-03
     vertex 9.5982161505e-01 -2.5962556796e+00 5.5219763305e-03
     vertex 9.8414844626e-01 -2.0133560182e+00 2.2060149078e-03
   endloop
 endfacet
 facet normal  1.3505987260e-01 -0.0000000000e+00 9.9083743915e-01
   outer loop
     vertex 9.5982161505e-01 -2.5962556796e+00 5.5219763305e-03
     vertex 9.8414844626e-01 -2.5962556796e+00 2.2060149078e-03
     vertex 9.8414844626e-01 -2.0133560182e+00 2.2060149078e-03
   endloop
 endfacet
 facet normal  1.3783871552e-01 -0.0000000000e+00 9.9045468776e-01
   outer loop
     vertex 9.8414844626e-01 -2.0133560182e+00 2.2060149078e-03
     vertex 9.8414844626e-01 -2.5962556796e+00 2.2060149078e-03
     vertex 1.0000000000e+00 -2.0133560182e+00 0.0000000000e+00
   endloop
 endfacet
 facet normal  1.3783871552e-01 -0.0000000000e+00 9.9045468776e-01
   outer loop
     vertex 9.8414844626e-01 -2.5962556796e+00 2.2060149078e-03
     vertex 1.0000000000e+00 -2.5962556796e+00 0.0000000000e+00
     vertex 1.0000000000e+00 -2.0133560182e+00 0.0000000000e+00
   endloop
 endfacet
 facet normal  1.3783871552e-01 0.0000000000e+00 -9.9045468776e-01
   outer loop
     vertex 1.0000000000e+00 -2.5962556796e+00 0.0000000000e+00
     vertex 1.0000000000e+00 -3.1389324637e+00 0.0000000000e+00
     vertex 9.8414844626e-01 -3.1389324637e+00 -2.2060149078e-03
   endloop
 endfacet
 facet normal  1.3783871552e-01 -2.8199421851e-17 -9.9045468776e-01
   outer loop
     vertex 1.0000000000e+00 -2.5962556796e+00 0.0000000000e+00
     vertex 9.8414844626e-01 -3.1389324637e+00 -2.2060149078e-03
     vertex 9.8414844626e-01 -2.5962556796e+00 -2.2060149078e-03
   endloop
 endfacet
 facet normal  1.3505987260e-01 -2.7630918558e-17 -9.9083743915e-01
   outer loop
     vertex 9.8414844626e-01 -2.5962556796e+00 -2.2060149078e-03
     vertex 9.8414844626e-01 -3.1389324637e+00 -2.2060149078e-03
     vertex 9.5982161505e-01 -3.1389324637e+00 -5.5219763305e-03
   endloop
 endfacet
 facet normal  1.3505987260e-01 0.0000000000e+00 -9.9083743915e-01
   outer loop
     vertex 9.8414844626e-01 -2.5962556796e+00 -2.2060149078e-03
     vertex 9.5982161505e-01 -3.1389324637e+00 -5.5219763305e-03
     vertex 9.5982161505e-01 -2.5962556796e+00 -5.5219763305e-03
   endloop
 endfacet
 facet normal  1.3095350728e-01 0.0000000000e+00 -9.9138851059e-01
   outer loop
     vertex 9.5982161505e-01 -2.5962556796e+00 -5.5219763305e-03
     vertex 9.5982161505e-01 -3.1389324637e+00 -5.5219763305e-03
     vertex 9.2331020388e-01 -3.1389324637e+00 -1.0344805420e-02
   endloop
 endfacet
 facet normal  1.3095350728e-01 0.0000000000e+00 -9.9138851059e-01
   outer loop
     vertex 9.5982161505e-01 -2.5962556796e+00 -5.5219763305e-03
     vertex 9.2331020388e-01 -3.1389324637e+00 -1.0344805420e-02
     vertex 9.2331020388e-01 -2.5962556796e+00 -1.0344805420e-02
   endloop
 endfacet
 facet normal  1.2513251854e-01 0.0000000000e+00 -9.9214003689e-01
   outer loop
     vertex 9.2331020388e-01 -2.5962556796e+00 -1.0344805420e-02
     vertex 9.2331020388e-01 -3.1389324637e+00 -1.0344805420e-02
     vertex 8.7030448965e-01 -3.1389324637e+00 -1.7030090029e-02
   endloop
 endfacet
 facet normal  1.2513251854e-01 0.0000000000e+00 -9.9214003689e-01
   outer loop
     vertex 9.2331020388e-01 -2.5962556796e+00 -1.0344805420e-02
     vertex 8.7030448965e-01 -3.1389324637e+00 -1.7030090029e-02
     vertex 8.7030448965e-01 -2.5962556796e+00 -1.7030090029e-02
   endloop
 endfacet
 facet normal  1.1718870894e-01 0.0000000000e+00 -9.9310966489e-01
   outer loop
     vertex 8.7030448965e-01 -2.5962556796e+00 -1.7030090029e-02
     vertex 8.7030448965e-01 -3.1389324637e+00 -1.7030090029e-02
     vertex 7.9695803833e-01 -3.1389324637e+00 -2.5685101897e-02
   endloop
 endfacet
 facet normal  1.1718870894e-01 0.0000000000e+00 -9.9310966489e-01
   outer loop
     vertex 8.7030448965e-01 -2.5962556796e+00 -1.7030090029e-02
     vertex 7.9695803833e-01 -3.1389324637e+00 -2.5685101897e-02
     vertex 7.9695803833e-01 -2.5962556796e+00 -2.5685101897e-02
   endloop
 endfacet
 facet normal  1.0637499606e-01 0.0000000000e+00 -9.9432608344e-01
   outer loop
     vertex 7.9695803833e-01 -2.5962556796e+00 -2.5685101897e-02
     vertex 7.9695803833e-01 -3.1389324637e+00 -2.5685101897e-02
     vertex 7.0192689193e-01 -3.1389324637e+00 -3.5851724287e-02
   endloop
 endfacet
 facet normal  1.0637499606e-01 0.0000000000e+00 -9.9432608344e-01
   outer loop
     vertex 7.9695803833e-01 -2.5962556796e+00 -2.5685101897e-02
     vertex 7.0192689193e-01 -3.1389324637e+00 -3.5851724287e-02
     vertex 7.0192689193e-01 -2.5962556796e+00 -3.5851724287e-02
   endloop
 endfacet
 facet normal  9.1463328509e-02 0.0000000000e+00 -9.9580844520e-01
   outer loop
     vertex 7.0192689193e-01 -2.5962556796e+00 -3.5851724287e-02
     vertex 7.0192689193e-01 -3.1389324637e+00 -3.5851724287e-02
     vertex 5.8876378780e-01 -3.1389324637e+00 -4.6245564808e-02
   endloop
 endfacet
 facet normal  9.1463328509e-02 0.0000000000e+00 -9.9580844520e-01
   outer loop
     vertex 7.0192689193e-01 -2.5962556796e+00 -3.5851724287e-02
     vertex 5.8876378780e-01 -3.1389324637e+00 -4.6245564808e-02
     vertex 5.8876378780e-01 -2.5962556796e+00 -4.6245564808e-02
   endloop
 endfacet
 facet normal  7.0157790253e-02 0.0000000000e+00 -9.9753590635e-01
   outer loop
     vertex 5.8876378780e-01 -2.5962556796e+00 -4.6245564808e-02
     vertex 5.8876378780e-01 -3.1389324637e+00 -4.6245564808e-02
     vertex 4.6678824105e-01 -3.1389324637e+00 -5.4824238287e-02
   endloop
 endfacet
 facet normal  7.0157790253e-02 0.0000000000e+00 -9.9753590635e-01
   outer loop
     vertex 5.8876378780e-01 -2.5962556796e+00 -4.6245564808e-02
     vertex 4.6678824105e-01 -3.1389324637e+00 -5.4824238287e-02
     vertex 4.6678824105e-01 -2.5962556796e+00 -5.4824238287e-02
   endloop
 endfacet
 facet normal  3.9613515037e-02 0.0000000000e+00 -9.9921507666e-01
   outer loop
     vertex 4.6678824105e-01 -2.5962556796e+00 -5.4824238287e-02
     vertex 4.6678824105e-01 -3.1389324637e+00 -5.4824238287e-02
     vertex 3.4867161706e-01 -2.5962556796e+00 -5.9506928501e-02
   endloop
 endfacet
 facet normal  3.9613515037e-02 0.0000000000e+00 -9.9921507666e-01
   outer loop
     vertex 4.6678824105e-01 -3.1389324637e+00 -5.4824238287e-02
     vertex 3.4867161706e-01 -3.1389324637e+00 -5.9506928501e-02
     vertex 3.4867161706e-01 -2.5962556796e+00 -5.9506928501e-02
   endloop
 endfacet
 facet normal  -2.0754226775e-03 0.0000000000e+00 -9.9999784631e-01
   outer loop
     vertex 3.4867161706e-01 -2.5962556796e+00 -5.9506928501e-02
     vertex 3.4867161706e-01 -3.1389324637e+00 -5.9506928501e-02
     vertex 2.4565152047e-01 -2.5962556796e+00 -5.9293117796e-02
   endloop
 endfacet
 facet normal  -2.0754226775e-03 0.0000000000e+00 -9.9999784631e-01
   outer loop
     vertex 3.4867161706e-01 -3.1389324637e+00 -5.9506928501e-02
     vertex 2.4565152047e-01 -3.1389324637e+00 -5.9293117796e-02
     vertex 2.4565152047e-01 -2.5962556796e+00 -5.9293117796e-02
   endloop
 endfacet
 facet normal  -5.5453819818e-02 0.0000000000e+00 -9.9846125306e-01
   outer loop
     vertex 2.4565152047e-01 -2.5962556796e+00 -5.9293117796e-02
     vertex 2.4565152047e-01 -3.1389324637e+00 -5.9293117796e-02
     vertex 1.6380190832e-01 -2.5962556796e+00 -5.4747249210e-02
   endloop
 endfacet
 facet normal  -5.5453819818e-02 1.2766746072e-17 -9.9846125306e-01
   outer loop
     vertex 2.4565152047e-01 -3.1389324637e+00 -5.9293117796e-02
     vertex 1.6380190832e-01 -3.1389324637e+00 -5.4747249210e-02
     vertex 1.6380190832e-01 -2.5962556796e+00 -5.4747249210e-02
   endloop
 endfacet
 facet normal  -1.2076702739e-01 1.2692835759e-17 -9.9268087777e-01
   outer loop
     vertex 1.6380190832e-01 -2.5962556796e+00 -5.4747249210e-02
     vertex 1.6380190832e-01 -3.1389324637e+00 -5.4747249210e-02
     vertex 1.0361138312e-01 -2.5962556796e+00 -4.7424623209e-02
   endloop
 endfacet
 facet normal  -1.2076702739e-01 -3.0883561437e-18 -9.9268087777e-01
   outer loop
     vertex 1.6380190832e-01 -3.1389324637e+00 -5.4747249210e-02
     vertex 1.0361138312e-01 -3.1389324637e+00 -4.7424623209e-02
     vertex 1.0361138312e-01 -2.5962556796e+00 -4.7424623209e-02
   endloop
 endfacet
 facet normal  -2.0023240962e-01 -5.1205118298e-18 -9.7974842798e-01
   outer loop
     vertex 1.0361138312e-01 -2.5962556796e+00 -4.7424623209e-02
     vertex 1.0361138312e-01 -3.1389324637e+00 -4.7424623209e-02
     vertex 6.2004804867e-02 -2.5962556796e+00 -3.8921434858e-02
   endloop
 endfacet
 facet normal  -2.0023240962e-01 -2.5602559149e-18 -9.7974842798e-01
   outer loop
     vertex 1.0361138312e-01 -3.1389324637e+00 -4.7424623209e-02
     vertex 6.2004804867e-02 -3.1389324637e+00 -3.8921434858e-02
     vertex 6.2004804867e-02 -2.5962556796e+00 -3.8921434858e-02
   endloop
 endfacet
 facet normal  -2.9935221327e-01 -3.8276434675e-18 -9.5414267927e-01
   outer loop
     vertex 6.2004804867e-02 -2.5962556796e+00 -3.8921434858e-02
     vertex 6.2004804867e-02 -3.1389324637e+00 -3.8921434858e-02
     vertex 3.4701656177e-02 -2.5962556796e+00 -3.0355359608e-02
   endloop
 endfacet
 facet normal  -2.9935221327e-01 0.0000000000e+00 -9.5414267927e-01
   outer loop
     vertex 6.2004804867e-02 -3.1389324637e+00 -3.8921434858e-02
     vertex 3.4701656177e-02 -3.1389324637e+00 -3.0355359608e-02
     vertex 3.4701656177e-02 -2.5962556796e+00 -3.0355359608e-02
   endloop
 endfacet
 facet normal  -4.2610378432e-01 0.0000000000e+00 -9.0467428669e-01
   outer loop
     vertex 3.4701656177e-02 -2.5962556796e+00 -3.0355359608e-02
     vertex 3.4701656177e-02 -3.1389324637e+00 -3.0355359608e-02
     vertex 1.7711394777e-02 -2.5962556796e+00 -2.2352905260e-02
   endloop
 endfacet
 facet normal  -4.2610378432e-01 0.0000000000e+00 -9.0467428669e-01
   outer loop
     vertex 3.4701656177e-02 -3.1389324637e+00 -3.0355359608e-02
     vertex 1.7711394777e-02 -3.1389324637e+00 -2.2352905260e-02
     vertex 1.7711394777e-02 -2.5962556796e+00 -2.2352905260e-02
   endloop
 endfacet
 facet normal  -5.8540728658e-01 0.0000000000e+00 -8.1073935937e-01
   outer loop
     vertex 1.7711394777e-02 -2.5962556796e+00 -2.2352905260e-02
     vertex 1.7711394777e-02 -3.1389324637e+00 -2.2352905260e-02
     vertex 7.8928270998e-03 -2.5962556796e+00 -1.5263251853e-02
   endloop
 endfacet
 facet normal  -5.8540728658e-01 0.0000000000e+00 -8.1073935937e-01
   outer loop
     vertex 1.7711394777e-02 -3.1389324637e+00 -2.2352905260e-02
     vertex 7.8928270998e-03 -3.1389324637e+00 -1.5263251853e-02
     vertex 7.8928270998e-03 -2.5962556796e+00 -1.5263251853e-02
   endloop
 endfacet
 facet normal  -7.6128093626e-01 0.0000000000e+00 -6.4842218969e-01
   outer loop
     vertex 7.8928270998e-03 -2.5962556796e+00 -1.5263251853e-02
     vertex 7.8928270998e-03 -3.1389324637e+00 -1.5263251853e-02
     vertex 2.8852305479e-03 -2.5962556796e+00 -9.3840764449e-03
   endloop
 endfacet
 facet normal  -7.6128093626e-01 0.0000000000e+00 -6.4842218969e-01
   outer loop
     vertex 7.8928270998e-03 -3.1389324637e+00 -1.5263251853e-02
     vertex 2.8852305479e-03 -3.1389324637e+00 -9.3840764449e-03
     vertex 2.8852305479e-03 -2.5962556796e+00 -9.3840764449e-03
   endloop
 endfacet
 facet normal  -9.0355742872e-01 0.0000000000e+00 -4.2846700341e-01
   outer loop
     vertex 2.8852305479e-03 -2.5962556796e+00 -9.3840764449e-03
     vertex 2.8852305479e-03 -3.1389324637e+00 -9.3840764449e-03
     vertex 7.8807384983e-04 -2.5962556796e+00 -4.9615619954e-03
   endloop
 endfacet
 facet normal  -9.0355742872e-01 0.0000000000e+00 -4.2846700341e-01
   outer loop
     vertex 2.8852305479e-03 -3.1389324637e+00 -9.3840764449e-03
     vertex 7.8807384983e-04 -3.1389324637e+00 -4.9615619954e-03
     vertex 7.8807384983e-04 -2.5962556796e+00 -4.9615619954e-03
   endloop
 endfacet
 facet normal  -9.7629917451e-01 0.0000000000e+00 -2.1642532625e-01
   outer loop
     vertex 7.8807384983e-04 -2.5962556796e+00 -4.9615619954e-03
     vertex 7.8807384983e-04 -3.1389324637e+00 -4.9615619954e-03
     vertex 1.1903597513e-04 -2.5962556796e+00 -1.9435181458e-03
   endloop
 endfacet
 facet normal  -9.7629917451e-01 6.2096705976e-20 -2.1642532625e-01
   outer loop
     vertex 7.8807384983e-04 -3.1389324637e+00 -4.9615619954e-03
     vertex 1.1903597513e-04 -3.1389324637e+00 -1.9435181458e-03
     vertex 1.1903597513e-04 -2.5962556796e+00 -1.9435181458e-03
   endloop
 endfacet
 facet normal  -9.9812962151e-01 -4.9946114040e-22 -6.1133122455e-02
   outer loop
     vertex 1.1903597513e-04 -2.5962556796e+00 -1.9435181458e-03
     vertex 1.1903597513e-04 -3.1389324637e+00 -1.9435181458e-03
     vertex 0.0000000000e+00 -2.5962556796e+00 0.0000000000e+00
   endloop
 endfacet
 facet normal  -9.9812962151e-01 0.0000000000e+00 -6.1133122455e-02
   outer loop
     vertex 1.1903597513e-04 -3.1389324637e+00 -1.9435181458e-03
     vertex 0.0000000000e+00 -3.1389324637e+00 0.0000000000e+00
     vertex 0.0000000000e+00 -2.5962556796e+00 0.0000000000e+00
   endloop
 endfacet
 facet normal  -9.9812962151e-01 0.0000000000e+00 6.1133122455e-02
   outer loop
     vertex 0.0000000000e+00 -2.5962556796e+00 0.0000000000e+00
     vertex 0.0000000000e+00 -3.1389324637e+00 0.0000000000e+00
     vertex 1.1903597513e-04 -3.1389324637e+00 1.9435181458e-03
   endloop
 endfacet
 facet normal  -9.9812962151e-01 4.9946114040e-22 6.1133122455e-02
   outer loop
     vertex 0.0000000000e+00 -2.5962556796e+00 0.0000000000e+00
     vertex 1.1903597513e-04 -3.1389324637e+00 1.9435181458e-03
     vertex 1.1903597513e-04 -2.5962556796e+00 1.9435181458e-03
   endloop
 endfacet
 facet normal  -9.7629917451e-01 -6.2096705976e-20 2.1642532625e-01
   outer loop
     vertex 1.1903597513e-04 -2.5962556796e+00 1.9435181458e-03
     vertex 1.1903597513e-04 -3.1389324637e+00 1.9435181458e-03
     vertex 7.8807384983e-04 -3.1389324637e+00 4.9615619954e-03
   endloop
 endfacet
 facet normal  -9.7629917451e-01 -1.9505269378e-19 2.1642532625e-01
   outer loop
     vertex 1.1903597513e-04 -2.5962556796e+00 1.9435181458e-03
     vertex 7.8807384983e-04 -3.1389324637e+00 4.9615619954e-03
     vertex 7.8807384983e-04 -2.5962556796e+00 4.9615619954e-03
   endloop
 endfacet
 facet normal  -9.0355742872e-01 -1.8051977822e-19 4.2846700341e-01
   outer loop
     vertex 7.8807384983e-04 -2.5962556796e+00 4.9615619954e-03
     vertex 7.8807384983e-04 -3.1389324637e+00 4.9615619954e-03
     vertex 2.8852305479e-03 -3.1389324637e+00 9.3840764449e-03
   endloop
 endfacet
 facet normal  -9.0355742872e-01 0.0000000000e+00 4.2846700341e-01
   outer loop
     vertex 7.8807384983e-04 -2.5962556796e+00 4.9615619954e-03
     vertex 2.8852305479e-03 -3.1389324637e+00 9.3840764449e-03
     vertex 2.8852305479e-03 -2.5962556796e+00 9.3840764449e-03
   endloop
 endfacet
 facet normal  -7.6128093626e-01 0.0000000000e+00 6.4842218969e-01
   outer loop
     vertex 2.8852305479e-03 -2.5962556796e+00 9.3840764449e-03
     vertex 2.8852305479e-03 -3.1389324637e+00 9.3840764449e-03
     vertex 7.8928270998e-03 -3.1389324637e+00 1.5263251853e-02
   endloop
 endfacet
 facet normal  -7.6128093626e-01 0.0000000000e+00 6.4842218969e-01
   outer loop
     vertex 2.8852305479e-03 -2.5962556796e+00 9.3840764449e-03
     vertex 7.8928270998e-03 -3.1389324637e+00 1.5263251853e-02
     vertex 7.8928270998e-03 -2.5962556796e+00 1.5263251853e-02
   endloop
 endfacet
 facet normal  -5.8540728658e-01 0.0000000000e+00 8.1073935937e-01
   outer loop
     vertex 7.8928270998e-03 -2.5962556796e+00 1.5263251853e-02
     vertex 7.8928270998e-03 -3.1389324637e+00 1.5263251853e-02
     vertex 1.7711394777e-02 -3.1389324637e+00 2.2352905260e-02
   endloop
 endfacet
 facet normal  -5.8540728658e-01 0.0000000000e+00 8.1073935937e-01
   outer loop
     vertex 7.8928270998e-03 -2.5962556796e+00 1.5263251853e-02
     vertex 1.7711394777e-02 -3.1389324637e+00 2.2352905260e-02
     vertex 1.7711394777e-02 -2.5962556796e+00 2.2352905260e-02
   endloop
 endfacet
 facet normal  -4.2610378432e-01 0.0000000000e+00 9.0467428669e-01
   outer loop
     vertex 1.7711394777e-02 -2.5962556796e+00 2.2352905260e-02
     vertex 1.7711394777e-02 -3.1389324637e+00 2.2352905260e-02
     vertex 3.4701656177e-02 -3.1389324637e+00 3.0355359608e-02
   endloop
 endfacet
 facet normal  -4.2610378432e-01 0.0000000000e+00 9.0467428669e-01
   outer loop
     vertex 1.7711394777e-02 -2.5962556796e+00 2.2352905260e-02
     vertex 3.4701656177e-02 -3.1389324637e+00 3.0355359608e-02
     vertex 3.4701656177e-02 -2.5962556796e+00 3.0355359608e-02
   endloop
 endfacet
 facet normal  -2.9935221327e-01 0.0000000000e+00 9.5414267927e-01
   outer loop
     vertex 3.4701656177e-02 -2.5962556796e+00 3.0355359608e-02
     vertex 3.4701656177e-02 -3.1389324637e+00 3.0355359608e-02
     vertex 6.2004804867e-02 -3.1389324637e+00 3.8921434858e-02
   endloop
 endfacet
 facet normal  -2.9935221327e-01 3.8276434675e-18 9.5414267927e-01
   outer loop
     vertex 3.4701656177e-02 -2.5962556796e+00 3.0355359608e-02
     vertex 6.2004804867e-02 -3.1389324637e+00 3.8921434858e-02
     vertex 6.2004804867e-02 -2.5962556796e+00 3.8921434858e-02
   endloop
 endfacet
 facet normal  -2.0023240962e-01 2.5602559149e-18 9.7974842798e-01
   outer loop
     vertex 6.2004804867e-02 -2.5962556796e+00 3.8921434858e-02
     vertex 6.2004804867e-02 -3.1389324637e+00 3.8921434858e-02
     vertex 1.0361138312e-01 -3.1389324637e+00 4.7424623209e-02
   endloop
 endfacet
 facet normal  -2.0023240962e-01 0.0000000000e+00 9.7974842798e-01
   outer loop
     vertex 6.2004804867e-02 -2.5962556796e+00 3.8921434858e-02
     vertex 1.0361138312e-01 -3.1389324637e+00 4.7424623209e-02
     vertex 1.0361138312e-01 -2.5962556796e+00 4.7424623209e-02
   endloop
 endfacet
 facet normal  -1.2076702739e-01 0.0000000000e+00 9.9268087777e-01
   outer loop
     vertex 1.0361138312e-01 -2.5962556796e+00 4.7424623209e-02
     vertex 1.0361138312e-01 -3.1389324637e+00 4.7424623209e-02
     vertex 1.6380190832e-01 -3.1389324637e+00 5.4747249210e-02
   endloop
 endfacet
 facet normal  -1.2076702739e-01 0.0000000000e+00 9.9268087777e-01
   outer loop
     vertex 1.0361138312e-01 -2.5962556796e+00 4.7424623209e-02
     vertex 1.6380190832e-01 -3.1389324637e+00 5.4747249210e-02
     vertex 1.6380190832e-01 -2.5962556796e+00 5.4747249210e-02
   endloop
 endfacet
 facet normal  -5.5453819818e-02 0.0000000000e+00 9.9846125306e-01
   outer loop
     vertex 1.6380190832e-01 -2.5962556796e+00 5.4747249210e-02
     vertex 1.6380190832e-01 -3.1389324637e+00 5.4747249210e-02
     vertex 2.4565152047e-01 -3.1389324637e+00 5.9293117796e-02
   endloop
 endfacet
 facet normal  -5.5453819818e-02 0.0000000000e+00 9.9846125306e-01
   outer loop
     vertex 1.6380190832e-01 -2.5962556796e+00 5.4747249210e-02
     vertex 2.4565152047e-01 -3.1389324637e+00 5.9293117796e-02
     vertex 2.4565152047e-01 -2.5962556796e+00 5.9293117796e-02
   endloop
 endfacet
 facet normal  -2.0754226775e-03 0.0000000000e+00 9.9999784631e-01
   outer loop
     vertex 2.4565152047e-01 -2.5962556796e+00 5.9293117796e-02
     vertex 2.4565152047e-01 -3.1389324637e+00 5.9293117796e-02
     vertex 3.4867161706e-01 -3.1389324637e+00 5.9506928501e-02
   endloop
 endfacet
 facet normal  -2.0754226775e-03 0.0000000000e+00 9.9999784631e-01
   outer loop
     vertex 2.4565152047e-01 -2.5962556796e+00 5.9293117796e-02
     vertex 3.4867161706e-01 -3.1389324637e+00 5.9506928501e-02
     vertex 3.4867161706e-01 -2.5962556796e+00 5.9506928501e-02
   endloop
 endfacet
 facet normal  3.9613515037e-02 -0.0000000000e+00 9.9921507666e-01
   outer loop
     vertex 3.4867161706e-01 -2.5962556796e+00 5.9506928501e-02
     vertex 3.4867161706e-01 -3.1389324637e+00 5.9506928501e-02
     vertex 4.6678824105e-01 -3.1389324637e+00 5.4824238287e-02
   endloop
 endfacet
 facet normal  3.9613515037e-02 -0.0000000000e+00 9.9921507666e-01
   outer loop
     vertex 3.4867161706e-01 -2.5962556796e+00 5.9506928501e-02
     vertex 4.6678824105e-01 -3.1389324637e+00 5.4824238287e-02
     vertex 4.6678824105e-01 -2.5962556796e+00 5.4824238287e-02
   endloop
 endfacet
 facet normal  7.0157790253e-02 -0.0000000000e+00 9.9753590635e-01
   outer loop
     vertex 4.6678824105e-01 -2.5962556796e+00 5.4824238287e-02
     vertex 4.6678824105e-01 -3.1389324637e+00 5.4824238287e-02
     vertex 5.8876378780e-01 -2.5962556796e+00 4.6245564808e-02
   endloop
 endfacet
 facet normal  7.0157790253e-02 -0.0000000000e+00 9.9753590635e-01
   outer loop
     vertex 4.6678824105e-01 -3.1389324637e+00 5.4824238287e-02
     vertex 5.8876378780e-01 -3.1389324637e+00 4.6245564808e-02
     vertex 5.8876378780e-01 -2.5962556796e+00 4.6245564808e-02
   endloop
 endfacet
 facet normal  9.1463328509e-02 -0.0000000000e+00 9.9580844520e-01
   outer loop
     vertex 5.8876378780e-01 -2.5962556796e+00 4.6245564808e-02
     vertex 5.8876378780e-01 -3.1389324637e+00 4.6245564808e-02
     vertex 7.0192689193e-01 -2.5962556796e+00 3.5851724287e-02
   endloop
 endfacet
 facet normal  9.1463328509e-02 -0.0000000000e+00 9.9580844520e-01
   outer loop
     vertex 5.8876378780e-01 -3.1389324637e+00 4.6245564808e-02
     vertex 7.0192689193e-01 -3.1389324637e+00 3.5851724287e-02
     vertex 7.0192689193e-01 -2.5962556796e+00 3.5851724287e-02
   endloop
 endfacet
 facet normal  1.0637499606e-01 -0.0000000000e+00 9.9432608344e-01
   outer loop
     vertex 7.0192689193e-01 -2.5962556796e+00 3.5851724287e-02
     vertex 7.0192689193e-01 -3.1389324637e+00 3.5851724287e-02
     vertex 7.9695803833e-01 -2.5962556796e+00 2.5685101897e-02
   endloop
 endfacet
 facet normal  1.0637499606e-01 -0.0000000000e+00 9.9432608344e-01
   outer loop
     vertex 7.0192689193e-01 -3.1389324637e+00 3.5851724287e-02
     vertex 7.9695803833e-01 -3.1389324637e+00 2.5685101897e-02
     vertex 7.9695803833e-01 -2.5962556796e+00 2.5685101897e-02
   endloop
 endfacet
 facet normal  1.1718870894e-01 -0.0000000000e+00 9.9310966489e-01
   outer loop
     vertex 7.9695803833e-01 -2.5962556796e+00 2.5685101897e-02
     vertex 7.9695803833e-01 -3.1389324637e+00 2.5685101897e-02
     vertex 8.7030448965e-01 -2.5962556796e+00 1.7030090029e-02
   endloop
 endfacet
 facet normal  1.1718870894e-01 -2.3974786961e-17 9.9310966489e-01
   outer loop
     vertex 7.9695803833e-01 -3.1389324637e+00 2.5685101897e-02
     vertex 8.7030448965e-01 -3.1389324637e+00 1.7030090029e-02
     vertex 8.7030448965e-01 -2.5962556796e+00 1.7030090029e-02
   endloop
 endfacet
 facet normal  1.2513251854e-01 -2.5599953281e-17 9.9214003689e-01
   outer loop
     vertex 8.7030448965e-01 -2.5962556796e+00 1.7030090029e-02
     vertex 8.7030448965e-01 -3.1389324637e+00 1.7030090029e-02
     vertex 9.2331020388e-01 -2.5962556796e+00 1.0344805420e-02
   endloop
 endfacet
 facet normal  1.2513251854e-01 -0.0000000000e+00 9.9214003689e-01
   outer loop
     vertex 8.7030448965e-01 -3.1389324637e+00 1.7030090029e-02
     vertex 9.2331020388e-01 -3.1389324637e+00 1.0344805420e-02
     vertex 9.2331020388e-01 -2.5962556796e+00 1.0344805420e-02
   endloop
 endfacet
 facet normal  1.3095350728e-01 -0.0000000000e+00 9.9138851059e-01
   outer loop
     vertex 9.2331020388e-01 -2.5962556796e+00 1.0344805420e-02
     vertex 9.2331020388e-01 -3.1389324637e+00 1.0344805420e-02
     vertex 9.5982161505e-01 -2.5962556796e+00 5.5219763305e-03
   endloop
 endfacet
 facet normal  1.3095350728e-01 -0.0000000000e+00 9.9138851059e-01
   outer loop
     vertex 9.2331020388e-01 -3.1389324637e+00 1.0344805420e-02
     vertex 9.5982161505e-01 -3.1389324637e+00 5.5219763305e-03
     vertex 9.5982161505e-01 -2.5962556796e+00 5.5219763305e-03
   endloop
 endfacet
 facet normal  1.3505987260e-01 -0.0000000000e+00 9.9083743915e-01
   outer loop
     vertex 9.5982161505e-01 -2.5962556796e+00 5.5219763305e-03
     vertex 9.5982161505e-01 -3.1389324637e+00 5.5219763305e-03
     vertex 9.8414844626e-01 -2.5962556796e+00 2.2060149078e-03
   endloop
 endfacet
 facet normal  1.3505987260e-01 -0.0000000000e+00 9.9083743915e-01
   outer loop
     vertex 9.5982161505e-01 -3.1389324637e+00 5.5219763305e-03
     vertex 9.8414844626e-01 -3.1389324637e+00 2.2060149078e-03
     vertex 9.8414844626e-01 -2.5962556796e+00 2.2060149078e-03
   endloop
 endfacet
 facet normal  1.3783871552e-01 -0.0000000000e+00 9.9045468776e-01
   outer loop
     vertex 9.8414844626e-01 -2.5962556796e+00 2.2060149078e-03
     vertex 9.8414844626e-01 -3.1389324637e+00 2.2060149078e-03
     vertex 1.0000000000e+00 -2.5962556796e+00 0.0000000000e+00
   endloop
 endfacet
 facet normal  1.3783871552e-01 -0.0000000000e+00 9.9045468776e-01
   outer loop
     vertex 9.8414844626e-01 -3.1389324637e+00 2.2060149078e-03
     vertex 1.0000000000e+00 -3.1389324637e+00 0.0000000000e+00
     vertex 1.0000000000e+00 -2.5962556796e+00 0.0000000000e+00
   endloop
 endfacet
 facet normal  1.3783871552e-01 0.0000000000e+00 -9.9045468776e-01
   outer loop
     vertex 1.0000000000e+00 -3.1389324637e+00 0.0000000000e+00
     vertex 1.0000000000e+00 -3.6129769752e+00 0.0000000000e+00
     vertex 9.8414844626e-01 -3.6129769752e+00 -2.2060149078e-03
   endloop
 endfacet
 facet normal  1.3783871552e-01 0.0000000000e+00 -9.9045468776e-01
   outer loop
     vertex 1.0000000000e+00 -3.1389324637e+00 0.0000000000e+00
     vertex 9.8414844626e-01 -3.6129769752e+00 -2.2060149078e-03
     vertex 9.8414844626e-01 -3.1389324637e+00 -2.2060149078e-03
   endloop
 endfacet
 facet normal  1.3505987260e-01 0.0000000000e+00 -9.9083743915e-01
   outer loop
     vertex 9.8414844626e-01 -3.1389324637e+00 -2.2060149078e-03
     vertex 9.8414844626e-01 -3.6129769752e+00 -2.2060149078e-03
     vertex 9.5982161505e-01 -3.6129769752e+00 -5.5219763305e-03
   endloop
 endfacet
 facet normal  1.3505987260e-01 0.0000000000e+00 -9.9083743915e-01
   outer loop
     vertex 9.8414844626e-01 -3.1389324637e+00 -2.2060149078e-03
     vertex 9.5982161505e-01 -3.6129769752e+00 -5.5219763305e-03
     vertex 9.5982161505e-01 -3.1389324637e+00 -5.5219763305e-03
   endloop
 endfacet
 facet normal  1.3095350728e-01 0.0000000000e+00 -9.9138851059e-01
   outer loop
     vertex 9.5982161505e-01 -3.1389324637e+00 -5.5219763305e-03
     vertex 9.5982161505e-01 -3.6129769752e+00 -5.5219763305e-03
     vertex 9.2331020388e-01 -3.6129769752e+00 -1.0344805420e-02
   endloop
 endfacet
 facet normal  1.3095350728e-01 0.0000000000e+00 -9.9138851059e-01
   outer loop
     vertex 9.5982161505e-01 -3.1389324637e+00 -5.5219763305e-03
     vertex 9.2331020388e-01 -3.6129769752e+00 -1.0344805420e-02
     vertex 9.2331020388e-01 -3.1389324637e+00 -1.0344805420e-02
   endloop
 endfacet
 facet normal  1.2513251854e-01 0.0000000000e+00 -9.9214003689e-01
   outer loop
     vertex 9.2331020388e-01 -3.1389324637e+00 -1.0344805420e-02
     vertex 9.2331020388e-01 -3.6129769752e+00 -1.0344805420e-02
     vertex 8.7030448965e-01 -3.6129769752e+00 -1.7030090029e-02
   endloop
 endfacet
 facet normal  1.2513251854e-01 0.0000000000e+00 -9.9214003689e-01
   outer loop
     vertex 9.2331020388e-01 -3.1389324637e+00 -1.0344805420e-02
     vertex 8.7030448965e-01 -3.6129769752e+00 -1.7030090029e-02
     vertex 8.7030448965e-01 -3.1389324637e+00 -1.7030090029e-02
   endloop
 endfacet
 facet normal  1.1718870894e-01 0.0000000000e+00 -9.9310966489e-01
   outer loop
     vertex 8.7030448965e-01 -3.1389324637e+00 -1.7030090029e-02
     vertex 8.7030448965e-01 -3.6129769752e+00 -1.7030090029e-02
     vertex 7.9695803833e-01 -3.6129769752e+00 -2.5685101897e-02
   endloop
 endfacet
 facet normal  1.1718870894e-01 0.0000000000e+00 -9.9310966489e-01
   outer loop
     vertex 8.7030448965e-01 -3.1389324637e+00 -1.7030090029e-02
     vertex 7.9695803833e-01 -3.6129769752e+00 -2.5685101897e-02
     vertex 7.9695803833e-01 -3.1389324637e+00 -2.5685101897e-02
   endloop
 endfacet
 facet normal  1.0637499606e-01 0.0000000000e+00 -9.9432608344e-01
   outer loop
     vertex 7.9695803833e-01 -3.1389324637e+00 -2.5685101897e-02
     vertex 7.9695803833e-01 -3.6129769752e+00 -2.5685101897e-02
     vertex 7.0192689193e-01 -3.6129769752e+00 -3.5851724287e-02
   endloop
 endfacet
 facet normal  1.0637499606e-01 0.0000000000e+00 -9.9432608344e-01
   outer loop
     vertex 7.9695803833e-01 -3.1389324637e+00 -2.5685101897e-02
     vertex 7.0192689193e-01 -3.6129769752e+00 -3.5851724287e-02
     vertex 7.0192689193e-01 -3.1389324637e+00 -3.5851724287e-02
   endloop
 endfacet
 facet normal  9.1463328509e-02 0.0000000000e+00 -9.9580844520e-01
   outer loop
     vertex 7.0192689193e-01 -3.1389324637e+00 -3.5851724287e-02
     vertex 7.0192689193e-01 -3.6129769752e+00 -3.5851724287e-02
     vertex 5.8876378780e-01 -3.6129769752e+00 -4.6245564808e-02
   endloop
 endfacet
 facet normal  9.1463328509e-02 0.0000000000e+00 -9.9580844520e-01
   outer loop
     vertex 7.0192689193e-01 -3.1389324637e+00 -3.5851724287e-02
     vertex 5.8876378780e-01 -3.6129769752e+00 -4.6245564808e-02
     vertex 5.8876378780e-01 -3.1389324637e+00 -4.6245564808e-02
   endloop
 endfacet
 facet normal  7.0157790253e-02 0.0000000000e+00 -9.9753590635e-01
   outer loop
     vertex 5.8876378780e-01 -3.1389324637e+00 -4.6245564808e-02
     vertex 5.8876378780e-01 -3.6129769752e+00 -4.6245564808e-02
     vertex 4.6678824105e-01 -3.6129769752e+00 -5.4824238287e-02
   endloop
 endfacet
 facet normal  7.0157790253e-02 0.0000000000e+00 -9.9753590635e-01
   outer loop
     vertex 5.8876378780e-01 -3.1389324637e+00 -4.6245564808e-02
     vertex 4.6678824105e-01 -3.6129769752e+00 -5.4824238287e-02
     vertex 4.6678824105e-01 -3.1389324637e+00 -5.4824238287e-02
   endloop
 endfacet
 facet normal  3.9613515037e-02 0.0000000000e+00 -9.9921507666e-01
   outer loop
     vertex 4.6678824105e-01 -3.1389324637e+00 -5.4824238287e-02
     vertex 4.6678824105e-01 -3.6129769752e+00 -5.4824238287e-02
     vertex 3.4867161706e-01 -3.1389324637e+00 -5.9506928501e-02
   endloop
 endfacet
 facet normal  3.9613515037e-02 0.0000000000e+00 -9.9921507666e-01
   outer loop
     vertex 4.6678824105e-01 -3.6129769752e+00 -5.4824238287e-02
     vertex 3.4867161706e-01 -3.6129769752e+00 -5.9506928501e-02
     vertex 3.4867161706e-01 -3.1389324637e+00 -5.9506928501e-02
   endloop
 endfacet
 facet normal  -2.0754226775e-03 0.0000000000e+00 -9.9999784631e-01
   outer loop
     vertex 3.4867161706e-01 -3.1389324637e+00 -5.9506928501e-02
     vertex 3.4867161706e-01 -3.6129769752e+00 -5.9506928501e-02
     vertex 2.4565152047e-01 -3.1389324637e+00 -5.9293117796e-02
   endloop
 endfacet
 facet normal  -2.0754226775e-03 0.0000000000e+00 -9.9999784631e-01
   outer loop
     vertex 3.4867161706e-01 -3.6129769752e+00 -5.9506928501e-02
     vertex 2.4565152047e-01 -3.6129769752e+00 -5.9293117796e-02
     vertex 2.4565152047e-01 -3.1389324637e+00 -5.9293117796e-02
   endloop
 endfacet
 facet normal  -5.5453819818e-02 0.0000000000e+00 -9.9846125306e-01
   outer loop
     vertex 2.4565152047e-01 -3.1389324637e+00 -5.9293117796e-02
     vertex 2.4565152047e-01 -3.6129769752e+00 -5.9293117796e-02
     vertex 1.6380190832e-01 -3.1389324637e+00 -5.4747249210e-02
   endloop
 endfacet
 facet normal  -5.5453819818e-02 -1.4615118484e-17 -9.9846125306e-01
   outer loop
     vertex 2.4565152047e-01 -3.6129769752e+00 -5.9293117796e-02
     vertex 1.6380190832e-01 -3.6129769752e+00 -5.4747249210e-02
     vertex 1.6380190832e-01 -3.1389324637e+00 -5.4747249210e-02
   endloop
 endfacet
 facet normal  -1.2076702739e-01 -1.4530507420e-17 -9.9268087777e-01
   outer loop
     vertex 1.6380190832e-01 -3.1389324637e+00 -5.4747249210e-02
     vertex 1.6380190832e-01 -3.6129769752e+00 -5.4747249210e-02
     vertex 1.0361138312e-01 -3.1389324637e+00 -4.7424623209e-02
   endloop
 endfacet
 facet normal  -1.2076702739e-01 3.5354890517e-18 -9.9268087777e-01
   outer loop
     vertex 1.6380190832e-01 -3.6129769752e+00 -5.4747249210e-02
     vertex 1.0361138312e-01 -3.6129769752e+00 -4.7424623209e-02
     vertex 1.0361138312e-01 -3.1389324637e+00 -4.7424623209e-02
   endloop
 endfacet
 facet normal  -2.0023240962e-01 5.8618607023e-18 -9.7974842798e-01
   outer loop
     vertex 1.0361138312e-01 -3.1389324637e+00 -4.7424623209e-02
     vertex 1.0361138312e-01 -3.6129769752e+00 -4.7424623209e-02
     vertex 6.2004804867e-02 -3.1389324637e+00 -3.8921434858e-02
   endloop
 endfacet
 facet normal  -2.0023240962e-01 0.0000000000e+00 -9.7974842798e-01
   outer loop
     vertex 1.0361138312e-01 -3.6129769752e+00 -4.7424623209e-02
     vertex 6.2004804867e-02 -3.6129769752e+00 -3.8921434858e-02
     vertex 6.2004804867e-02 -3.1389324637e+00 -3.8921434858e-02
   endloop
 endfacet
 facet normal  -2.9935221327e-01 0.0000000000e+00 -9.5414267927e-01
   outer loop
     vertex 6.2004804867e-02 -3.1389324637e+00 -3.8921434858e-02
     vertex 6.2004804867e-02 -3.6129769752e+00 -3.8921434858e-02
     vertex 3.4701656177e-02 -3.1389324637e+00 -3.0355359608e-02
   endloop
 endfacet
 facet normal  -2.9935221327e-01 0.0000000000e+00 -9.5414267927e-01
   outer loop
     vertex 6.2004804867e-02 -3.6129769752e+00 -3.8921434858e-02
     vertex 3.4701656177e-02 -3.6129769752e+00 -3.0355359608e-02
     vertex 3.4701656177e-02 -3.1389324637e+00 -3.0355359608e-02
   endloop
 endfacet
 facet normal  -4.2610378432e-01 0.0000000000e+00 -9.0467428669e-01
   outer loop
     vertex 3.4701656177e-02 -3.1389324637e+00 -3.0355359608e-02
     vertex 3.4701656177e-02 -3.6129769752e+00 -3.0355359608e-02
     vertex 1.7711394777e-02 -3.1389324637e+00 -2.2352905260e-02
   endloop
 endfacet
 facet normal  -4.2610378432e-01 0.0000000000e+00 -9.0467428669e-01
   outer loop
     vertex 3.4701656177e-02 -3.6129769752e+00 -3.0355359608e-02
     vertex 1.7711394777e-02 -3.6129769752e+00 -2.2352905260e-02
     vertex 1.7711394777e-02 -3.1389324637e+00 -2.2352905260e-02
   endloop
 endfacet
 facet normal  -5.8540728658e-01 0.0000000000e+00 -8.1073935937e-01
   outer loop
     vertex 1.7711394777e-02 -3.1389324637e+00 -2.2352905260e-02
     vertex 1.7711394777e-02 -3.6129769752e+00 -2.2352905260e-02
     vertex 7.8928270998e-03 -3.1389324637e+00 -1.5263251853e-02
   endloop
 endfacet
 facet normal  -5.8540728658e-01 0.0000000000e+00 -8.1073935937e-01
   outer loop
     vertex 1.7711394777e-02 -3.6129769752e+00 -2.2352905260e-02
     vertex 7.8928270998e-03 -3.6129769752e+00 -1.5263251853e-02
     vertex 7.8928270998e-03 -3.1389324637e+00 -1.5263251853e-02
   endloop
 endfacet
 facet normal  -7.6128093626e-01 0.0000000000e+00 -6.4842218969e-01
   outer loop
     vertex 7.8928270998e-03 -3.1389324637e+00 -1.5263251853e-02
     vertex 7.8928270998e-03 -3.6129769752e+00 -1.5263251853e-02
     vertex 2.8852305479e-03 -3.1389324637e+00 -9.3840764449e-03
   endloop
 endfacet
 facet normal  -7.6128093626e-01 0.0000000000e+00 -6.4842218969e-01
   outer loop
     vertex 7.8928270998e-03 -3.6129769752e+00 -1.5263251853e-02
     vertex 2.8852305479e-03 -3.6129769752e+00 -9.3840764449e-03
     vertex 2.8852305479e-03 -3.1389324637e+00 -9.3840764449e-03
   endloop
 endfacet
 facet normal  -9.0355742872e-01 0.0000000000e+00 -4.2846700341e-01
   outer loop
     vertex 2.8852305479e-03 -3.1389324637e+00 -9.3840764449e-03
     vertex 2.8852305479e-03 -3.6129769752e+00 -9.3840764449e-03
     vertex 7.8807384983e-04 -3.1389324637e+00 -4.9615619954e-03
   endloop
 endfacet
 facet normal  -9.0355742872e-01 0.0000000000e+00 -4.2846700341e-01
   outer loop
     vertex 2.8852305479e-03 -3.6129769752e+00 -9.3840764449e-03
     vertex 7.8807384983e-04 -3.6129769752e+00 -4.9615619954e-03
     vertex 7.8807384983e-04 -3.1389324637e+00 -4.9615619954e-03
   endloop
 endfacet
 facet normal  -9.7629917451e-01 0.0000000000e+00 -2.1642532625e-01
   outer loop
     vertex 7.8807384983e-04 -3.1389324637e+00 -4.9615619954e-03
     vertex 7.8807384983e-04 -3.6129769752e+00 -4.9615619954e-03
     vertex 1.1903597513e-04 -3.1389324637e+00 -1.9435181458e-03
   endloop
 endfacet
 facet normal  -9.7629917451e-01 5.5823116836e-20 -2.1642532625e-01
   outer loop
     vertex 7.8807384983e-04 -3.6129769752e+00 -4.9615619954e-03
     vertex 1.1903597513e-04 -3.6129769752e+00 -1.9435181458e-03
     vertex 1.1903597513e-04 -3.1389324637e+00 -1.9435181458e-03
   endloop
 endfacet
 facet normal  -9.9812962151e-01 5.7071344454e-20 -6.1133122455e-02
   outer loop
     vertex 1.1903597513e-04 -3.1389324637e+00 -1.9435181458e-03
     vertex 1.1903597513e-04 -3.6129769752e+00 -1.9435181458e-03
     vertex 0.0000000000e+00 -3.1389324637e+00 0.0000000000e+00
   endloop
 endfacet
 facet normal  -9.9812962151e-01 0.0000000000e+00 -6.1133122455e-02
   outer loop
     vertex 1.1903597513e-04 -3.6129769752e+00 -1.9435181458e-03
     vertex 0.0000000000e+00 -3.6129769752e+00 0.0000000000e+00
     vertex 0.0000000000e+00 -3.1389324637e+00 0.0000000000e+00
   endloop
 endfacet
 facet normal  -9.9812962151e-01 0.0000000000e+00 6.1133122455e-02
   outer loop
     vertex 0.0000000000e+00 -3.1389324637e+00 0.0000000000e+00
     vertex 0.0000000000e+00 -3.6129769752e+00 0.0000000000e+00
     vertex 1.1903597513e-04 -3.6129769752e+00 1.9435181458e-03
   endloop
 endfacet
 facet normal  -9.9812962151e-01 2.7963898989e-20 6.1133122455e-02
   outer loop
     vertex 0.0000000000e+00 -3.1389324637e+00 0.0000000000e+00
     vertex 1.1903597513e-04 -3.6129769752e+00 1.9435181458e-03
     vertex 1.1903597513e-04 -3.1389324637e+00 1.9435181458e-03
   endloop
 endfacet
 facet normal  -9.7629917451e-01 9.8998639671e-20 2.1642532625e-01
   outer loop
     vertex 1.1903597513e-04 -3.1389324637e+00 1.9435181458e-03
     vertex 1.1903597513e-04 -3.6129769752e+00 1.9435181458e-03
     vertex 7.8807384983e-04 -3.6129769752e+00 4.9615619954e-03
   endloop
 endfacet
 facet normal  -9.7629917451e-01 2.2329246734e-19 2.1642532625e-01
   outer loop
     vertex 1.1903597513e-04 -3.1389324637e+00 1.9435181458e-03
     vertex 7.8807384983e-04 -3.6129769752e+00 4.9615619954e-03
     vertex 7.8807384983e-04 -3.1389324637e+00 4.9615619954e-03
   endloop
 endfacet
 facet normal  -9.0355742872e-01 2.0665547295e-19 4.2846700341e-01
   outer loop
     vertex 7.8807384983e-04 -3.1389324637e+00 4.9615619954e-03
     vertex 7.8807384983e-04 -3.6129769752e+00 4.9615619954e-03
     vertex 2.8852305479e-03 -3.6129769752e+00 9.3840764449e-03
   endloop
 endfacet
 facet normal  -9.0355742872e-01 0.0000000000e+00 4.2846700341e-01
   outer loop
     vertex 7.8807384983e-04 -3.1389324637e+00 4.9615619954e-03
     vertex 2.8852305479e-03 -3.6129769752e+00 9.3840764449e-03
     vertex 2.8852305479e-03 -3.1389324637e+00 9.3840764449e-03
   endloop
 endfacet
 facet normal  -7.6128093626e-01 0.0000000000e+00 6.4842218969e-01
   outer loop
     vertex 2.8852305479e-03 -3.1389324637e+00 9.3840764449e-03
     vertex 2.8852305479e-03 -3.6129769752e+00 9.3840764449e-03
     vertex 7.8928270998e-03 -3.6129769752e+00 1.5263251853e-02
   endloop
 endfacet
 facet normal  -7.6128093626e-01 0.0000000000e+00 6.4842218969e-01
   outer loop
     vertex 2.8852305479e-03 -3.1389324637e+00 9.3840764449e-03
     vertex 7.8928270998e-03 -3.6129769752e+00 1.5263251853e-02
     vertex 7.8928270998e-03 -3.1389324637e+00 1.5263251853e-02
   endloop
 endfacet
 facet normal  -5.8540728658e-01 0.0000000000e+00 8.1073935937e-01
   outer loop
     vertex 7.8928270998e-03 -3.1389324637e+00 1.5263251853e-02
     vertex 7.8928270998e-03 -3.6129769752e+00 1.5263251853e-02
     vertex 1.7711394777e-02 -3.6129769752e+00 2.2352905260e-02
   endloop
 endfacet
 facet normal  -5.8540728658e-01 0.0000000000e+00 8.1073935937e-01
   outer loop
     vertex 7.8928270998e-03 -3.1389324637e+00 1.5263251853e-02
     vertex 1.7711394777e-02 -3.6129769752e+00 2.2352905260e-02
     vertex 1.7711394777e-02 -3.1389324637e+00 2.2352905260e-02
   endloop
 endfacet
 facet normal  -4.2610378432e-01 0.0000000000e+00 9.0467428669e-01
   outer loop
     vertex 1.7711394777e-02 -3.1389324637e+00 2.2352905260e-02
     vertex 1.7711394777e-02 -3.6129769752e+00 2.2352905260e-02
     vertex 3.4701656177e-02 -3.6129769752e+00 3.0355359608e-02
   endloop
 endfacet
 facet normal  -4.2610378432e-01 -6.6211492179e-18 9.0467428669e-01
   outer loop
     vertex 1.7711394777e-02 -3.1389324637e+00 2.2352905260e-02
     vertex 3.4701656177e-02 -3.6129769752e+00 3.0355359608e-02
     vertex 3.4701656177e-02 -3.1389324637e+00 3.0355359608e-02
   endloop
 endfacet
 facet normal  -2.9935221327e-01 -6.9831995311e-18 9.5414267927e-01
   outer loop
     vertex 3.4701656177e-02 -3.1389324637e+00 3.0355359608e-02
     vertex 3.4701656177e-02 -3.6129769752e+00 3.0355359608e-02
     vertex 6.2004804867e-02 -3.6129769752e+00 3.8921434858e-02
   endloop
 endfacet
 facet normal  -2.9935221327e-01 0.0000000000e+00 9.5414267927e-01
   outer loop
     vertex 3.4701656177e-02 -3.1389324637e+00 3.0355359608e-02
     vertex 6.2004804867e-02 -3.6129769752e+00 3.8921434858e-02
     vertex 6.2004804867e-02 -3.1389324637e+00 3.8921434858e-02
   endloop
 endfacet
 facet normal  -2.0023240962e-01 0.0000000000e+00 9.7974842798e-01
   outer loop
     vertex 6.2004804867e-02 -3.1389324637e+00 3.8921434858e-02
     vertex 6.2004804867e-02 -3.6129769752e+00 3.8921434858e-02
     vertex 1.0361138312e-01 -3.6129769752e+00 4.7424623209e-02
   endloop
 endfacet
 facet normal  -2.0023240962e-01 0.0000000000e+00 9.7974842798e-01
   outer loop
     vertex 6.2004804867e-02 -3.1389324637e+00 3.8921434858e-02
     vertex 1.0361138312e-01 -3.6129769752e+00 4.7424623209e-02
     vertex 1.0361138312e-01 -3.1389324637e+00 4.7424623209e-02
   endloop
 endfacet
 facet normal  -1.2076702739e-01 0.0000000000e+00 9.9268087777e-01
   outer loop
     vertex 1.0361138312e-01 -3.1389324637e+00 4.7424623209e-02
     vertex 1.0361138312e-01 -3.6129769752e+00 4.7424623209e-02
     vertex 1.6380190832e-01 -3.6129769752e+00 5.4747249210e-02
   endloop
 endfacet
 facet normal  -1.2076702739e-01 0.0000000000e+00 9.9268087777e-01
   outer loop
     vertex 1.0361138312e-01 -3.1389324637e+00 4.7424623209e-02
     vertex 1.6380190832e-01 -3.6129769752e+00 5.4747249210e-02
     vertex 1.6380190832e-01 -3.1389324637e+00 5.4747249210e-02
   endloop
 endfacet
 facet normal  -5.5453819818e-02 0.0000000000e+00 9.9846125306e-01
   outer loop
     vertex 1.6380190832e-01 -3.1389324637e+00 5.4747249210e-02
     vertex 1.6380190832e-01 -3.6129769752e+00 5.4747249210e-02
     vertex 2.4565152047e-01 -3.6129769752e+00 5.9293117796e-02
   endloop
 endfacet
 facet normal  -5.5453819818e-02 0.0000000000e+00 9.9846125306e-01
   outer loop
     vertex 1.6380190832e-01 -3.1389324637e+00 5.4747249210e-02
     vertex 2.4565152047e-01 -3.6129769752e+00 5.9293117796e-02
     vertex 2.4565152047e-01 -3.1389324637e+00 5.9293117796e-02
   endloop
 endfacet
 facet normal  -2.0754226775e-03 0.0000000000e+00 9.9999784631e-01
   outer loop
     vertex 2.4565152047e-01 -3.1389324637e+00 5.9293117796e-02
     vertex 2.4565152047e-01 -3.6129769752e+00 5.9293117796e-02
     vertex 3.4867161706e-01 -3.6129769752e+00 5.9506928501e-02
   endloop
 endfacet
 facet normal  -2.0754226775e-03 0.0000000000e+00 9.9999784631e-01
   outer loop
     vertex 2.4565152047e-01 -3.1389324637e+00 5.9293117796e-02
     vertex 3.4867161706e-01 -3.6129769752e+00 5.9506928501e-02
     vertex 3.4867161706e-01 -3.1389324637e+00 5.9506928501e-02
   endloop
 endfacet
 facet normal  3.9613515037e-02 -0.0000000000e+00 9.9921507666e-01
   outer loop
     vertex 3.4867161706e-01 -3.1389324637e+00 5.9506928501e-02
     vertex 3.4867161706e-01 -3.6129769752e+00 5.9506928501e-02
     vertex 4.6678824105e-01 -3.6129769752e+00 5.4824238287e-02
   endloop
 endfacet
 facet normal  3.9613515037e-02 -0.0000000000e+00 9.9921507666e-01
   outer loop
     vertex 3.4867161706e-01 -3.1389324637e+00 5.9506928501e-02
     vertex 4.6678824105e-01 -3.6129769752e+00 5.4824238287e-02
     vertex 4.6678824105e-01 -3.1389324637e+00 5.4824238287e-02
   endloop
 endfacet
 facet normal  7.0157790253e-02 -0.0000000000e+00 9.9753590635e-01
   outer loop
     vertex 4.6678824105e-01 -3.1389324637e+00 5.4824238287e-02
     vertex 4.6678824105e-01 -3.6129769752e+00 5.4824238287e-02
     vertex 5.8876378780e-01 -3.1389324637e+00 4.6245564808e-02
   endloop
 endfacet
 facet normal  7.0157790253e-02 -0.0000000000e+00 9.9753590635e-01
   outer loop
     vertex 4.6678824105e-01 -3.6129769752e+00 5.4824238287e-02
     vertex 5.8876378780e-01 -3.6129769752e+00 4.6245564808e-02
     vertex 5.8876378780e-01 -3.1389324637e+00 4.6245564808e-02
   endloop
 endfacet
 facet normal  9.1463328509e-02 -0.0000000000e+00 9.9580844520e-01
   outer loop
     vertex 5.8876378780e-01 -3.1389324637e+00 4.6245564808e-02
     vertex 5.8876378780e-01 -3.6129769752e+00 4.6245564808e-02
     vertex 7.0192689193e-01 -3.1389324637e+00 3.5851724287e-02
   endloop
 endfacet
 facet normal  9.1463328509e-02 -0.0000000000e+00 9.9580844520e-01
   outer loop
     vertex 5.8876378780e-01 -3.6129769752e+00 4.6245564808e-02
     vertex 7.0192689193e-01 -3.6129769752e+00 3.5851724287e-02
     vertex 7.0192689193e-01 -3.1389324637e+00 3.5851724287e-02
   endloop
 endfacet
 facet normal  1.0637499606e-01 -0.0000000000e+00 9.9432608344e-01
   outer loop
     vertex 7.0192689193e-01 -3.1389324637e+00 3.5851724287e-02
     vertex 7.0192689193e-01 -3.6129769752e+00 3.5851724287e-02
     vertex 7.9695803833e-01 -3.1389324637e+00 2.5685101897e-02
   endloop
 endfacet
 facet normal  1.0637499606e-01 -0.0000000000e+00 9.9432608344e-01
   outer loop
     vertex 7.0192689193e-01 -3.6129769752e+00 3.5851724287e-02
     vertex 7.9695803833e-01 -3.6129769752e+00 2.5685101897e-02
     vertex 7.9695803833e-01 -3.1389324637e+00 2.5685101897e-02
   endloop
 endfacet
 facet normal  1.1718870894e-01 -0.0000000000e+00 9.9310966489e-01
   outer loop
     vertex 7.9695803833e-01 -3.1389324637e+00 2.5685101897e-02
     vertex 7.9695803833e-01 -3.6129769752e+00 2.5685101897e-02
     vertex 8.7030448965e-01 -3.1389324637e+00 1.7030090029e-02
   endloop
 endfacet
 facet normal  1.1718870894e-01 2.7445862094e-17 9.9310966489e-01
   outer loop
     vertex 7.9695803833e-01 -3.6129769752e+00 2.5685101897e-02
     vertex 8.7030448965e-01 -3.6129769752e+00 1.7030090029e-02
     vertex 8.7030448965e-01 -3.1389324637e+00 1.7030090029e-02
   endloop
 endfacet
 facet normal  1.2513251854e-01 2.9306320366e-17 9.9214003689e-01
   outer loop
     vertex 8.7030448965e-01 -3.1389324637e+00 1.7030090029e-02
     vertex 8.7030448965e-01 -3.6129769752e+00 1.7030090029e-02
     vertex 9.2331020388e-01 -3.1389324637e+00 1.0344805420e-02
   endloop
 endfacet
 facet normal  1.2513251854e-01 -2.9306320366e-17 9.9214003689e-01
   outer loop
     vertex 8.7030448965e-01 -3.6129769752e+00 1.7030090029e-02
     vertex 9.2331020388e-01 -3.6129769752e+00 1.0344805420e-02
     vertex 9.2331020388e-01 -3.1389324637e+00 1.0344805420e-02
   endloop
 endfacet
 facet normal  1.3095350728e-01 -3.0669609165e-17 9.9138851059e-01
   outer loop
     vertex 9.2331020388e-01 -3.1389324637e+00 1.0344805420e-02
     vertex 9.2331020388e-01 -3.6129769752e+00 1.0344805420e-02
     vertex 9.5982161505e-01 -3.1389324637e+00 5.5219763305e-03
   endloop
 endfacet
 facet normal  1.3095350728e-01 -0.0000000000e+00 9.9138851059e-01
   outer loop
     vertex 9.2331020388e-01 -3.6129769752e+00 1.0344805420e-02
     vertex 9.5982161505e-01 -3.6129769752e+00 5.5219763305e-03
     vertex 9.5982161505e-01 -3.1389324637e+00 5.5219763305e-03
   endloop
 endfacet
 facet normal  1.3505987260e-01 -0.0000000000e+00 9.9083743915e-01
   outer loop
     vertex 9.5982161505e-01 -3.1389324637e+00 5.5219763305e-03
     vertex 9.5982161505e-01 -3.6129769752e+00 5.5219763305e-03
     vertex 9.8414844626e-01 -3.1389324637e+00 2.2060149078e-03
   endloop
 endfacet
 facet normal  1.3505987260e-01 -0.0000000000e+00 9.9083743915e-01
   outer loop
     vertex 9.5982161505e-01 -3.6129769752e+00 5.5219763305e-03
     vertex 9.8414844626e-01 -3.6129769752e+00 2.2060149078e-03
     vertex 9.8414844626e-01 -3.1389324637e+00 2.2060149078e-03
   endloop
 endfacet
 facet normal  1.3783871552e-01 -0.0000000000e+00 9.9045468776e-01
   outer loop
     vertex 9.8414844626e-01 -3.1389324637e+00 2.2060149078e-03
     vertex 9.8414844626e-01 -3.6129769752e+00 2.2060149078e-03
     vertex 1.0000000000e+00 -3.1389324637e+00 0.0000000000e+00
   endloop
 endfacet
 facet normal  1.3783871552e-01 -0.0000000000e+00 9.9045468776e-01
   outer loop
     vertex 9.8414844626e-01 -3.6129769752e+00 2.2060149078e-03
     vertex 1.0000000000e+00 -3.6129769752e+00 0.0000000000e+00
     vertex 1.0000000000e+00 -3.1389324637e+00 0.0000000000e+00
   endloop
 endfacet
 facet normal  1.3783871552e-01 0.0000000000e+00 -9.9045468776e-01
   outer loop
     vertex 1.0000000000e+00 -3.6129769752e+00 0.0000000000e+00
     vertex 1.0000000000e+00 -4.0045664100e+00 0.0000000000e+00
     vertex 9.8414844626e-01 -4.0045664100e+00 -2.2060149078e-03
   endloop
 endfacet
 facet normal  1.3783871552e-01 0.0000000000e+00 -9.9045468776e-01
   outer loop
     vertex 1.0000000000e+00 -3.6129769752e+00 0.0000000000e+00
     vertex 9.8414844626e-01 -4.0045664100e+00 -2.2060149078e-03
     vertex 9.8414844626e-01 -3.6129769752e+00 -2.2060149078e-03
   endloop
 endfacet
 facet normal  1.3505987260e-01 0.0000000000e+00 -9.9083743915e-01
   outer loop
     vertex 9.8414844626e-01 -3.6129769752e+00 -2.2060149078e-03
     vertex 9.8414844626e-01 -4.0045664100e+00 -2.2060149078e-03
     vertex 9.5982161505e-01 -4.0045664100e+00 -5.5219763305e-03
   endloop
 endfacet
 facet normal  1.3505987260e-01 0.0000000000e+00 -9.9083743915e-01
   outer loop
     vertex 9.8414844626e-01 -3.6129769752e+00 -2.2060149078e-03
     vertex 9.5982161505e-01 -4.0045664100e+00 -5.5219763305e-03
     vertex 9.5982161505e-01 -3.6129769752e+00 -5.5219763305e-03
   endloop
 endfacet
 facet normal  1.3095350728e-01 0.0000000000e+00 -9.9138851059e-01
   outer loop
     vertex 9.5982161505e-01 -3.6129769752e+00 -5.5219763305e-03
     vertex 9.5982161505e-01 -4.0045664100e+00 -5.5219763305e-03
     vertex 9.2331020388e-01 -4.0045664100e+00 -1.0344805420e-02
   endloop
 endfacet
 facet normal  1.3095350728e-01 0.0000000000e+00 -9.9138851059e-01
   outer loop
     vertex 9.5982161505e-01 -3.6129769752e+00 -5.5219763305e-03
     vertex 9.2331020388e-01 -4.0045664100e+00 -1.0344805420e-02
     vertex 9.2331020388e-01 -3.6129769752e+00 -1.0344805420e-02
   endloop
 endfacet
 facet normal  1.2513251854e-01 0.0000000000e+00 -9.9214003689e-01
   outer loop
     vertex 9.2331020388e-01 -3.6129769752e+00 -1.0344805420e-02
     vertex 9.2331020388e-01 -4.0045664100e+00 -1.0344805420e-02
     vertex 8.7030448965e-01 -4.0045664100e+00 -1.7030090029e-02
   endloop
 endfacet
 facet normal  1.2513251854e-01 0.0000000000e+00 -9.9214003689e-01
   outer loop
     vertex 9.2331020388e-01 -3.6129769752e+00 -1.0344805420e-02
     vertex 8.7030448965e-01 -4.0045664100e+00 -1.7030090029e-02
     vertex 8.7030448965e-01 -3.6129769752e+00 -1.7030090029e-02
   endloop
 endfacet
 facet normal  1.1718870894e-01 0.0000000000e+00 -9.9310966489e-01
   outer loop
     vertex 8.7030448965e-01 -3.6129769752e+00 -1.7030090029e-02
     vertex 8.7030448965e-01 -4.0045664100e+00 -1.7030090029e-02
     vertex 7.9695803833e-01 -4.0045664100e+00 -2.5685101897e-02
   endloop
 endfacet
 facet normal  1.1718870894e-01 0.0000000000e+00 -9.9310966489e-01
   outer loop
     vertex 8.7030448965e-01 -3.6129769752e+00 -1.7030090029e-02
     vertex 7.9695803833e-01 -4.0045664100e+00 -2.5685101897e-02
     vertex 7.9695803833e-01 -3.6129769752e+00 -2.5685101897e-02
   endloop
 endfacet
 facet normal  1.0637499606e-01 0.0000000000e+00 -9.9432608344e-01
   outer loop
     vertex 7.9695803833e-01 -3.6129769752e+00 -2.5685101897e-02
     vertex 7.9695803833e-01 -4.0045664100e+00 -2.5685101897e-02
     vertex 7.0192689193e-01 -4.0045664100e+00 -3.5851724287e-02
   endloop
 endfacet
 facet normal  1.0637499606e-01 0.0000000000e+00 -9.9432608344e-01
   outer loop
     vertex 7.9695803833e-01 -3.6129769752e+00 -2.5685101897e-02
     vertex 7.0192689193e-01 -4.0045664100e+00 -3.5851724287e-02
     vertex 7.0192689193e-01 -3.6129769752e+00 -3.5851724287e-02
   endloop
 endfacet
 facet normal  9.1463328509e-02 0.0000000000e+00 -9.9580844520e-01
   outer loop
     vertex 7.0192689193e-01 -3.6129769752e+00 -3.5851724287e-02
     vertex 7.0192689193e-01 -4.0045664100e+00 -3.5851724287e-02
     vertex 5.8876378780e-01 -4.0045664100e+00 -4.6245564808e-02
   endloop
 endfacet
 facet normal  9.1463328509e-02 0.0000000000e+00 -9.9580844520e-01
   outer loop
     vertex 7.0192689193e-01 -3.6129769752e+00 -3.5851724287e-02
     vertex 5.8876378780e-01 -4.0045664100e+00 -4.6245564808e-02
     vertex 5.8876378780e-01 -3.6129769752e+00 -4.6245564808e-02
   endloop
 endfacet
 facet normal  7.0157790253e-02 0.0000000000e+00 -9.9753590635e-01
   outer loop
     vertex 5.8876378780e-01 -3.6129769752e+00 -4.6245564808e-02
     vertex 5.8876378780e-01 -4.0045664100e+00 -4.6245564808e-02
     vertex 4.6678824105e-01 -4.0045664100e+00 -5.4824238287e-02
   endloop
 endfacet
 facet normal  7.0157790253e-02 0.0000000000e+00 -9.9753590635e-01
   outer loop
     vertex 5.8876378780e-01 -3.6129769752e+00 -4.6245564808e-02
     vertex 4.6678824105e-01 -4.0045664100e+00 -5.4824238287e-02
     vertex 4.6678824105e-01 -3.6129769752e+00 -5.4824238287e-02
   endloop
 endfacet
 facet normal  3.9613515037e-02 0.0000000000e+00 -9.9921507666e-01
   outer loop
     vertex 4.6678824105e-01 -3.6129769752e+00 -5.4824238287e-02
     vertex 4.6678824105e-01 -4.0045664100e+00 -5.4824238287e-02
     vertex 3.4867161706e-01 -3.6129769752e+00 -5.9506928501e-02
   endloop
 endfacet
 facet normal  3.9613515037e-02 0.0000000000e+00 -9.9921507666e-01
   outer loop
     vertex 4.6678824105e-01 -4.0045664100e+00 -5.4824238287e-02
     vertex 3.4867161706e-01 -4.0045664100e+00 -5.9506928501e-02
     vertex 3.4867161706e-01 -3.6129769752e+00 -5.9506928501e-02
   endloop
 endfacet
 facet normal  -2.0754226775e-03 0.0000000000e+00 -9.9999784631e-01
   outer loop
     vertex 3.4867161706e-01 -3.6129769752e+00 -5.9506928501e-02
     vertex 3.4867161706e-01 -4.0045664100e+00 -5.9506928501e-02
     vertex 2.4565152047e-01 -3.6129769752e+00 -5.9293117796e-02
   endloop
 endfacet
 facet normal  -2.0754226775e-03 0.0000000000e+00 -9.9999784631e-01
   outer loop
     vertex 3.4867161706e-01 -4.0045664100e+00 -5.9506928501e-02
     vertex 2.4565152047e-01 -4.0045664100e+00 -5.9293117796e-02
     vertex 2.4565152047e-01 -3.6129769752e+00 -5.9293117796e-02
   endloop
 endfacet
 facet normal  -5.5453819818e-02 0.0000000000e+00 -9.9846125306e-01
   outer loop
     vertex 2.4565152047e-01 -3.6129769752e+00 -5.9293117796e-02
     vertex 2.4565152047e-01 -4.0045664100e+00 -5.9293117796e-02
     vertex 1.6380190832e-01 -3.6129769752e+00 -5.4747249210e-02
   endloop
 endfacet
 facet normal  -5.5453819818e-02 0.0000000000e+00 -9.9846125306e-01
   outer loop
     vertex 2.4565152047e-01 -4.0045664100e+00 -5.9293117796e-02
     vertex 1.6380190832e-01 -4.0045664100e+00 -5.4747249210e-02
     vertex 1.6380190832e-01 -3.6129769752e+00 -5.4747249210e-02
   endloop
 endfacet
 facet normal  -1.2076702739e-01 0.0000000000e+00 -9.9268087777e-01
   outer loop
     vertex 1.6380190832e-01 -3.6129769752e+00 -5.4747249210e-02
     vertex 1.6380190832e-01 -4.0045664100e+00 -5.4747249210e-02
     vertex 1.0361138312e-01 -3.6129769752e+00 -4.7424623209e-02
   endloop
 endfacet
 facet normal  -1.2076702739e-01 0.0000000000e+00 -9.9268087777e-01
   outer loop
     vertex 1.6380190832e-01 -4.0045664100e+00 -5.4747249210e-02
     vertex 1.0361138312e-01 -4.0045664100e+00 -4.7424623209e-02
     vertex 1.0361138312e-01 -3.6129769752e+00 -4.7424623209e-02
   endloop
 endfacet
 facet normal  -2.0023240962e-01 0.0000000000e+00 -9.7974842798e-01
   outer loop
     vertex 1.0361138312e-01 -3.6129769752e+00 -4.7424623209e-02
     vertex 1.0361138312e-01 -4.0045664100e+00 -4.7424623209e-02
     vertex 6.2004804867e-02 -3.6129769752e+00 -3.8921434858e-02
   endloop
 endfacet
 facet normal  -2.0023240962e-01 3.5480820546e-18 -9.7974842798e-01
   outer loop
     vertex 1.0361138312e-01 -4.0045664100e+00 -4.7424623209e-02
     vertex 6.2004804867e-02 -4.0045664100e+00 -3.8921434858e-02
     vertex 6.2004804867e-02 -3.6129769752e+00 -3.8921434858e-02
   endloop
 endfacet
 facet normal  -2.9935221327e-01 5.3044670338e-18 -9.5414267927e-01
   outer loop
     vertex 6.2004804867e-02 -3.6129769752e+00 -3.8921434858e-02
     vertex 6.2004804867e-02 -4.0045664100e+00 -3.8921434858e-02
     vertex 3.4701656177e-02 -3.6129769752e+00 -3.0355359608e-02
   endloop
 endfacet
 facet normal  -2.9935221327e-01 0.0000000000e+00 -9.5414267927e-01
   outer loop
     vertex 6.2004804867e-02 -4.0045664100e+00 -3.8921434858e-02
     vertex 3.4701656177e-02 -4.0045664100e+00 -3.0355359608e-02
     vertex 3.4701656177e-02 -3.6129769752e+00 -3.0355359608e-02
   endloop
 endfacet
 facet normal  -4.2610378432e-01 0.0000000000e+00 -9.0467428669e-01
   outer loop
     vertex 3.4701656177e-02 -3.6129769752e+00 -3.0355359608e-02
     vertex 3.4701656177e-02 -4.0045664100e+00 -3.0355359608e-02
     vertex 1.7711394777e-02 -3.6129769752e+00 -2.2352905260e-02
   endloop
 endfacet
 facet normal  -4.2610378432e-01 0.0000000000e+00 -9.0467428669e-01
   outer loop
     vertex 3.4701656177e-02 -4.0045664100e+00 -3.0355359608e-02
     vertex 1.7711394777e-02 -4.0045664100e+00 -2.2352905260e-02
     vertex 1.7711394777e-02 -3.6129769752e+00 -2.2352905260e-02
   endloop
 endfacet
 facet normal  -5.8540728658e-01 0.0000000000e+00 -8.1073935937e-01
   outer loop
     vertex 1.7711394777e-02 -3.6129769752e+00 -2.2352905260e-02
     vertex 1.7711394777e-02 -4.0045664100e+00 -2.2352905260e-02
     vertex 7.8928270998e-03 -3.6129769752e+00 -1.5263251853e-02
   endloop
 endfacet
 facet normal  -5.8540728658e-01 0.0000000000e+00 -8.1073935937e-01
   outer loop
     vertex 1.7711394777e-02 -4.0045664100e+00 -2.2352905260e-02
     vertex 7.8928270998e-03 -4.0045664100e+00 -1.5263251853e-02
     vertex 7.8928270998e-03 -3.6129769752e+00 -1.5263251853e-02
   endloop
 endfacet
 facet normal  -7.6128093626e-01 0.0000000000e+00 -6.4842218969e-01
   outer loop
     vertex 7.8928270998e-03 -3.6129769752e+00 -1.5263251853e-02
     vertex 7.8928270998e-03 -4.0045664100e+00 -1.5263251853e-02
     vertex 2.8852305479e-03 -3.6129769752e+00 -9.3840764449e-03
   endloop
 endfacet
 facet normal  -7.6128093626e-01 0.0000000000e+00 -6.4842218969e-01
   outer loop
     vertex 7.8928270998e-03 -4.0045664100e+00 -1.5263251853e-02
     vertex 2.8852305479e-03 -4.0045664100e+00 -9.3840764449e-03
     vertex 2.8852305479e-03 -3.6129769752e+00 -9.3840764449e-03
   endloop
 endfacet
 facet normal  -9.0355742872e-01 0.0000000000e+00 -4.2846700341e-01
   outer loop
     vertex 2.8852305479e-03 -3.6129769752e+00 -9.3840764449e-03
     vertex 2.8852305479e-03 -4.0045664100e+00 -9.3840764449e-03
     vertex 7.8807384983e-04 -3.6129769752e+00 -4.9615619954e-03
   endloop
 endfacet
 facet normal  -9.0355742872e-01 0.0000000000e+00 -4.2846700341e-01
   outer loop
     vertex 2.8852305479e-03 -4.0045664100e+00 -9.3840764449e-03
     vertex 7.8807384983e-04 -4.0045664100e+00 -4.9615619954e-03
     vertex 7.8807384983e-04 -3.6129769752e+00 -4.9615619954e-03
   endloop
 endfacet
 facet normal  -9.7629917451e-01 0.0000000000e+00 -2.1642532625e-01
   outer loop
     vertex 7.8807384983e-04 -3.6129769752e+00 -4.9615619954e-03
     vertex 7.8807384983e-04 -4.0045664100e+00 -4.9615619954e-03
     vertex 1.1903597513e-04 -3.6129769752e+00 -1.9435181458e-03
   endloop
 endfacet
 facet normal  -9.7629917451e-01 -1.5363305928e-19 -2.1642532625e-01
   outer loop
     vertex 7.8807384983e-04 -4.0045664100e+00 -4.9615619954e-03
     vertex 1.1903597513e-04 -4.0045664100e+00 -1.9435181458e-03
     vertex 1.1903597513e-04 -3.6129769752e+00 -1.9435181458e-03
   endloop
 endfacet
 facet normal  -9.9812962151e-01 -6.8396410256e-20 -6.1133122455e-02
   outer loop
     vertex 1.1903597513e-04 -3.6129769752e+00 -1.9435181458e-03
     vertex 1.1903597513e-04 -4.0045664100e+00 -1.9435181458e-03
     vertex 0.0000000000e+00 -3.6129769752e+00 0.0000000000e+00
   endloop
 endfacet
 facet normal  -9.9812962151e-01 0.0000000000e+00 -6.1133122455e-02
   outer loop
     vertex 1.1903597513e-04 -4.0045664100e+00 -1.9435181458e-03
     vertex 0.0000000000e+00 -4.0045664100e+00 0.0000000000e+00
     vertex 0.0000000000e+00 -3.6129769752e+00 0.0000000000e+00
   endloop
 endfacet
 facet normal  -9.9812962151e-01 0.0000000000e+00 6.1133122455e-02
   outer loop
     vertex 0.0000000000e+00 -3.6129769752e+00 0.0000000000e+00
     vertex 0.0000000000e+00 -4.0045664100e+00 0.0000000000e+00
     vertex 1.1903597513e-04 -4.0045664100e+00 1.9435181458e-03
   endloop
 endfacet
 facet normal  -9.9812962151e-01 -3.3852120758e-20 6.1133122455e-02
   outer loop
     vertex 0.0000000000e+00 -3.6129769752e+00 0.0000000000e+00
     vertex 1.1903597513e-04 -4.0045664100e+00 1.9435181458e-03
     vertex 1.1903597513e-04 -3.6129769752e+00 1.9435181458e-03
   endloop
 endfacet
 facet normal  -9.7629917451e-01 -1.1984430019e-19 2.1642532625e-01
   outer loop
     vertex 1.1903597513e-04 -3.6129769752e+00 1.9435181458e-03
     vertex 1.1903597513e-04 -4.0045664100e+00 1.9435181458e-03
     vertex 7.8807384983e-04 -4.0045664100e+00 4.9615619954e-03
   endloop
 endfacet
 facet normal  -9.7629917451e-01 -2.7031007271e-19 2.1642532625e-01
   outer loop
     vertex 1.1903597513e-04 -3.6129769752e+00 1.9435181458e-03
     vertex 7.8807384983e-04 -4.0045664100e+00 4.9615619954e-03
     vertex 7.8807384983e-04 -3.6129769752e+00 4.9615619954e-03
   endloop
 endfacet
 facet normal  -9.0355742872e-01 -2.5016990758e-19 4.2846700341e-01
   outer loop
     vertex 7.8807384983e-04 -3.6129769752e+00 4.9615619954e-03
     vertex 7.8807384983e-04 -4.0045664100e+00 4.9615619954e-03
     vertex 2.8852305479e-03 -4.0045664100e+00 9.3840764449e-03
   endloop
 endfacet
 facet normal  -9.0355742872e-01 0.0000000000e+00 4.2846700341e-01
   outer loop
     vertex 7.8807384983e-04 -3.6129769752e+00 4.9615619954e-03
     vertex 2.8852305479e-03 -4.0045664100e+00 9.3840764449e-03
     vertex 2.8852305479e-03 -3.6129769752e+00 9.3840764449e-03
   endloop
 endfacet
 facet normal  -7.6128093626e-01 0.0000000000e+00 6.4842218969e-01
   outer loop
     vertex 2.8852305479e-03 -3.6129769752e+00 9.3840764449e-03
     vertex 2.8852305479e-03 -4.0045664100e+00 9.3840764449e-03
     vertex 7.8928270998e-03 -4.0045664100e+00 1.5263251853e-02
   endloop
 endfacet
 facet normal  -7.6128093626e-01 0.0000000000e+00 6.4842218969e-01
   outer loop
     vertex 2.8852305479e-03 -3.6129769752e+00 9.3840764449e-03
     vertex 7.8928270998e-03 -4.0045664100e+00 1.5263251853e-02
     vertex 7.8928270998e-03 -3.6129769752e+00 1.5263251853e-02
   endloop
 endfacet
 facet normal  -5.8540728658e-01 0.0000000000e+00 8.1073935937e-01
   outer loop
     vertex 7.8928270998e-03 -3.6129769752e+00 1.5263251853e-02
     vertex 7.8928270998e-03 -4.0045664100e+00 1.5263251853e-02
     vertex 1.7711394777e-02 -4.0045664100e+00 2.2352905260e-02
   endloop
 endfacet
 facet normal  -5.8540728658e-01 7.1830773484e-18 8.1073935937e-01
   outer loop
     vertex 7.8928270998e-03 -3.6129769752e+00 1.5263251853e-02
     vertex 1.7711394777e-02 -4.0045664100e+00 2.2352905260e-02
     vertex 1.7711394777e-02 -3.6129769752e+00 2.2352905260e-02
   endloop
 endfacet
 facet normal  -4.2610378432e-01 8.0153323030e-18 9.0467428669e-01
   outer loop
     vertex 1.7711394777e-02 -3.6129769752e+00 2.2352905260e-02
     vertex 1.7711394777e-02 -4.0045664100e+00 2.2352905260e-02
     vertex 3.4701656177e-02 -4.0045664100e+00 3.0355359608e-02
   endloop
 endfacet
 facet normal  -4.2610378432e-01 -8.0153323030e-18 9.0467428669e-01
   outer loop
     vertex 1.7711394777e-02 -3.6129769752e+00 2.2352905260e-02
     vertex 3.4701656177e-02 -4.0045664100e+00 3.0355359608e-02
     vertex 3.4701656177e-02 -3.6129769752e+00 3.0355359608e-02
   endloop
 endfacet
 facet normal  -2.9935221327e-01 -8.4536177841e-18 9.5414267927e-01
   outer loop
     vertex 3.4701656177e-02 -3.6129769752e+00 3.0355359608e-02
     vertex 3.4701656177e-02 -4.0045664100e+00 3.0355359608e-02
     vertex 6.2004804867e-02 -4.0045664100e+00 3.8921434858e-02
   endloop
 endfacet
 facet normal  -2.9935221327e-01 0.0000000000e+00 9.5414267927e-01
   outer loop
     vertex 3.4701656177e-02 -3.6129769752e+00 3.0355359608e-02
     vertex 6.2004804867e-02 -4.0045664100e+00 3.8921434858e-02
     vertex 6.2004804867e-02 -3.6129769752e+00 3.8921434858e-02
   endloop
 endfacet
 facet normal  -2.0023240962e-01 0.0000000000e+00 9.7974842798e-01
   outer loop
     vertex 6.2004804867e-02 -3.6129769752e+00 3.8921434858e-02
     vertex 6.2004804867e-02 -4.0045664100e+00 3.8921434858e-02
     vertex 1.0361138312e-01 -4.0045664100e+00 4.7424623209e-02
   endloop
 endfacet
 facet normal  -2.0023240962e-01 0.0000000000e+00 9.7974842798e-01
   outer loop
     vertex 6.2004804867e-02 -3.6129769752e+00 3.8921434858e-02
     vertex 1.0361138312e-01 -4.0045664100e+00 4.7424623209e-02
     vertex 1.0361138312e-01 -3.6129769752e+00 4.7424623209e-02
   endloop
 endfacet
 facet normal  -1.2076702739e-01 0.0000000000e+00 9.9268087777e-01
   outer loop
     vertex 1.0361138312e-01 -3.6129769752e+00 4.7424623209e-02
     vertex 1.0361138312e-01 -4.0045664100e+00 4.7424623209e-02
     vertex 1.6380190832e-01 -4.0045664100e+00 5.4747249210e-02
   endloop
 endfacet
 facet normal  -1.2076702739e-01 0.0000000000e+00 9.9268087777e-01
   outer loop
     vertex 1.0361138312e-01 -3.6129769752e+00 4.7424623209e-02
     vertex 1.6380190832e-01 -4.0045664100e+00 5.4747249210e-02
     vertex 1.6380190832e-01 -3.6129769752e+00 5.4747249210e-02
   endloop
 endfacet
 facet normal  -5.5453819818e-02 0.0000000000e+00 9.9846125306e-01
   outer loop
     vertex 1.6380190832e-01 -3.6129769752e+00 5.4747249210e-02
     vertex 1.6380190832e-01 -4.0045664100e+00 5.4747249210e-02
     vertex 2.4565152047e-01 -4.0045664100e+00 5.9293117796e-02
   endloop
 endfacet
 facet normal  -5.5453819818e-02 0.0000000000e+00 9.9846125306e-01
   outer loop
     vertex 1.6380190832e-01 -3.6129769752e+00 5.4747249210e-02
     vertex 2.4565152047e-01 -4.0045664100e+00 5.9293117796e-02
     vertex 2.4565152047e-01 -3.6129769752e+00 5.9293117796e-02
   endloop
 endfacet
 facet normal  -2.0754226775e-03 0.0000000000e+00 9.9999784631e-01
   outer loop
     vertex 2.4565152047e-01 -3.6129769752e+00 5.9293117796e-02
     vertex 2.4565152047e-01 -4.0045664100e+00 5.9293117796e-02
     vertex 3.4867161706e-01 -4.0045664100e+00 5.9506928501e-02
   endloop
 endfacet
 facet normal  -2.0754226775e-03 0.0000000000e+00 9.9999784631e-01
   outer loop
     vertex 2.4565152047e-01 -3.6129769752e+00 5.9293117796e-02
     vertex 3.4867161706e-01 -4.0045664100e+00 5.9506928501e-02
     vertex 3.4867161706e-01 -3.6129769752e+00 5.9506928501e-02
   endloop
 endfacet
 facet normal  3.9613515037e-02 -0.0000000000e+00 9.9921507666e-01
   outer loop
     vertex 3.4867161706e-01 -3.6129769752e+00 5.9506928501e-02
     vertex 3.4867161706e-01 -4.0045664100e+00 5.9506928501e-02
     vertex 4.6678824105e-01 -4.0045664100e+00 5.4824238287e-02
   endloop
 endfacet
 facet normal  3.9613515037e-02 -0.0000000000e+00 9.9921507666e-01
   outer loop
     vertex 3.4867161706e-01 -3.6129769752e+00 5.9506928501e-02
     vertex 4.6678824105e-01 -4.0045664100e+00 5.4824238287e-02
     vertex 4.6678824105e-01 -3.6129769752e+00 5.4824238287e-02
   endloop
 endfacet
 facet normal  7.0157790253e-02 -0.0000000000e+00 9.9753590635e-01
   outer loop
     vertex 4.6678824105e-01 -3.6129769752e+00 5.4824238287e-02
     vertex 4.6678824105e-01 -4.0045664100e+00 5.4824238287e-02
     vertex 5.8876378780e-01 -3.6129769752e+00 4.6245564808e-02
   endloop
 endfacet
 facet normal  7.0157790253e-02 1.7676155698e-17 9.9753590635e-01
   outer loop
     vertex 4.6678824105e-01 -4.0045664100e+00 5.4824238287e-02
     vertex 5.8876378780e-01 -4.0045664100e+00 4.6245564808e-02
     vertex 5.8876378780e-01 -3.6129769752e+00 4.6245564808e-02
   endloop
 endfacet
 facet normal  9.1463328509e-02 1.7645545399e-17 9.9580844520e-01
   outer loop
     vertex 5.8876378780e-01 -3.6129769752e+00 4.6245564808e-02
     vertex 5.8876378780e-01 -4.0045664100e+00 4.6245564808e-02
     vertex 7.0192689193e-01 -3.6129769752e+00 3.5851724287e-02
   endloop
 endfacet
 facet normal  9.1463328509e-02 -0.0000000000e+00 9.9580844520e-01
   outer loop
     vertex 5.8876378780e-01 -4.0045664100e+00 4.6245564808e-02
     vertex 7.0192689193e-01 -4.0045664100e+00 3.5851724287e-02
     vertex 7.0192689193e-01 -3.6129769752e+00 3.5851724287e-02
   endloop
 endfacet
 facet normal  1.0637499606e-01 -0.0000000000e+00 9.9432608344e-01
   outer loop
     vertex 7.0192689193e-01 -3.6129769752e+00 3.5851724287e-02
     vertex 7.0192689193e-01 -4.0045664100e+00 3.5851724287e-02
     vertex 7.9695803833e-01 -3.6129769752e+00 2.5685101897e-02
   endloop
 endfacet
 facet normal  1.0637499606e-01 -0.0000000000e+00 9.9432608344e-01
   outer loop
     vertex 7.0192689193e-01 -4.0045664100e+00 3.5851724287e-02
     vertex 7.9695803833e-01 -4.0045664100e+00 2.5685101897e-02
     vertex 7.9695803833e-01 -3.6129769752e+00 2.5685101897e-02
   endloop
 endfacet
 facet normal  1.1718870894e-01 -0.0000000000e+00 9.9310966489e-01
   outer loop
     vertex 7.9695803833e-01 -3.6129769752e+00 2.5685101897e-02
     vertex 7.9695803833e-01 -4.0045664100e+00 2.5685101897e-02
     vertex 8.7030448965e-01 -3.6129769752e+00 1.7030090029e-02
   endloop
 endfacet
 facet normal  1.1718870894e-01 -0.0000000000e+00 9.9310966489e-01
   outer loop
     vertex 7.9695803833e-01 -4.0045664100e+00 2.5685101897e-02
     vertex 8.7030448965e-01 -4.0045664100e+00 1.7030090029e-02
     vertex 8.7030448965e-01 -3.6129769752e+00 1.7030090029e-02
   endloop
 endfacet
 facet normal  1.2513251854e-01 -0.0000000000e+00 9.9214003689e-01
   outer loop
     vertex 8.7030448965e-01 -3.6129769752e+00 1.7030090029e-02
     vertex 8.7030448965e-01 -4.0045664100e+00 1.7030090029e-02
     vertex 9.2331020388e-01 -3.6129769752e+00 1.0344805420e-02
   endloop
 endfacet
 facet normal  1.2513251854e-01 7.0954418509e-17 9.9214003689e-01
   outer loop
     vertex 8.7030448965e-01 -4.0045664100e+00 1.7030090029e-02
     vertex 9.2331020388e-01 -4.0045664100e+00 1.0344805420e-02
     vertex 9.2331020388e-01 -3.6129769752e+00 1.0344805420e-02
   endloop
 endfacet
 facet normal  1.3095350728e-01 7.4255118249e-17 9.9138851059e-01
   outer loop
     vertex 9.2331020388e-01 -3.6129769752e+00 1.0344805420e-02
     vertex 9.2331020388e-01 -4.0045664100e+00 1.0344805420e-02
     vertex 9.5982161505e-01 -3.6129769752e+00 5.5219763305e-03
   endloop
 endfacet
 facet normal  1.3095350728e-01 -0.0000000000e+00 9.9138851059e-01
   outer loop
     vertex 9.2331020388e-01 -4.0045664100e+00 1.0344805420e-02
     vertex 9.5982161505e-01 -4.0045664100e+00 5.5219763305e-03
     vertex 9.5982161505e-01 -3.6129769752e+00 5.5219763305e-03
   endloop
 endfacet
 facet normal  1.3505987260e-01 -0.0000000000e+00 9.9083743915e-01
   outer loop
     vertex 9.5982161505e-01 -3.6129769752e+00 5.5219763305e-03
     vertex 9.5982161505e-01 -4.0045664100e+00 5.5219763305e-03
     vertex 9.8414844626e-01 -3.6129769752e+00 2.2060149078e-03
   endloop
 endfacet
 facet normal  1.3505987260e-01 -0.0000000000e+00 9.9083743915e-01
   outer loop
     vertex 9.5982161505e-01 -4.0045664100e+00 5.5219763305e-03
     vertex 9.8414844626e-01 -4.0045664100e+00 2.2060149078e-03
     vertex 9.8414844626e-01 -3.6129769752e+00 2.2060149078e-03
   endloop
 endfacet
 facet normal  1.3783871552e-01 -0.0000000000e+00 9.9045468776e-01
   outer loop
     vertex 9.8414844626e-01 -3.6129769752e+00 2.2060149078e-03
     vertex 9.8414844626e-01 -4.0045664100e+00 2.2060149078e-03
     vertex 1.0000000000e+00 -3.6129769752e+00 0.0000000000e+00
   endloop
 endfacet
 facet normal  1.3783871552e-01 -0.0000000000e+00 9.9045468776e-01
   outer loop
     vertex 9.8414844626e-01 -4.0045664100e+00 2.2060149078e-03
     vertex 1.0000000000e+00 -4.0045664100e+00 0.0000000000e+00
     vertex 1.0000000000e+00 -3.6129769752e+00 0.0000000000e+00
   endloop
 endfacet
 facet normal  1.3783871552e-01 0.0000000000e+00 -9.9045468776e-01
   outer loop
     vertex 1.0000000000e+00 -4.0045664100e+00 0.0000000000e+00
     vertex 1.0000000000e+00 -4.3133835291e+00 0.0000000000e+00
     vertex 9.8414844626e-01 -4.3133835291e+00 -2.2060149078e-03
   endloop
 endfacet
 facet normal  1.3783871552e-01 0.0000000000e+00 -9.9045468776e-01
   outer loop
     vertex 1.0000000000e+00 -4.0045664100e+00 0.0000000000e+00
     vertex 9.8414844626e-01 -4.3133835291e+00 -2.2060149078e-03
     vertex 9.8414844626e-01 -4.0045664100e+00 -2.2060149078e-03
   endloop
 endfacet
 facet normal  1.3505987260e-01 0.0000000000e+00 -9.9083743915e-01
   outer loop
     vertex 9.8414844626e-01 -4.0045664100e+00 -2.2060149078e-03
     vertex 9.8414844626e-01 -4.3133835291e+00 -2.2060149078e-03
     vertex 9.5982161505e-01 -4.3133835291e+00 -5.5219763305e-03
   endloop
 endfacet
 facet normal  1.3505987260e-01 0.0000000000e+00 -9.9083743915e-01
   outer loop
     vertex 9.8414844626e-01 -4.0045664100e+00 -2.2060149078e-03
     vertex 9.5982161505e-01 -4.3133835291e+00 -5.5219763305e-03
     vertex 9.5982161505e-01 -4.0045664100e+00 -5.5219763305e-03
   endloop
 endfacet
 facet normal  1.3095350728e-01 0.0000000000e+00 -9.9138851059e-01
   outer loop
     vertex 9.5982161505e-01 -4.0045664100e+00 -5.5219763305e-03
     vertex 9.5982161505e-01 -4.3133835291e+00 -5.5219763305e-03
     vertex 9.2331020388e-01 -4.3133835291e+00 -1.0344805420e-02
   endloop
 endfacet
 facet normal  1.3095350728e-01 0.0000000000e+00 -9.9138851059e-01
   outer loop
     vertex 9.5982161505e-01 -4.0045664100e+00 -5.5219763305e-03
     vertex 9.2331020388e-01 -4.3133835291e+00 -1.0344805420e-02
     vertex 9.2331020388e-01 -4.0045664100e+00 -1.0344805420e-02
   endloop
 endfacet
 facet normal  1.2513251854e-01 0.0000000000e+00 -9.9214003689e-01
   outer loop
     vertex 9.2331020388e-01 -4.0045664100e+00 -1.0344805420e-02
     vertex 9.2331020388e-01 -4.3133835291e+00 -1.0344805420e-02
     vertex 8.7030448965e-01 -4.3133835291e+00 -1.7030090029e-02
   endloop
 endfacet
 facet normal  1.2513251854e-01 0.0000000000e+00 -9.9214003689e-01
   outer loop
     vertex 9.2331020388e-01 -4.0045664100e+00 -1.0344805420e-02
     vertex 8.7030448965e-01 -4.3133835291e+00 -1.7030090029e-02
     vertex 8.7030448965e-01 -4.0045664100e+00 -1.7030090029e-02
   endloop
 endfacet
 facet normal  1.1718870894e-01 0.0000000000e+00 -9.9310966489e-01
   outer loop
     vertex 8.7030448965e-01 -4.0045664100e+00 -1.7030090029e-02
     vertex 8.7030448965e-01 -4.3133835291e+00 -1.7030090029e-02
     vertex 7.9695803833e-01 -4.3133835291e+00 -2.5685101897e-02
   endloop
 endfacet
 facet normal  1.1718870894e-01 0.0000000000e+00 -9.9310966489e-01
   outer loop
     vertex 8.7030448965e-01 -4.0045664100e+00 -1.7030090029e-02
     vertex 7.9695803833e-01 -4.3133835291e+00 -2.5685101897e-02
     vertex 7.9695803833e-01 -4.0045664100e+00 -2.5685101897e-02
   endloop
 endfacet
 facet normal  1.0637499606e-01 0.0000000000e+00 -9.9432608344e-01
   outer loop
     vertex 7.9695803833e-01 -4.0045664100e+00 -2.5685101897e-02
     vertex 7.9695803833e-01 -4.3133835291e+00 -2.5685101897e-02
     vertex 7.0192689193e-01 -4.3133835291e+00 -3.5851724287e-02
   endloop
 endfacet
 facet normal  1.0637499606e-01 0.0000000000e+00 -9.9432608344e-01
   outer loop
     vertex 7.9695803833e-01 -4.0045664100e+00 -2.5685101897e-02
     vertex 7.0192689193e-01 -4.3133835291e+00 -3.5851724287e-02
     vertex 7.0192689193e-01 -4.0045664100e+00 -3.5851724287e-02
   endloop
 endfacet
 facet normal  9.1463328509e-02 0.0000000000e+00 -9.9580844520e-01
   outer loop
     vertex 7.0192689193e-01 -4.0045664100e+00 -3.5851724287e-02
     vertex 7.0192689193e-01 -4.3133835291e+00 -3.5851724287e-02
     vertex 5.8876378780e-01 -4.3133835291e+00 -4.6245564808e-02
   endloop
 endfacet
 facet normal  9.1463328509e-02 0.0000000000e+00 -9.9580844520e-01
   outer loop
     vertex 7.0192689193e-01 -4.0045664100e+00 -3.5851724287e-02
     vertex 5.8876378780e-01 -4.3133835291e+00 -4.6245564808e-02
     vertex 5.8876378780e-01 -4.0045664100e+00 -4.6245564808e-02
   endloop
 endfacet
 facet normal  7.0157790253e-02 0.0000000000e+00 -9.9753590635e-01
   outer loop
     vertex 5.8876378780e-01 -4.0045664100e+00 -4.6245564808e-02
     vertex 5.8876378780e-01 -4.3133835291e+00 -4.6245564808e-02
     vertex 4.6678824105e-01 -4.3133835291e+00 -5.4824238287e-02
   endloop
 endfacet
 facet normal  7.0157790253e-02 0.0000000000e+00 -9.9753590635e-01
   outer loop
     vertex 5.8876378780e-01 -4.0045664100e+00 -4.6245564808e-02
     vertex 4.6678824105e-01 -4.3133835291e+00 -5.4824238287e-02
     vertex 4.6678824105e-01 -4.0045664100e+00 -5.4824238287e-02
   endloop
 endfacet
 facet normal  3.9613515037e-02 0.0000000000e+00 -9.9921507666e-01
   outer loop
     vertex 4.6678824105e-01 -4.0045664100e+00 -5.4824238287e-02
     vertex 4.6678824105e-01 -4.3133835291e+00 -5.4824238287e-02
     vertex 3.4867161706e-01 -4.0045664100e+00 -5.9506928501e-02
   endloop
 endfacet
 facet normal  3.9613515037e-02 0.0000000000e+00 -9.9921507666e-01
   outer loop
     vertex 4.6678824105e-01 -4.3133835291e+00 -5.4824238287e-02
     vertex 3.4867161706e-01 -4.3133835291e+00 -5.9506928501e-02
     vertex 3.4867161706e-01 -4.0045664100e+00 -5.9506928501e-02
   endloop
 endfacet
 facet normal  -2.0754226775e-03 0.0000000000e+00 -9.9999784631e-01
   outer loop
     vertex 3.4867161706e-01 -4.0045664100e+00 -5.9506928501e-02
     vertex 3.4867161706e-01 -4.3133835291e+00 -5.9506928501e-02
     vertex 2.4565152047e-01 -4.0045664100e+00 -5.9293117796e-02
   endloop
 endfacet
 facet normal  -2.0754226775e-03 0.0000000000e+00 -9.9999784631e-01
   outer loop
     vertex 3.4867161706e-01 -4.3133835291e+00 -5.9506928501e-02
     vertex 2.4565152047e-01 -4.3133835291e+00 -5.9293117796e-02
     vertex 2.4565152047e-01 -4.0045664100e+00 -5.9293117796e-02
   endloop
 endfacet
 facet normal  -5.5453819818e-02 0.0000000000e+00 -9.9846125306e-01
   outer loop
     vertex 2.4565152047e-01 -4.0045664100e+00 -5.9293117796e-02
     vertex 2.4565152047e-01 -4.3133835291e+00 -5.9293117796e-02
     vertex 1.6380190832e-01 -4.0045664100e+00 -5.4747249210e-02
   endloop
 endfacet
 facet normal  -5.5453819818e-02 2.2434691197e-17 -9.9846125306e-01
   outer loop
     vertex 2.4565152047e-01 -4.3133835291e+00 -5.9293117796e-02
     vertex 1.6380190832e-01 -4.3133835291e+00 -5.4747249210e-02
     vertex 1.6380190832e-01 -4.0045664100e+00 -5.4747249210e-02
   endloop
 endfacet
 facet normal  -1.2076702739e-01 2.2304810409e-17 -9.9268087777e-01
   outer loop
     vertex 1.6380190832e-01 -4.0045664100e+00 -5.4747249210e-02
     vertex 1.6380190832e-01 -4.3133835291e+00 -5.4747249210e-02
     vertex 1.0361138312e-01 -4.0045664100e+00 -4.7424623209e-02
   endloop
 endfacet
 facet normal  -1.2076702739e-01 0.0000000000e+00 -9.9268087777e-01
   outer loop
     vertex 1.6380190832e-01 -4.3133835291e+00 -5.4747249210e-02
     vertex 1.0361138312e-01 -4.3133835291e+00 -4.7424623209e-02
     vertex 1.0361138312e-01 -4.0045664100e+00 -4.7424623209e-02
   endloop
 endfacet
 facet normal  -2.0023240962e-01 0.0000000000e+00 -9.7974842798e-01
   outer loop
     vertex 1.0361138312e-01 -4.0045664100e+00 -4.7424623209e-02
     vertex 1.0361138312e-01 -4.3133835291e+00 -4.7424623209e-02
     vertex 6.2004804867e-02 -4.0045664100e+00 -3.8921434858e-02
   endloop
 endfacet
 facet normal  -2.0023240962e-01 -4.4990752157e-18 -9.7974842798e-01
   outer loop
     vertex 1.0361138312e-01 -4.3133835291e+00 -4.7424623209e-02
     vertex 6.2004804867e-02 -4.3133835291e+00 -3.8921434858e-02
     vertex 6.2004804867e-02 -4.0045664100e+00 -3.8921434858e-02
   endloop
 endfacet
 facet normal  -2.9935221327e-01 -6.7262244212e-18 -9.5414267927e-01
   outer loop
     vertex 6.2004804867e-02 -4.0045664100e+00 -3.8921434858e-02
     vertex 6.2004804867e-02 -4.3133835291e+00 -3.8921434858e-02
     vertex 3.4701656177e-02 -4.0045664100e+00 -3.0355359608e-02
   endloop
 endfacet
 facet normal  -2.9935221327e-01 0.0000000000e+00 -9.5414267927e-01
   outer loop
     vertex 6.2004804867e-02 -4.3133835291e+00 -3.8921434858e-02
     vertex 3.4701656177e-02 -4.3133835291e+00 -3.0355359608e-02
     vertex 3.4701656177e-02 -4.0045664100e+00 -3.0355359608e-02
   endloop
 endfacet
 facet normal  -4.2610378432e-01 0.0000000000e+00 -9.0467428669e-01
   outer loop
     vertex 3.4701656177e-02 -4.0045664100e+00 -3.0355359608e-02
     vertex 3.4701656177e-02 -4.3133835291e+00 -3.0355359608e-02
     vertex 1.7711394777e-02 -4.0045664100e+00 -2.2352905260e-02
   endloop
 endfacet
 facet normal  -4.2610378432e-01 0.0000000000e+00 -9.0467428669e-01
   outer loop
     vertex 3.4701656177e-02 -4.3133835291e+00 -3.0355359608e-02
     vertex 1.7711394777e-02 -4.3133835291e+00 -2.2352905260e-02
     vertex 1.7711394777e-02 -4.0045664100e+00 -2.2352905260e-02
   endloop
 endfacet
 facet normal  -5.8540728658e-01 0.0000000000e+00 -8.1073935937e-01
   outer loop
     vertex 1.7711394777e-02 -4.0045664100e+00 -2.2352905260e-02
     vertex 1.7711394777e-02 -4.3133835291e+00 -2.2352905260e-02
     vertex 7.8928270998e-03 -4.0045664100e+00 -1.5263251853e-02
   endloop
 endfacet
 facet normal  -5.8540728658e-01 0.0000000000e+00 -8.1073935937e-01
   outer loop
     vertex 1.7711394777e-02 -4.3133835291e+00 -2.2352905260e-02
     vertex 7.8928270998e-03 -4.3133835291e+00 -1.5263251853e-02
     vertex 7.8928270998e-03 -4.0045664100e+00 -1.5263251853e-02
   endloop
 endfacet
 facet normal  -7.6128093626e-01 0.0000000000e+00 -6.4842218969e-01
   outer loop
     vertex 7.8928270998e-03 -4.0045664100e+00 -1.5263251853e-02
     vertex 7.8928270998e-03 -4.3133835291e+00 -1.5263251853e-02
     vertex 2.8852305479e-03 -4.0045664100e+00 -9.3840764449e-03
   endloop
 endfacet
 facet normal  -7.6128093626e-01 0.0000000000e+00 -6.4842218969e-01
   outer loop
     vertex 7.8928270998e-03 -4.3133835291e+00 -1.5263251853e-02
     vertex 2.8852305479e-03 -4.3133835291e+00 -9.3840764449e-03
     vertex 2.8852305479e-03 -4.0045664100e+00 -9.3840764449e-03
   endloop
 endfacet
 facet normal  -9.0355742872e-01 0.0000000000e+00 -4.2846700341e-01
   outer loop
     vertex 2.8852305479e-03 -4.0045664100e+00 -9.3840764449e-03
     vertex 2.8852305479e-03 -4.3133835291e+00 -9.3840764449e-03
     vertex 7.8807384983e-04 -4.0045664100e+00 -4.9615619954e-03
   endloop
 endfacet
 facet normal  -9.0355742872e-01 0.0000000000e+00 -4.2846700341e-01
   outer loop
     vertex 2.8852305479e-03 -4.3133835291e+00 -9.3840764449e-03
     vertex 7.8807384983e-04 -4.3133835291e+00 -4.9615619954e-03
     vertex 7.8807384983e-04 -4.0045664100e+00 -4.9615619954e-03
   endloop
 endfacet
 facet normal  -9.7629917451e-01 0.0000000000e+00 -2.1642532625e-01
   outer loop
     vertex 7.8807384983e-04 -4.0045664100e+00 -4.9615619954e-03
     vertex 7.8807384983e-04 -4.3133835291e+00 -4.9615619954e-03
     vertex 1.1903597513e-04 -4.0045664100e+00 -1.9435181458e-03
   endloop
 endfacet
 facet normal  -9.7629917451e-01 -1.5196619256e-19 -2.1642532625e-01
   outer loop
     vertex 7.8807384983e-04 -4.3133835291e+00 -4.9615619954e-03
     vertex 1.1903597513e-04 -4.3133835291e+00 -1.9435181458e-03
     vertex 1.1903597513e-04 -4.0045664100e+00 -1.9435181458e-03
   endloop
 endfacet
 facet normal  -9.9812962151e-01 -4.2925511630e-20 -6.1133122455e-02
   outer loop
     vertex 1.1903597513e-04 -4.0045664100e+00 -1.9435181458e-03
     vertex 1.1903597513e-04 -4.3133835291e+00 -1.9435181458e-03
     vertex 0.0000000000e+00 -4.0045664100e+00 0.0000000000e+00
   endloop
 endfacet
 facet normal  -9.9812962151e-01 0.0000000000e+00 -6.1133122455e-02
   outer loop
     vertex 1.1903597513e-04 -4.3133835291e+00 -1.9435181458e-03
     vertex 0.0000000000e+00 -4.3133835291e+00 0.0000000000e+00
     vertex 0.0000000000e+00 -4.0045664100e+00 0.0000000000e+00
   endloop
 endfacet
 facet normal  -9.9812962151e-01 0.0000000000e+00 6.1133122455e-02
   outer loop
     vertex 0.0000000000e+00 -4.0045664100e+00 0.0000000000e+00
     vertex 0.0000000000e+00 -4.3133835291e+00 0.0000000000e+00
     vertex 1.1903597513e-04 -4.3133835291e+00 1.9435181458e-03
   endloop
 endfacet
 facet normal  -9.9812962151e-01 -4.3803202499e-20 6.1133122455e-02
   outer loop
     vertex 0.0000000000e+00 -4.0045664100e+00 0.0000000000e+00
     vertex 1.1903597513e-04 -4.3133835291e+00 1.9435181458e-03
     vertex 1.1903597513e-04 -4.0045664100e+00 1.9435181458e-03
   endloop
 endfacet
 facet normal  -9.7629917451e-01 -4.2845167120e-20 2.1642532625e-01
   outer loop
     vertex 1.1903597513e-04 -4.0045664100e+00 1.9435181458e-03
     vertex 1.1903597513e-04 -4.3133835291e+00 1.9435181458e-03
     vertex 7.8807384983e-04 -4.3133835291e+00 4.9615619954e-03
   endloop
 endfacet
 facet normal  -9.7629917451e-01 -2.6510343330e-19 2.1642532625e-01
   outer loop
     vertex 1.1903597513e-04 -4.0045664100e+00 1.9435181458e-03
     vertex 7.8807384983e-04 -4.3133835291e+00 4.9615619954e-03
     vertex 7.8807384983e-04 -4.0045664100e+00 4.9615619954e-03
   endloop
 endfacet
 facet normal  -9.0355742872e-01 -8.8619436926e-19 4.2846700341e-01
   outer loop
     vertex 7.8807384983e-04 -4.0045664100e+00 4.9615619954e-03
     vertex 7.8807384983e-04 -4.3133835291e+00 4.9615619954e-03
     vertex 2.8852305479e-03 -4.3133835291e+00 9.3840764449e-03
   endloop
 endfacet
 facet normal  -9.0355742872e-01 0.0000000000e+00 4.2846700341e-01
   outer loop
     vertex 7.8807384983e-04 -4.0045664100e+00 4.9615619954e-03
     vertex 2.8852305479e-03 -4.3133835291e+00 9.3840764449e-03
     vertex 2.8852305479e-03 -4.0045664100e+00 9.3840764449e-03
   endloop
 endfacet
 facet normal  -7.6128093626e-01 0.0000000000e+00 6.4842218969e-01
   outer loop
     vertex 2.8852305479e-03 -4.0045664100e+00 9.3840764449e-03
     vertex 2.8852305479e-03 -4.3133835291e+00 9.3840764449e-03
     vertex 7.8928270998e-03 -4.3133835291e+00 1.5263251853e-02
   endloop
 endfacet
 facet normal  -7.6128093626e-01 0.0000000000e+00 6.4842218969e-01
   outer loop
     vertex 2.8852305479e-03 -4.0045664100e+00 9.3840764449e-03
     vertex 7.8928270998e-03 -4.3133835291e+00 1.5263251853e-02
     vertex 7.8928270998e-03 -4.0045664100e+00 1.5263251853e-02
   endloop
 endfacet
 facet normal  -5.8540728658e-01 0.0000000000e+00 8.1073935937e-01
   outer loop
     vertex 7.8928270998e-03 -4.0045664100e+00 1.5263251853e-02
     vertex 7.8928270998e-03 -4.3133835291e+00 1.5263251853e-02
     vertex 1.7711394777e-02 -4.3133835291e+00 2.2352905260e-02
   endloop
 endfacet
 facet normal  -5.8540728658e-01 -9.1083590439e-18 8.1073935937e-01
   outer loop
     vertex 7.8928270998e-03 -4.0045664100e+00 1.5263251853e-02
     vertex 1.7711394777e-02 -4.3133835291e+00 2.2352905260e-02
     vertex 1.7711394777e-02 -4.0045664100e+00 2.2352905260e-02
   endloop
 endfacet
 facet normal  -4.2610378432e-01 -1.0163683465e-17 9.0467428669e-01
   outer loop
     vertex 1.7711394777e-02 -4.0045664100e+00 2.2352905260e-02
     vertex 1.7711394777e-02 -4.3133835291e+00 2.2352905260e-02
     vertex 3.4701656177e-02 -4.3133835291e+00 3.0355359608e-02
   endloop
 endfacet
 facet normal  -4.2610378432e-01 1.0163683465e-17 9.0467428669e-01
   outer loop
     vertex 1.7711394777e-02 -4.0045664100e+00 2.2352905260e-02
     vertex 3.4701656177e-02 -4.3133835291e+00 3.0355359608e-02
     vertex 3.4701656177e-02 -4.0045664100e+00 3.0355359608e-02
   endloop
 endfacet
 facet normal  -2.9935221327e-01 1.0719442693e-17 9.5414267927e-01
   outer loop
     vertex 3.4701656177e-02 -4.0045664100e+00 3.0355359608e-02
     vertex 3.4701656177e-02 -4.3133835291e+00 3.0355359608e-02
     vertex 6.2004804867e-02 -4.3133835291e+00 3.8921434858e-02
   endloop
 endfacet
 facet normal  -2.9935221327e-01 0.0000000000e+00 9.5414267927e-01
   outer loop
     vertex 3.4701656177e-02 -4.0045664100e+00 3.0355359608e-02
     vertex 6.2004804867e-02 -4.3133835291e+00 3.8921434858e-02
     vertex 6.2004804867e-02 -4.0045664100e+00 3.8921434858e-02
   endloop
 endfacet
 facet normal  -2.0023240962e-01 0.0000000000e+00 9.7974842798e-01
   outer loop
     vertex 6.2004804867e-02 -4.0045664100e+00 3.8921434858e-02
     vertex 6.2004804867e-02 -4.3133835291e+00 3.8921434858e-02
     vertex 1.0361138312e-01 -4.3133835291e+00 4.7424623209e-02
   endloop
 endfacet
 facet normal  -2.0023240962e-01 0.0000000000e+00 9.7974842798e-01
   outer loop
     vertex 6.2004804867e-02 -4.0045664100e+00 3.8921434858e-02
     vertex 1.0361138312e-01 -4.3133835291e+00 4.7424623209e-02
     vertex 1.0361138312e-01 -4.0045664100e+00 4.7424623209e-02
   endloop
 endfacet
 facet normal  -1.2076702739e-01 0.0000000000e+00 9.9268087777e-01
   outer loop
     vertex 1.0361138312e-01 -4.0045664100e+00 4.7424623209e-02
     vertex 1.0361138312e-01 -4.3133835291e+00 4.7424623209e-02
     vertex 1.6380190832e-01 -4.3133835291e+00 5.4747249210e-02
   endloop
 endfacet
 facet normal  -1.2076702739e-01 0.0000000000e+00 9.9268087777e-01
   outer loop
     vertex 1.0361138312e-01 -4.0045664100e+00 4.7424623209e-02
     vertex 1.6380190832e-01 -4.3133835291e+00 5.4747249210e-02
     vertex 1.6380190832e-01 -4.0045664100e+00 5.4747249210e-02
   endloop
 endfacet
 facet normal  -5.5453819818e-02 0.0000000000e+00 9.9846125306e-01
   outer loop
     vertex 1.6380190832e-01 -4.0045664100e+00 5.4747249210e-02
     vertex 1.6380190832e-01 -4.3133835291e+00 5.4747249210e-02
     vertex 2.4565152047e-01 -4.3133835291e+00 5.9293117796e-02
   endloop
 endfacet
 facet normal  -5.5453819818e-02 0.0000000000e+00 9.9846125306e-01
   outer loop
     vertex 1.6380190832e-01 -4.0045664100e+00 5.4747249210e-02
     vertex 2.4565152047e-01 -4.3133835291e+00 5.9293117796e-02
     vertex 2.4565152047e-01 -4.0045664100e+00 5.9293117796e-02
   endloop
 endfacet
 facet normal  -2.0754226775e-03 0.0000000000e+00 9.9999784631e-01
   outer loop
     vertex 2.4565152047e-01 -4.0045664100e+00 5.9293117796e-02
     vertex 2.4565152047e-01 -4.3133835291e+00 5.9293117796e-02
     vertex 3.4867161706e-01 -4.3133835291e+00 5.9506928501e-02
   endloop
 endfacet
 facet normal  -2.0754226775e-03 3.7306578882e-19 9.9999784631e-01
   outer loop
     vertex 2.4565152047e-01 -4.0045664100e+00 5.9293117796e-02
     vertex 3.4867161706e-01 -4.3133835291e+00 5.9506928501e-02
     vertex 3.4867161706e-01 -4.0045664100e+00 5.9506928501e-02
   endloop
 endfacet
 facet normal  3.9613515037e-02 -7.1206927607e-18 9.9921507666e-01
   outer loop
     vertex 3.4867161706e-01 -4.0045664100e+00 5.9506928501e-02
     vertex 3.4867161706e-01 -4.3133835291e+00 5.9506928501e-02
     vertex 4.6678824105e-01 -4.3133835291e+00 5.4824238287e-02
   endloop
 endfacet
 facet normal  3.9613515037e-02 -0.0000000000e+00 9.9921507666e-01
   outer loop
     vertex 3.4867161706e-01 -4.0045664100e+00 5.9506928501e-02
     vertex 4.6678824105e-01 -4.3133835291e+00 5.4824238287e-02
     vertex 4.6678824105e-01 -4.0045664100e+00 5.4824238287e-02
   endloop
 endfacet
 facet normal  7.0157790253e-02 -0.0000000000e+00 9.9753590635e-01
   outer loop
     vertex 4.6678824105e-01 -4.0045664100e+00 5.4824238287e-02
     vertex 4.6678824105e-01 -4.3133835291e+00 5.4824238287e-02
     vertex 5.8876378780e-01 -4.0045664100e+00 4.6245564808e-02
   endloop
 endfacet
 facet normal  7.0157790253e-02 -2.2413899336e-17 9.9753590635e-01
   outer loop
     vertex 4.6678824105e-01 -4.3133835291e+00 5.4824238287e-02
     vertex 5.8876378780e-01 -4.3133835291e+00 4.6245564808e-02
     vertex 5.8876378780e-01 -4.0045664100e+00 4.6245564808e-02
   endloop
 endfacet
 facet normal  9.1463328509e-02 -2.2375084552e-17 9.9580844520e-01
   outer loop
     vertex 5.8876378780e-01 -4.0045664100e+00 4.6245564808e-02
     vertex 5.8876378780e-01 -4.3133835291e+00 4.6245564808e-02
     vertex 7.0192689193e-01 -4.0045664100e+00 3.5851724287e-02
   endloop
 endfacet
 facet normal  9.1463328509e-02 -0.0000000000e+00 9.9580844520e-01
   outer loop
     vertex 5.8876378780e-01 -4.3133835291e+00 4.6245564808e-02
     vertex 7.0192689193e-01 -4.3133835291e+00 3.5851724287e-02
     vertex 7.0192689193e-01 -4.0045664100e+00 3.5851724287e-02
   endloop
 endfacet
 facet normal  1.0637499606e-01 -0.0000000000e+00 9.9432608344e-01
   outer loop
     vertex 7.0192689193e-01 -4.0045664100e+00 3.5851724287e-02
     vertex 7.0192689193e-01 -4.3133835291e+00 3.5851724287e-02
     vertex 7.9695803833e-01 -4.0045664100e+00 2.5685101897e-02
   endloop
 endfacet
 facet normal  1.0637499606e-01 -0.0000000000e+00 9.9432608344e-01
   outer loop
     vertex 7.0192689193e-01 -4.3133835291e+00 3.5851724287e-02
     vertex 7.9695803833e-01 -4.3133835291e+00 2.5685101897e-02
     vertex 7.9695803833e-01 -4.0045664100e+00 2.5685101897e-02
   endloop
 endfacet
 facet normal  1.1718870894e-01 -0.0000000000e+00 9.9310966489e-01
   outer loop
     vertex 7.9695803833e-01 -4.0045664100e+00 2.5685101897e-02
     vertex 7.9695803833e-01 -4.3133835291e+00 2.5685101897e-02
     vertex 8.7030448965e-01 -4.0045664100e+00 1.7030090029e-02
   endloop
 endfacet
 facet normal  1.1718870894e-01 -0.0000000000e+00 9.9310966489e-01
   outer loop
     vertex 7.9695803833e-01 -4.3133835291e+00 2.5685101897e-02
     vertex 8.7030448965e-01 -4.3133835291e+00 1.7030090029e-02
     vertex 8.7030448965e-01 -4.0045664100e+00 1.7030090029e-02
   endloop
 endfacet
 facet normal  1.2513251854e-01 -0.0000000000e+00 9.9214003689e-01
   outer loop
     vertex 8.7030448965e-01 -4.0045664100e+00 1.7030090029e-02
     vertex 8.7030448965e-01 -4.3133835291e+00 1.7030090029e-02
     vertex 9.2331020388e-01 -4.0045664100e+00 1.0344805420e-02
   endloop
 endfacet
 facet normal  1.2513251854e-01 -4.4986172930e-17 9.9214003689e-01
   outer loop
     vertex 8.7030448965e-01 -4.3133835291e+00 1.7030090029e-02
     vertex 9.2331020388e-01 -4.3133835291e+00 1.0344805420e-02
     vertex 9.2331020388e-01 -4.0045664100e+00 1.0344805420e-02
   endloop
 endfacet
 facet normal  1.3095350728e-01 -4.7078866414e-17 9.9138851059e-01
   outer loop
     vertex 9.2331020388e-01 -4.0045664100e+00 1.0344805420e-02
     vertex 9.2331020388e-01 -4.3133835291e+00 1.0344805420e-02
     vertex 9.5982161505e-01 -4.0045664100e+00 5.5219763305e-03
   endloop
 endfacet
 facet normal  1.3095350728e-01 -0.0000000000e+00 9.9138851059e-01
   outer loop
     vertex 9.2331020388e-01 -4.3133835291e+00 1.0344805420e-02
     vertex 9.5982161505e-01 -4.3133835291e+00 5.5219763305e-03
     vertex 9.5982161505e-01 -4.0045664100e+00 5.5219763305e-03
   endloop
 endfacet
 facet normal  1.3505987260e-01 -0.0000000000e+00 9.9083743915e-01
   outer loop
     vertex 9.5982161505e-01 -4.0045664100e+00 5.5219763305e-03
     vertex 9.5982161505e-01 -4.3133835291e+00 5.5219763305e-03
     vertex 9.8414844626e-01 -4.0045664100e+00 2.2060149078e-03
   endloop
 endfacet
 facet normal  1.3505987260e-01 -0.0000000000e+00 9.9083743915e-01
   outer loop
     vertex 9.5982161505e-01 -4.3133835291e+00 5.5219763305e-03
     vertex 9.8414844626e-01 -4.3133835291e+00 2.2060149078e-03
     vertex 9.8414844626e-01 -4.0045664100e+00 2.2060149078e-03
   endloop
 endfacet
 facet normal  1.3783871552e-01 -0.0000000000e+00 9.9045468776e-01
   outer loop
     vertex 9.8414844626e-01 -4.0045664100e+00 2.2060149078e-03
     vertex 9.8414844626e-01 -4.3133835291e+00 2.2060149078e-03
     vertex 1.0000000000e+00 -4.0045664100e+00 0.0000000000e+00
   endloop
 endfacet
 facet normal  1.3783871552e-01 -0.0000000000e+00 9.9045468776e-01
   outer loop
     vertex 9.8414844626e-01 -4.3133835291e+00 2.2060149078e-03
     vertex 1.0000000000e+00 -4.3133835291e+00 0.0000000000e+00
     vertex 1.0000000000e+00 -4.0045664100e+00 0.0000000000e+00
   endloop
 endfacet
 facet normal  1.3783871552e-01 0.0000000000e+00 -9.9045468776e-01
   outer loop
     vertex 1.0000000000e+00 -4.3133835291e+00 0.0000000000e+00
     vertex 1.0000000000e+00 -4.5481362137e+00 0.0000000000e+00
     vertex 9.8414844626e-01 -4.5481362137e+00 -2.2060149078e-03
   endloop
 endfacet
 facet normal  1.3783871552e-01 0.0000000000e+00 -9.9045468776e-01
   outer loop
     vertex 1.0000000000e+00 -4.3133835291e+00 0.0000000000e+00
     vertex 9.8414844626e-01 -4.5481362137e+00 -2.2060149078e-03
     vertex 9.8414844626e-01 -4.3133835291e+00 -2.2060149078e-03
   endloop
 endfacet
 facet normal  1.3505987260e-01 0.0000000000e+00 -9.9083743915e-01
   outer loop
     vertex 9.8414844626e-01 -4.3133835291e+00 -2.2060149078e-03
     vertex 9.8414844626e-01 -4.5481362137e+00 -2.2060149078e-03
     vertex 9.5982161505e-01 -4.5481362137e+00 -5.5219763305e-03
   endloop
 endfacet
 facet normal  1.3505987260e-01 0.0000000000e+00 -9.9083743915e-01
   outer loop
     vertex 9.8414844626e-01 -4.3133835291e+00 -2.2060149078e-03
     vertex 9.5982161505e-01 -4.5481362137e+00 -5.5219763305e-03
     vertex 9.5982161505e-01 -4.3133835291e+00 -5.5219763305e-03
   endloop
 endfacet
 facet normal  1.3095350728e-01 0.0000000000e+00 -9.9138851059e-01
   outer loop
     vertex 9.5982161505e-01 -4.3133835291e+00 -5.5219763305e-03
     vertex 9.5982161505e-01 -4.5481362137e+00 -5.5219763305e-03
     vertex 9.2331020388e-01 -4.5481362137e+00 -1.0344805420e-02
   endloop
 endfacet
 facet normal  1.3095350728e-01 0.0000000000e+00 -9.9138851059e-01
   outer loop
     vertex 9.5982161505e-01 -4.3133835291e+00 -5.5219763305e-03
     vertex 9.2331020388e-01 -4.5481362137e+00 -1.0344805420e-02
     vertex 9.2331020388e-01 -4.3133835291e+00 -1.0344805420e-02
   endloop
 endfacet
 facet normal  1.2513251854e-01 0.0000000000e+00 -9.9214003689e-01
   outer loop
     vertex 9.2331020388e-01 -4.3133835291e+00 -1.0344805420e-02
     vertex 9.2331020388e-01 -4.5481362137e+00 -1.0344805420e-02
     vertex 8.7030448965e-01 -4.5481362137e+00 -1.7030090029e-02
   endloop
 endfacet
 facet normal  1.2513251854e-01 0.0000000000e+00 -9.9214003689e-01
   outer loop
     vertex 9.2331020388e-01 -4.3133835291e+00 -1.0344805420e-02
     vertex 8.7030448965e-01 -4.5481362137e+00 -1.7030090029e-02
     vertex 8.7030448965e-01 -4.3133835291e+00 -1.7030090029e-02
   endloop
 endfacet
 facet normal  1.1718870894e-01 0.0000000000e+00 -9.9310966489e-01
   outer loop
     vertex 8.7030448965e-01 -4.3133835291e+00 -1.7030090029e-02
     vertex 8.7030448965e-01 -4.5481362137e+00 -1.7030090029e-02
     vertex 7.9695803833e-01 -4.5481362137e+00 -2.5685101897e-02
   endloop
 endfacet
 facet normal  1.1718870894e-01 0.0000000000e+00 -9.9310966489e-01
   outer loop
     vertex 8.7030448965e-01 -4.3133835291e+00 -1.7030090029e-02
     vertex 7.9695803833e-01 -4.5481362137e+00 -2.5685101897e-02
     vertex 7.9695803833e-01 -4.3133835291e+00 -2.5685101897e-02
   endloop
 endfacet
 facet normal  1.0637499606e-01 0.0000000000e+00 -9.9432608344e-01
   outer loop
     vertex 7.9695803833e-01 -4.3133835291e+00 -2.5685101897e-02
     vertex 7.9695803833e-01 -4.5481362137e+00 -2.5685101897e-02
     vertex 7.0192689193e-01 -4.5481362137e+00 -3.5851724287e-02
   endloop
 endfacet
 facet normal  1.0637499606e-01 0.0000000000e+00 -9.9432608344e-01
   outer loop
     vertex 7.9695803833e-01 -4.3133835291e+00 -2.5685101897e-02
     vertex 7.0192689193e-01 -4.5481362137e+00 -3.5851724287e-02
     vertex 7.0192689193e-01 -4.3133835291e+00 -3.5851724287e-02
   endloop
 endfacet
 facet normal  9.1463328509e-02 0.0000000000e+00 -9.9580844520e-01
   outer loop
     vertex 7.0192689193e-01 -4.3133835291e+00 -3.5851724287e-02
     vertex 7.0192689193e-01 -4.5481362137e+00 -3.5851724287e-02
     vertex 5.8876378780e-01 -4.5481362137e+00 -4.6245564808e-02
   endloop
 endfacet
 facet normal  9.1463328509e-02 2.9434420151e-17 -9.9580844520e-01
   outer loop
     vertex 7.0192689193e-01 -4.3133835291e+00 -3.5851724287e-02
     vertex 5.8876378780e-01 -4.5481362137e+00 -4.6245564808e-02
     vertex 5.8876378780e-01 -4.3133835291e+00 -4.6245564808e-02
   endloop
 endfacet
 facet normal  7.0157790253e-02 2.9485480992e-17 -9.9753590635e-01
   outer loop
     vertex 5.8876378780e-01 -4.3133835291e+00 -4.6245564808e-02
     vertex 5.8876378780e-01 -4.5481362137e+00 -4.6245564808e-02
     vertex 4.6678824105e-01 -4.5481362137e+00 -5.4824238287e-02
   endloop
 endfacet
 facet normal  7.0157790253e-02 0.0000000000e+00 -9.9753590635e-01
   outer loop
     vertex 5.8876378780e-01 -4.3133835291e+00 -4.6245564808e-02
     vertex 4.6678824105e-01 -4.5481362137e+00 -5.4824238287e-02
     vertex 4.6678824105e-01 -4.3133835291e+00 -5.4824238287e-02
   endloop
 endfacet
 facet normal  3.9613515037e-02 0.0000000000e+00 -9.9921507666e-01
   outer loop
     vertex 4.6678824105e-01 -4.3133835291e+00 -5.4824238287e-02
     vertex 4.6678824105e-01 -4.5481362137e+00 -5.4824238287e-02
     vertex 3.4867161706e-01 -4.3133835291e+00 -5.9506928501e-02
   endloop
 endfacet
 facet normal  3.9613515037e-02 0.0000000000e+00 -9.9921507666e-01
   outer loop
     vertex 4.6678824105e-01 -4.5481362137e+00 -5.4824238287e-02
     vertex 3.4867161706e-01 -4.5481362137e+00 -5.9506928501e-02
     vertex 3.4867161706e-01 -4.3133835291e+00 -5.9506928501e-02
   endloop
 endfacet
 facet normal  -2.0754226775e-03 0.0000000000e+00 -9.9999784631e-01
   outer loop
     vertex 3.4867161706e-01 -4.3133835291e+00 -5.9506928501e-02
     vertex 3.4867161706e-01 -4.5481362137e+00 -5.9506928501e-02
     vertex 2.4565152047e-01 -4.3133835291e+00 -5.9293117796e-02
   endloop
 endfacet
 facet normal  -2.0754226775e-03 0.0000000000e+00 -9.9999784631e-01
   outer loop
     vertex 3.4867161706e-01 -4.5481362137e+00 -5.9506928501e-02
     vertex 2.4565152047e-01 -4.5481362137e+00 -5.9293117796e-02
     vertex 2.4565152047e-01 -4.3133835291e+00 -5.9293117796e-02
   endloop
 endfacet
 facet normal  -5.5453819818e-02 0.0000000000e+00 -9.9846125306e-01
   outer loop
     vertex 2.4565152047e-01 -4.3133835291e+00 -5.9293117796e-02
     vertex 2.4565152047e-01 -4.5481362137e+00 -5.9293117796e-02
     vertex 1.6380190832e-01 -4.3133835291e+00 -5.4747249210e-02
   endloop
 endfacet
 facet normal  -5.5453819818e-02 -2.9512832682e-17 -9.9846125306e-01
   outer loop
     vertex 2.4565152047e-01 -4.5481362137e+00 -5.9293117796e-02
     vertex 1.6380190832e-01 -4.5481362137e+00 -5.4747249210e-02
     vertex 1.6380190832e-01 -4.3133835291e+00 -5.4747249210e-02
   endloop
 endfacet
 facet normal  -1.2076702739e-01 -2.9341974526e-17 -9.9268087777e-01
   outer loop
     vertex 1.6380190832e-01 -4.3133835291e+00 -5.4747249210e-02
     vertex 1.6380190832e-01 -4.5481362137e+00 -5.4747249210e-02
     vertex 1.0361138312e-01 -4.3133835291e+00 -4.7424623209e-02
   endloop
 endfacet
 facet normal  -1.2076702739e-01 0.0000000000e+00 -9.9268087777e-01
   outer loop
     vertex 1.6380190832e-01 -4.5481362137e+00 -5.4747249210e-02
     vertex 1.0361138312e-01 -4.5481362137e+00 -4.7424623209e-02
     vertex 1.0361138312e-01 -4.3133835291e+00 -4.7424623209e-02
   endloop
 endfacet
 facet normal  -2.0023240962e-01 0.0000000000e+00 -9.7974842798e-01
   outer loop
     vertex 1.0361138312e-01 -4.3133835291e+00 -4.7424623209e-02
     vertex 1.0361138312e-01 -4.5481362137e+00 -4.7424623209e-02
     vertex 6.2004804867e-02 -4.3133835291e+00 -3.8921434858e-02
   endloop
 endfacet
 facet normal  -2.0023240962e-01 0.0000000000e+00 -9.7974842798e-01
   outer loop
     vertex 1.0361138312e-01 -4.5481362137e+00 -4.7424623209e-02
     vertex 6.2004804867e-02 -4.5481362137e+00 -3.8921434858e-02
     vertex 6.2004804867e-02 -4.3133835291e+00 -3.8921434858e-02
   endloop
 endfacet
 facet normal  -2.9935221327e-01 0.0000000000e+00 -9.5414267927e-01
   outer loop
     vertex 6.2004804867e-02 -4.3133835291e+00 -3.8921434858e-02
     vertex 6.2004804867e-02 -4.5481362137e+00 -3.8921434858e-02
     vertex 3.4701656177e-02 -4.3133835291e+00 -3.0355359608e-02
   endloop
 endfacet
 facet normal  -2.9935221327e-01 0.0000000000e+00 -9.5414267927e-01
   outer loop
     vertex 6.2004804867e-02 -4.5481362137e+00 -3.8921434858e-02
     vertex 3.4701656177e-02 -4.5481362137e+00 -3.0355359608e-02
     vertex 3.4701656177e-02 -4.3133835291e+00 -3.0355359608e-02
   endloop
 endfacet
 facet normal  -4.2610378432e-01 0.0000000000e+00 -9.0467428669e-01
   outer loop
     vertex 3.4701656177e-02 -4.3133835291e+00 -3.0355359608e-02
     vertex 3.4701656177e-02 -4.5481362137e+00 -3.0355359608e-02
     vertex 1.7711394777e-02 -4.3133835291e+00 -2.2352905260e-02
   endloop
 endfacet
 facet normal  -4.2610378432e-01 0.0000000000e+00 -9.0467428669e-01
   outer loop
     vertex 3.4701656177e-02 -4.5481362137e+00 -3.0355359608e-02
     vertex 1.7711394777e-02 -4.5481362137e+00 -2.2352905260e-02
     vertex 1.7711394777e-02 -4.3133835291e+00 -2.2352905260e-02
   endloop
 endfacet
 facet normal  -5.8540728658e-01 0.0000000000e+00 -8.1073935937e-01
   outer loop
     vertex 1.7711394777e-02 -4.3133835291e+00 -2.2352905260e-02
     vertex 1.7711394777e-02 -4.5481362137e+00 -2.2352905260e-02
     vertex 7.8928270998e-03 -4.3133835291e+00 -1.5263251853e-02
   endloop
 endfacet
 facet normal  -5.8540728658e-01 0.0000000000e+00 -8.1073935937e-01
   outer loop
     vertex 1.7711394777e-02 -4.5481362137e+00 -2.2352905260e-02
     vertex 7.8928270998e-03 -4.5481362137e+00 -1.5263251853e-02
     vertex 7.8928270998e-03 -4.3133835291e+00 -1.5263251853e-02
   endloop
 endfacet
 facet normal  -7.6128093626e-01 0.0000000000e+00 -6.4842218969e-01
   outer loop
     vertex 7.8928270998e-03 -4.3133835291e+00 -1.5263251853e-02
     vertex 7.8928270998e-03 -4.5481362137e+00 -1.5263251853e-02
     vertex 2.8852305479e-03 -4.3133835291e+00 -9.3840764449e-03
   endloop
 endfacet
 facet normal  -7.6128093626e-01 0.0000000000e+00 -6.4842218969e-01
   outer loop
     vertex 7.8928270998e-03 -4.5481362137e+00 -1.5263251853e-02
     vertex 2.8852305479e-03 -4.5481362137e+00 -9.3840764449e-03
     vertex 2.8852305479e-03 -4.3133835291e+00 -9.3840764449e-03
   endloop
 endfacet
 facet normal  -9.0355742872e-01 0.0000000000e+00 -4.2846700341e-01
   outer loop
     vertex 2.8852305479e-03 -4.3133835291e+00 -9.3840764449e-03
     vertex 2.8852305479e-03 -4.5481362137e+00 -9.3840764449e-03
     vertex 7.8807384983e-04 -4.3133835291e+00 -4.9615619954e-03
   endloop
 endfacet
 facet normal  -9.0355742872e-01 0.0000000000e+00 -4.2846700341e-01
   outer loop
     vertex 2.8852305479e-03 -4.5481362137e+00 -9.3840764449e-03
     vertex 7.8807384983e-04 -4.5481362137e+00 -4.9615619954e-03
     vertex 7.8807384983e-04 -4.3133835291e+00 -4.9615619954e-03
   endloop
 endfacet
 facet normal  -9.7629917451e-01 0.0000000000e+00 -2.1642532625e-01
   outer loop
     vertex 7.8807384983e-04 -4.3133835291e+00 -4.9615619954e-03
     vertex 7.8807384983e-04 -4.5481362137e+00 -4.9615619954e-03
     vertex 1.1903597513e-04 -4.3133835291e+00 -1.9435181458e-03
   endloop
 endfacet
 facet normal  -9.7629917451e-01 1.9991150202e-19 -2.1642532625e-01
   outer loop
     vertex 7.8807384983e-04 -4.5481362137e+00 -4.9615619954e-03
     vertex 1.1903597513e-04 -4.5481362137e+00 -1.9435181458e-03
     vertex 1.1903597513e-04 -4.3133835291e+00 -1.9435181458e-03
   endloop
 endfacet
 facet normal  -9.9812962151e-01 5.6468503686e-20 -6.1133122455e-02
   outer loop
     vertex 1.1903597513e-04 -4.3133835291e+00 -1.9435181458e-03
     vertex 1.1903597513e-04 -4.5481362137e+00 -1.9435181458e-03
     vertex 0.0000000000e+00 -4.3133835291e+00 0.0000000000e+00
   endloop
 endfacet
 facet normal  -9.9812962151e-01 0.0000000000e+00 -6.1133122455e-02
   outer loop
     vertex 1.1903597513e-04 -4.5481362137e+00 -1.9435181458e-03
     vertex 0.0000000000e+00 -4.5481362137e+00 0.0000000000e+00
     vertex 0.0000000000e+00 -4.3133835291e+00 0.0000000000e+00
   endloop
 endfacet
 facet normal  -9.9812962151e-01 0.0000000000e+00 6.1133122455e-02
   outer loop
     vertex 0.0000000000e+00 -4.3133835291e+00 0.0000000000e+00
     vertex 0.0000000000e+00 -4.5481362137e+00 0.0000000000e+00
     vertex 1.1903597513e-04 -4.5481362137e+00 1.9435181458e-03
   endloop
 endfacet
 facet normal  -9.9812962151e-01 5.7623105883e-20 6.1133122455e-02
   outer loop
     vertex 0.0000000000e+00 -4.3133835291e+00 0.0000000000e+00
     vertex 1.1903597513e-04 -4.5481362137e+00 1.9435181458e-03
     vertex 1.1903597513e-04 -4.3133835291e+00 1.9435181458e-03
   endloop
 endfacet
 facet normal  -9.7629917451e-01 5.6362810495e-20 2.1642532625e-01
   outer loop
     vertex 1.1903597513e-04 -4.3133835291e+00 1.9435181458e-03
     vertex 1.1903597513e-04 -4.5481362137e+00 1.9435181458e-03
     vertex 7.8807384983e-04 -4.5481362137e+00 4.9615619954e-03
   endloop
 endfacet
 facet normal  -9.7629917451e-01 7.9964600808e-19 2.1642532625e-01
   outer loop
     vertex 1.1903597513e-04 -4.3133835291e+00 1.9435181458e-03
     vertex 7.8807384983e-04 -4.5481362137e+00 4.9615619954e-03
     vertex 7.8807384983e-04 -4.3133835291e+00 4.9615619954e-03
   endloop
 endfacet
 facet normal  -9.0355742872e-01 1.5830953558e-18 4.2846700341e-01
   outer loop
     vertex 7.8807384983e-04 -4.3133835291e+00 4.9615619954e-03
     vertex 7.8807384983e-04 -4.5481362137e+00 4.9615619954e-03
     vertex 2.8852305479e-03 -4.5481362137e+00 9.3840764449e-03
   endloop
 endfacet
 facet normal  -9.0355742872e-01 0.0000000000e+00 4.2846700341e-01
   outer loop
     vertex 7.8807384983e-04 -4.3133835291e+00 4.9615619954e-03
     vertex 2.8852305479e-03 -4.5481362137e+00 9.3840764449e-03
     vertex 2.8852305479e-03 -4.3133835291e+00 9.3840764449e-03
   endloop
 endfacet
 facet normal  -7.6128093626e-01 0.0000000000e+00 6.4842218969e-01
   outer loop
     vertex 2.8852305479e-03 -4.3133835291e+00 9.3840764449e-03
     vertex 2.8852305479e-03 -4.5481362137e+00 9.3840764449e-03
     vertex 7.8928270998e-03 -4.5481362137e+00 1.5263251853e-02
   endloop
 endfacet
 facet normal  -7.6128093626e-01 0.0000000000e+00 6.4842218969e-01
   outer loop
     vertex 2.8852305479e-03 -4.3133835291e+00 9.3840764449e-03
     vertex 7.8928270998e-03 -4.5481362137e+00 1.5263251853e-02
     vertex 7.8928270998e-03 -4.3133835291e+00 1.5263251853e-02
   endloop
 endfacet
 facet normal  -5.8540728658e-01 0.0000000000e+00 8.1073935937e-01
   outer loop
     vertex 7.8928270998e-03 -4.3133835291e+00 1.5263251853e-02
     vertex 7.8928270998e-03 -4.5481362137e+00 1.5263251853e-02
     vertex 1.7711394777e-02 -4.5481362137e+00 2.2352905260e-02
   endloop
 endfacet
 facet normal  -5.8540728658e-01 0.0000000000e+00 8.1073935937e-01
   outer loop
     vertex 7.8928270998e-03 -4.3133835291e+00 1.5263251853e-02
     vertex 1.7711394777e-02 -4.5481362137e+00 2.2352905260e-02
     vertex 1.7711394777e-02 -4.3133835291e+00 2.2352905260e-02
   endloop
 endfacet
 facet normal  -4.2610378432e-01 0.0000000000e+00 9.0467428669e-01
   outer loop
     vertex 1.7711394777e-02 -4.3133835291e+00 2.2352905260e-02
     vertex 1.7711394777e-02 -4.5481362137e+00 2.2352905260e-02
     vertex 3.4701656177e-02 -4.5481362137e+00 3.0355359608e-02
   endloop
 endfacet
 facet normal  -4.2610378432e-01 1.3370323972e-17 9.0467428669e-01
   outer loop
     vertex 1.7711394777e-02 -4.3133835291e+00 2.2352905260e-02
     vertex 3.4701656177e-02 -4.5481362137e+00 3.0355359608e-02
     vertex 3.4701656177e-02 -4.3133835291e+00 3.0355359608e-02
   endloop
 endfacet
 facet normal  -2.9935221327e-01 1.4101425149e-17 9.5414267927e-01
   outer loop
     vertex 3.4701656177e-02 -4.3133835291e+00 3.0355359608e-02
     vertex 3.4701656177e-02 -4.5481362137e+00 3.0355359608e-02
     vertex 6.2004804867e-02 -4.5481362137e+00 3.8921434858e-02
   endloop
 endfacet
 facet normal  -2.9935221327e-01 0.0000000000e+00 9.5414267927e-01
   outer loop
     vertex 3.4701656177e-02 -4.3133835291e+00 3.0355359608e-02
     vertex 6.2004804867e-02 -4.5481362137e+00 3.8921434858e-02
     vertex 6.2004804867e-02 -4.3133835291e+00 3.8921434858e-02
   endloop
 endfacet
 facet normal  -2.0023240962e-01 0.0000000000e+00 9.7974842798e-01
   outer loop
     vertex 6.2004804867e-02 -4.3133835291e+00 3.8921434858e-02
     vertex 6.2004804867e-02 -4.5481362137e+00 3.8921434858e-02
     vertex 1.0361138312e-01 -4.5481362137e+00 4.7424623209e-02
   endloop
 endfacet
 facet normal  -2.0023240962e-01 0.0000000000e+00 9.7974842798e-01
   outer loop
     vertex 6.2004804867e-02 -4.3133835291e+00 3.8921434858e-02
     vertex 1.0361138312e-01 -4.5481362137e+00 4.7424623209e-02
     vertex 1.0361138312e-01 -4.3133835291e+00 4.7424623209e-02
   endloop
 endfacet
 facet normal  -1.2076702739e-01 0.0000000000e+00 9.9268087777e-01
   outer loop
     vertex 1.0361138312e-01 -4.3133835291e+00 4.7424623209e-02
     vertex 1.0361138312e-01 -4.5481362137e+00 4.7424623209e-02
     vertex 1.6380190832e-01 -4.5481362137e+00 5.4747249210e-02
   endloop
 endfacet
 facet normal  -1.2076702739e-01 0.0000000000e+00 9.9268087777e-01
   outer loop
     vertex 1.0361138312e-01 -4.3133835291e+00 4.7424623209e-02
     vertex 1.6380190832e-01 -4.5481362137e+00 5.4747249210e-02
     vertex 1.6380190832e-01 -4.3133835291e+00 5.4747249210e-02
   endloop
 endfacet
 facet normal  -5.5453819818e-02 0.0000000000e+00 9.9846125306e-01
   outer loop
     vertex 1.6380190832e-01 -4.3133835291e+00 5.4747249210e-02
     vertex 1.6380190832e-01 -4.5481362137e+00 5.4747249210e-02
     vertex 2.4565152047e-01 -4.5481362137e+00 5.9293117796e-02
   endloop
 endfacet
 facet normal  -5.5453819818e-02 0.0000000000e+00 9.9846125306e-01
   outer loop
     vertex 1.6380190832e-01 -4.3133835291e+00 5.4747249210e-02
     vertex 2.4565152047e-01 -4.5481362137e+00 5.9293117796e-02
     vertex 2.4565152047e-01 -4.3133835291e+00 5.9293117796e-02
   endloop
 endfacet
 facet normal  -2.0754226775e-03 0.0000000000e+00 9.9999784631e-01
   outer loop
     vertex 2.4565152047e-01 -4.3133835291e+00 5.9293117796e-02
     vertex 2.4565152047e-01 -4.5481362137e+00 5.9293117796e-02
     vertex 3.4867161706e-01 -4.5481362137e+00 5.9506928501e-02
   endloop
 endfacet
 facet normal  -2.0754226775e-03 -4.9076798554e-19 9.9999784631e-01
   outer loop
     vertex 2.4565152047e-01 -4.3133835291e+00 5.9293117796e-02
     vertex 3.4867161706e-01 -4.5481362137e+00 5.9506928501e-02
     vertex 3.4867161706e-01 -4.3133835291e+00 5.9506928501e-02
   endloop
 endfacet
 facet normal  3.9613515037e-02 9.3672701881e-18 9.9921507666e-01
   outer loop
     vertex 3.4867161706e-01 -4.3133835291e+00 5.9506928501e-02
     vertex 3.4867161706e-01 -4.5481362137e+00 5.9506928501e-02
     vertex 4.6678824105e-01 -4.5481362137e+00 5.4824238287e-02
   endloop
 endfacet
 facet normal  3.9613515037e-02 -0.0000000000e+00 9.9921507666e-01
   outer loop
     vertex 3.4867161706e-01 -4.3133835291e+00 5.9506928501e-02
     vertex 4.6678824105e-01 -4.5481362137e+00 5.4824238287e-02
     vertex 4.6678824105e-01 -4.3133835291e+00 5.4824238287e-02
   endloop
 endfacet
 facet normal  7.0157790253e-02 -0.0000000000e+00 9.9753590635e-01
   outer loop
     vertex 4.6678824105e-01 -4.3133835291e+00 5.4824238287e-02
     vertex 4.6678824105e-01 -4.5481362137e+00 5.4824238287e-02
     vertex 5.8876378780e-01 -4.3133835291e+00 4.6245564808e-02
   endloop
 endfacet
 facet normal  7.0157790253e-02 -0.0000000000e+00 9.9753590635e-01
   outer loop
     vertex 4.6678824105e-01 -4.5481362137e+00 5.4824238287e-02
     vertex 5.8876378780e-01 -4.5481362137e+00 4.6245564808e-02
     vertex 5.8876378780e-01 -4.3133835291e+00 4.6245564808e-02
   endloop
 endfacet
 facet normal  9.1463328509e-02 -0.0000000000e+00 9.9580844520e-01
   outer loop
     vertex 5.8876378780e-01 -4.3133835291e+00 4.6245564808e-02
     vertex 5.8876378780e-01 -4.5481362137e+00 4.6245564808e-02
     vertex 7.0192689193e-01 -4.3133835291e+00 3.5851724287e-02
   endloop
 endfacet
 facet normal  9.1463328509e-02 -0.0000000000e+00 9.9580844520e-01
   outer loop
     vertex 5.8876378780e-01 -4.5481362137e+00 4.6245564808e-02
     vertex 7.0192689193e-01 -4.5481362137e+00 3.5851724287e-02
     vertex 7.0192689193e-01 -4.3133835291e+00 3.5851724287e-02
   endloop
 endfacet
 facet normal  1.0637499606e-01 -0.0000000000e+00 9.9432608344e-01
   outer loop
     vertex 7.0192689193e-01 -4.3133835291e+00 3.5851724287e-02
     vertex 7.0192689193e-01 -4.5481362137e+00 3.5851724287e-02
     vertex 7.9695803833e-01 -4.3133835291e+00 2.5685101897e-02
   endloop
 endfacet
 facet normal  1.0637499606e-01 -0.0000000000e+00 9.9432608344e-01
   outer loop
     vertex 7.0192689193e-01 -4.5481362137e+00 3.5851724287e-02
     vertex 7.9695803833e-01 -4.5481362137e+00 2.5685101897e-02
     vertex 7.9695803833e-01 -4.3133835291e+00 2.5685101897e-02
   endloop
 endfacet
 facet normal  1.1718870894e-01 -0.0000000000e+00 9.9310966489e-01
   outer loop
     vertex 7.9695803833e-01 -4.3133835291e+00 2.5685101897e-02
     vertex 7.9695803833e-01 -4.5481362137e+00 2.5685101897e-02
     vertex 8.7030448965e-01 -4.3133835291e+00 1.7030090029e-02
   endloop
 endfacet
 facet normal  1.1718870894e-01 -0.0000000000e+00 9.9310966489e-01
   outer loop
     vertex 7.9695803833e-01 -4.5481362137e+00 2.5685101897e-02
     vertex 8.7030448965e-01 -4.5481362137e+00 1.7030090029e-02
     vertex 8.7030448965e-01 -4.3133835291e+00 1.7030090029e-02
   endloop
 endfacet
 facet normal  1.2513251854e-01 -0.0000000000e+00 9.9214003689e-01
   outer loop
     vertex 8.7030448965e-01 -4.3133835291e+00 1.7030090029e-02
     vertex 8.7030448965e-01 -4.5481362137e+00 1.7030090029e-02
     vertex 9.2331020388e-01 -4.3133835291e+00 1.0344805420e-02
   endloop
 endfacet
 facet normal  1.2513251854e-01 -0.0000000000e+00 9.9214003689e-01
   outer loop
     vertex 8.7030448965e-01 -4.5481362137e+00 1.7030090029e-02
     vertex 9.2331020388e-01 -4.5481362137e+00 1.0344805420e-02
     vertex 9.2331020388e-01 -4.3133835291e+00 1.0344805420e-02
   endloop
 endfacet
 facet normal  1.3095350728e-01 -0.0000000000e+00 9.9138851059e-01
   outer loop
     vertex 9.2331020388e-01 -4.3133835291e+00 1.0344805420e-02
     vertex 9.2331020388e-01 -4.5481362137e+00 1.0344805420e-02
     vertex 9.5982161505e-01 -4.3133835291e+00 5.5219763305e-03
   endloop
 endfacet
 facet normal  1.3095350728e-01 -0.0000000000e+00 9.9138851059e-01
   outer loop
     vertex 9.2331020388e-01 -4.5481362137e+00 1.0344805420e-02
     vertex 9.5982161505e-01 -4.5481362137e+00 5.5219763305e-03
     vertex 9.5982161505e-01 -4.3133835291e+00 5.5219763305e-03
   endloop
 endfacet
 facet normal  1.3505987260e-01 -0.0000000000e+00 9.9083743915e-01
   outer loop
     vertex 9.5982161505e-01 -4.3133835291e+00 5.5219763305e-03
     vertex 9.5982161505e-01 -4.5481362137e+00 5.5219763305e-03
     vertex 9.8414844626e-01 -4.3133835291e+00 2.2060149078e-03
   endloop
 endfacet
 facet normal  1.3505987260e-01 -0.0000000000e+00 9.9083743915e-01
   outer loop
     vertex 9.5982161505e-01 -4.5481362137e+00 5.5219763305e-03
     vertex 9.8414844626e-01 -4.5481362137e+00 2.2060149078e-03
     vertex 9.8414844626e-01 -4.3133835291e+00 2.2060149078e-03
   endloop
 endfacet
 facet normal  1.3783871552e-01 -0.0000000000e+00 9.9045468776e-01
   outer loop
     vertex 9.8414844626e-01 -4.3133835291e+00 2.2060149078e-03
     vertex 9.8414844626e-01 -4.5481362137e+00 2.2060149078e-03
     vertex 1.0000000000e+00 -4.3133835291e+00 0.0000000000e+00
   endloop
 endfacet
 facet normal  1.3783871552e-01 -0.0000000000e+00 9.9045468776e-01
   outer loop
     vertex 9.8414844626e-01 -4.5481362137e+00 2.2060149078e-03
     vertex 1.0000000000e+00 -4.5481362137e+00 0.0000000000e+00
     vertex 1.0000000000e+00 -4.3133835291e+00 0.0000000000e+00
   endloop
 endfacet
 facet normal  1.3783871552e-01 0.0000000000e+00 -9.9045468776e-01
   outer loop
     vertex 1.0000000000e+00 -4.5481362137e+00 0.0000000000e+00
     vertex 1.0000000000e+00 -4.7216497867e+00 0.0000000000e+00
     vertex 9.8414844626e-01 -4.7216497867e+00 -2.2060149078e-03
   endloop
 endfacet
 facet normal  1.3783871552e-01 0.0000000000e+00 -9.9045468776e-01
   outer loop
     vertex 1.0000000000e+00 -4.5481362137e+00 0.0000000000e+00
     vertex 9.8414844626e-01 -4.7216497867e+00 -2.2060149078e-03
     vertex 9.8414844626e-01 -4.5481362137e+00 -2.2060149078e-03
   endloop
 endfacet
 facet normal  1.3505987260e-01 0.0000000000e+00 -9.9083743915e-01
   outer loop
     vertex 9.8414844626e-01 -4.5481362137e+00 -2.2060149078e-03
     vertex 9.8414844626e-01 -4.7216497867e+00 -2.2060149078e-03
     vertex 9.5982161505e-01 -4.7216497867e+00 -5.5219763305e-03
   endloop
 endfacet
 facet normal  1.3505987260e-01 0.0000000000e+00 -9.9083743915e-01
   outer loop
     vertex 9.8414844626e-01 -4.5481362137e+00 -2.2060149078e-03
     vertex 9.5982161505e-01 -4.7216497867e+00 -5.5219763305e-03
     vertex 9.5982161505e-01 -4.5481362137e+00 -5.5219763305e-03
   endloop
 endfacet
 facet normal  1.3095350728e-01 0.0000000000e+00 -9.9138851059e-01
   outer loop
     vertex 9.5982161505e-01 -4.5481362137e+00 -5.5219763305e-03
     vertex 9.5982161505e-01 -4.7216497867e+00 -5.5219763305e-03
     vertex 9.2331020388e-01 -4.7216497867e+00 -1.0344805420e-02
   endloop
 endfacet
 facet normal  1.3095350728e-01 0.0000000000e+00 -9.9138851059e-01
   outer loop
     vertex 9.5982161505e-01 -4.5481362137e+00 -5.5219763305e-03
     vertex 9.2331020388e-01 -4.7216497867e+00 -1.0344805420e-02
     vertex 9.2331020388e-01 -4.5481362137e+00 -1.0344805420e-02
   endloop
 endfacet
 facet normal  1.2513251854e-01 0.0000000000e+00 -9.9214003689e-01
   outer loop
     vertex 9.2331020388e-01 -4.5481362137e+00 -1.0344805420e-02
     vertex 9.2331020388e-01 -4.7216497867e+00 -1.0344805420e-02
     vertex 8.7030448965e-01 -4.7216497867e+00 -1.7030090029e-02
   endloop
 endfacet
 facet normal  1.2513251854e-01 0.0000000000e+00 -9.9214003689e-01
   outer loop
     vertex 9.2331020388e-01 -4.5481362137e+00 -1.0344805420e-02
     vertex 8.7030448965e-01 -4.7216497867e+00 -1.7030090029e-02
     vertex 8.7030448965e-01 -4.5481362137e+00 -1.7030090029e-02
   endloop
 endfacet
 facet normal  1.1718870894e-01 0.0000000000e+00 -9.9310966489e-01
   outer loop
     vertex 8.7030448965e-01 -4.5481362137e+00 -1.7030090029e-02
     vertex 8.7030448965e-01 -4.7216497867e+00 -1.7030090029e-02
     vertex 7.9695803833e-01 -4.7216497867e+00 -2.5685101897e-02
   endloop
 endfacet
 facet normal  1.1718870894e-01 0.0000000000e+00 -9.9310966489e-01
   outer loop
     vertex 8.7030448965e-01 -4.5481362137e+00 -1.7030090029e-02
     vertex 7.9695803833e-01 -4.7216497867e+00 -2.5685101897e-02
     vertex 7.9695803833e-01 -4.5481362137e+00 -2.5685101897e-02
   endloop
 endfacet
 facet normal  1.0637499606e-01 0.0000000000e+00 -9.9432608344e-01
   outer loop
     vertex 7.9695803833e-01 -4.5481362137e+00 -2.5685101897e-02
     vertex 7.9695803833e-01 -4.7216497867e+00 -2.5685101897e-02
     vertex 7.0192689193e-01 -4.7216497867e+00 -3.5851724287e-02
   endloop
 endfacet
 facet normal  1.0637499606e-01 0.0000000000e+00 -9.9432608344e-01
   outer loop
     vertex 7.9695803833e-01 -4.5481362137e+00 -2.5685101897e-02
     vertex 7.0192689193e-01 -4.7216497867e+00 -3.5851724287e-02
     vertex 7.0192689193e-01 -4.5481362137e+00 -3.5851724287e-02
   endloop
 endfacet
 facet normal  9.1463328509e-02 0.0000000000e+00 -9.9580844520e-01
   outer loop
     vertex 7.0192689193e-01 -4.5481362137e+00 -3.5851724287e-02
     vertex 7.0192689193e-01 -4.7216497867e+00 -3.5851724287e-02
     vertex 5.8876378780e-01 -4.7216497867e+00 -4.6245564808e-02
   endloop
 endfacet
 facet normal  9.1463328509e-02 -3.9822873973e-17 -9.9580844520e-01
   outer loop
     vertex 7.0192689193e-01 -4.5481362137e+00 -3.5851724287e-02
     vertex 5.8876378780e-01 -4.7216497867e+00 -4.6245564808e-02
     vertex 5.8876378780e-01 -4.5481362137e+00 -4.6245564808e-02
   endloop
 endfacet
 facet normal  7.0157790253e-02 -3.9891956002e-17 -9.9753590635e-01
   outer loop
     vertex 5.8876378780e-01 -4.5481362137e+00 -4.6245564808e-02
     vertex 5.8876378780e-01 -4.7216497867e+00 -4.6245564808e-02
     vertex 4.6678824105e-01 -4.7216497867e+00 -5.4824238287e-02
   endloop
 endfacet
 facet normal  7.0157790253e-02 0.0000000000e+00 -9.9753590635e-01
   outer loop
     vertex 5.8876378780e-01 -4.5481362137e+00 -4.6245564808e-02
     vertex 4.6678824105e-01 -4.7216497867e+00 -5.4824238287e-02
     vertex 4.6678824105e-01 -4.5481362137e+00 -5.4824238287e-02
   endloop
 endfacet
 facet normal  3.9613515037e-02 0.0000000000e+00 -9.9921507666e-01
   outer loop
     vertex 4.6678824105e-01 -4.5481362137e+00 -5.4824238287e-02
     vertex 4.6678824105e-01 -4.7216497867e+00 -5.4824238287e-02
     vertex 3.4867161706e-01 -4.5481362137e+00 -5.9506928501e-02
   endloop
 endfacet
 facet normal  3.9613515037e-02 0.0000000000e+00 -9.9921507666e-01
   outer loop
     vertex 4.6678824105e-01 -4.7216497867e+00 -5.4824238287e-02
     vertex 3.4867161706e-01 -4.7216497867e+00 -5.9506928501e-02
     vertex 3.4867161706e-01 -4.5481362137e+00 -5.9506928501e-02
   endloop
 endfacet
 facet normal  -2.0754226775e-03 0.0000000000e+00 -9.9999784631e-01
   outer loop
     vertex 3.4867161706e-01 -4.5481362137e+00 -5.9506928501e-02
     vertex 3.4867161706e-01 -4.7216497867e+00 -5.9506928501e-02
     vertex 2.4565152047e-01 -4.5481362137e+00 -5.9293117796e-02
   endloop
 endfacet
 facet normal  -2.0754226775e-03 0.0000000000e+00 -9.9999784631e-01
   outer loop
     vertex 3.4867161706e-01 -4.7216497867e+00 -5.9506928501e-02
     vertex 2.4565152047e-01 -4.7216497867e+00 -5.9293117796e-02
     vertex 2.4565152047e-01 -4.5481362137e+00 -5.9293117796e-02
   endloop
 endfacet
 facet normal  -5.5453819818e-02 0.0000000000e+00 -9.9846125306e-01
   outer loop
     vertex 2.4565152047e-01 -4.5481362137e+00 -5.9293117796e-02
     vertex 2.4565152047e-01 -4.7216497867e+00 -5.9293117796e-02
     vertex 1.6380190832e-01 -4.5481362137e+00 -5.4747249210e-02
   endloop
 endfacet
 facet normal  -5.5453819818e-02 0.0000000000e+00 -9.9846125306e-01
   outer loop
     vertex 2.4565152047e-01 -4.7216497867e+00 -5.9293117796e-02
     vertex 1.6380190832e-01 -4.7216497867e+00 -5.4747249210e-02
     vertex 1.6380190832e-01 -4.5481362137e+00 -5.4747249210e-02
   endloop
 endfacet
 facet normal  -1.2076702739e-01 0.0000000000e+00 -9.9268087777e-01
   outer loop
     vertex 1.6380190832e-01 -4.5481362137e+00 -5.4747249210e-02
     vertex 1.6380190832e-01 -4.7216497867e+00 -5.4747249210e-02
     vertex 1.0361138312e-01 -4.5481362137e+00 -4.7424623209e-02
   endloop
 endfacet
 facet normal  -1.2076702739e-01 0.0000000000e+00 -9.9268087777e-01
   outer loop
     vertex 1.6380190832e-01 -4.7216497867e+00 -5.4747249210e-02
     vertex 1.0361138312e-01 -4.7216497867e+00 -4.7424623209e-02
     vertex 1.0361138312e-01 -4.5481362137e+00 -4.7424623209e-02
   endloop
 endfacet
 facet normal  -2.0023240962e-01 0.0000000000e+00 -9.7974842798e-01
   outer loop
     vertex 1.0361138312e-01 -4.5481362137e+00 -4.7424623209e-02
     vertex 1.0361138312e-01 -4.7216497867e+00 -4.7424623209e-02
     vertex 6.2004804867e-02 -4.5481362137e+00 -3.8921434858e-02
   endloop
 endfacet
 facet normal  -2.0023240962e-01 0.0000000000e+00 -9.7974842798e-01
   outer loop
     vertex 1.0361138312e-01 -4.7216497867e+00 -4.7424623209e-02
     vertex 6.2004804867e-02 -4.7216497867e+00 -3.8921434858e-02
     vertex 6.2004804867e-02 -4.5481362137e+00 -3.8921434858e-02
   endloop
 endfacet
 facet normal  -2.9935221327e-01 0.0000000000e+00 -9.5414267927e-01
   outer loop
     vertex 6.2004804867e-02 -4.5481362137e+00 -3.8921434858e-02
     vertex 6.2004804867e-02 -4.7216497867e+00 -3.8921434858e-02
     vertex 3.4701656177e-02 -4.5481362137e+00 -3.0355359608e-02
   endloop
 endfacet
 facet normal  -2.9935221327e-01 0.0000000000e+00 -9.5414267927e-01
   outer loop
     vertex 6.2004804867e-02 -4.7216497867e+00 -3.8921434858e-02
     vertex 3.4701656177e-02 -4.7216497867e+00 -3.0355359608e-02
     vertex 3.4701656177e-02 -4.5481362137e+00 -3.0355359608e-02
   endloop
 endfacet
 facet normal  -4.2610378432e-01 0.0000000000e+00 -9.0467428669e-01
   outer loop
     vertex 3.4701656177e-02 -4.5481362137e+00 -3.0355359608e-02
     vertex 3.4701656177e-02 -4.7216497867e+00 -3.0355359608e-02
     vertex 1.7711394777e-02 -4.5481362137e+00 -2.2352905260e-02
   endloop
 endfacet
 facet normal  -4.2610378432e-01 0.0000000000e+00 -9.0467428669e-01
   outer loop
     vertex 3.4701656177e-02 -4.7216497867e+00 -3.0355359608e-02
     vertex 1.7711394777e-02 -4.7216497867e+00 -2.2352905260e-02
     vertex 1.7711394777e-02 -4.5481362137e+00 -2.2352905260e-02
   endloop
 endfacet
 facet normal  -5.8540728658e-01 0.0000000000e+00 -8.1073935937e-01
   outer loop
     vertex 1.7711394777e-02 -4.5481362137e+00 -2.2352905260e-02
     vertex 1.7711394777e-02 -4.7216497867e+00 -2.2352905260e-02
     vertex 7.8928270998e-03 -4.5481362137e+00 -1.5263251853e-02
   endloop
 endfacet
 facet normal  -5.8540728658e-01 0.0000000000e+00 -8.1073935937e-01
   outer loop
     vertex 1.7711394777e-02 -4.7216497867e+00 -2.2352905260e-02
     vertex 7.8928270998e-03 -4.7216497867e+00 -1.5263251853e-02
     vertex 7.8928270998e-03 -4.5481362137e+00 -1.5263251853e-02
   endloop
 endfacet
 facet normal  -7.6128093626e-01 0.0000000000e+00 -6.4842218969e-01
   outer loop
     vertex 7.8928270998e-03 -4.5481362137e+00 -1.5263251853e-02
     vertex 7.8928270998e-03 -4.7216497867e+00 -1.5263251853e-02
     vertex 2.8852305479e-03 -4.5481362137e+00 -9.3840764449e-03
   endloop
 endfacet
 facet normal  -7.6128093626e-01 0.0000000000e+00 -6.4842218969e-01
   outer loop
     vertex 7.8928270998e-03 -4.7216497867e+00 -1.5263251853e-02
     vertex 2.8852305479e-03 -4.7216497867e+00 -9.3840764449e-03
     vertex 2.8852305479e-03 -4.5481362137e+00 -9.3840764449e-03
   endloop
 endfacet
 facet normal  -9.0355742872e-01 0.0000000000e+00 -4.2846700341e-01
   outer loop
     vertex 2.8852305479e-03 -4.5481362137e+00 -9.3840764449e-03
     vertex 2.8852305479e-03 -4.7216497867e+00 -9.3840764449e-03
     vertex 7.8807384983e-04 -4.5481362137e+00 -4.9615619954e-03
   endloop
 endfacet
 facet normal  -9.0355742872e-01 0.0000000000e+00 -4.2846700341e-01
   outer loop
     vertex 2.8852305479e-03 -4.7216497867e+00 -9.3840764449e-03
     vertex 7.8807384983e-04 -4.7216497867e+00 -4.9615619954e-03
     vertex 7.8807384983e-04 -4.5481362137e+00 -4.9615619954e-03
   endloop
 endfacet
 facet normal  -9.7629917451e-01 0.0000000000e+00 -2.1642532625e-01
   outer loop
     vertex 7.8807384983e-04 -4.5481362137e+00 -4.9615619954e-03
     vertex 7.8807384983e-04 -4.7216497867e+00 -4.9615619954e-03
     vertex 1.1903597513e-04 -4.5481362137e+00 -1.9435181458e-03
   endloop
 endfacet
 facet normal  -9.7629917451e-01 0.0000000000e+00 -2.1642532625e-01
   outer loop
     vertex 7.8807384983e-04 -4.7216497867e+00 -4.9615619954e-03
     vertex 1.1903597513e-04 -4.7216497867e+00 -1.9435181458e-03
     vertex 1.1903597513e-04 -4.5481362137e+00 -1.9435181458e-03
   endloop
 endfacet
 facet normal  -9.9812962151e-01 0.0000000000e+00 -6.1133122455e-02
   outer loop
     vertex 1.1903597513e-04 -4.5481362137e+00 -1.9435181458e-03
     vertex 1.1903597513e-04 -4.7216497867e+00 -1.9435181458e-03
     vertex 0.0000000000e+00 -4.5481362137e+00 0.0000000000e+00
   endloop
 endfacet
 facet normal  -9.9812962151e-01 0.0000000000e+00 -6.1133122455e-02
   outer loop
     vertex 1.1903597513e-04 -4.7216497867e+00 -1.9435181458e-03
     vertex 0.0000000000e+00 -4.7216497867e+00 0.0000000000e+00
     vertex 0.0000000000e+00 -4.5481362137e+00 0.0000000000e+00
   endloop
 endfacet
 facet normal  -9.9812962151e-01 0.0000000000e+00 6.1133122455e-02
   outer loop
     vertex 0.0000000000e+00 -4.5481362137e+00 0.0000000000e+00
     vertex 0.0000000000e+00 -4.7216497867e+00 0.0000000000e+00
     vertex 1.1903597513e-04 -4.7216497867e+00 1.9435181458e-03
   endloop
 endfacet
 facet normal  -9.9812962151e-01 0.0000000000e+00 6.1133122455e-02
   outer loop
     vertex 0.0000000000e+00 -4.5481362137e+00 0.0000000000e+00
     vertex 1.1903597513e-04 -4.7216497867e+00 1.9435181458e-03
     vertex 1.1903597513e-04 -4.5481362137e+00 1.9435181458e-03
   endloop
 endfacet
 facet normal  -9.7629917451e-01 0.0000000000e+00 2.1642532625e-01
   outer loop
     vertex 1.1903597513e-04 -4.5481362137e+00 1.9435181458e-03
     vertex 1.1903597513e-04 -4.7216497867e+00 1.9435181458e-03
     vertex 7.8807384983e-04 -4.7216497867e+00 4.9615619954e-03
   endloop
 endfacet
 facet normal  -9.7629917451e-01 0.0000000000e+00 2.1642532625e-01
   outer loop
     vertex 1.1903597513e-04 -4.5481362137e+00 1.9435181458e-03
     vertex 7.8807384983e-04 -4.7216497867e+00 4.9615619954e-03
     vertex 7.8807384983e-04 -4.5481362137e+00 4.9615619954e-03
   endloop
 endfacet
 facet normal  -9.0355742872e-01 0.0000000000e+00 4.2846700341e-01
   outer loop
     vertex 7.8807384983e-04 -4.5481362137e+00 4.9615619954e-03
     vertex 7.8807384983e-04 -4.7216497867e+00 4.9615619954e-03
     vertex 2.8852305479e-03 -4.7216497867e+00 9.3840764449e-03
   endloop
 endfacet
 facet normal  -9.0355742872e-01 0.0000000000e+00 4.2846700341e-01
   outer loop
     vertex 7.8807384983e-04 -4.5481362137e+00 4.9615619954e-03
     vertex 2.8852305479e-03 -4.7216497867e+00 9.3840764449e-03
     vertex 2.8852305479e-03 -4.5481362137e+00 9.3840764449e-03
   endloop
 endfacet
 facet normal  -7.6128093626e-01 0.0000000000e+00 6.4842218969e-01
   outer loop
     vertex 2.8852305479e-03 -4.5481362137e+00 9.3840764449e-03
     vertex 2.8852305479e-03 -4.7216497867e+00 9.3840764449e-03
     vertex 7.8928270998e-03 -4.7216497867e+00 1.5263251853e-02
   endloop
 endfacet
 facet normal  -7.6128093626e-01 0.0000000000e+00 6.4842218969e-01
   outer loop
     vertex 2.8852305479e-03 -4.5481362137e+00 9.3840764449e-03
     vertex 7.8928270998e-03 -4.7216497867e+00 1.5263251853e-02
     vertex 7.8928270998e-03 -4.5481362137e+00 1.5263251853e-02
   endloop
 endfacet
 facet normal  -5.8540728658e-01 0.0000000000e+00 8.1073935937e-01
   outer loop
     vertex 7.8928270998e-03 -4.5481362137e+00 1.5263251853e-02
     vertex 7.8928270998e-03 -4.7216497867e+00 1.5263251853e-02
     vertex 1.7711394777e-02 -4.7216497867e+00 2.2352905260e-02
   endloop
 endfacet
 facet normal  -5.8540728658e-01 0.0000000000e+00 8.1073935937e-01
   outer loop
     vertex 7.8928270998e-03 -4.5481362137e+00 1.5263251853e-02
     vertex 1.7711394777e-02 -4.7216497867e+00 2.2352905260e-02
     vertex 1.7711394777e-02 -4.5481362137e+00 2.2352905260e-02
   endloop
 endfacet
 facet normal  -4.2610378432e-01 0.0000000000e+00 9.0467428669e-01
   outer loop
     vertex 1.7711394777e-02 -4.5481362137e+00 2.2352905260e-02
     vertex 1.7711394777e-02 -4.7216497867e+00 2.2352905260e-02
     vertex 3.4701656177e-02 -4.7216497867e+00 3.0355359608e-02
   endloop
 endfacet
 facet normal  -4.2610378432e-01 -1.8089186871e-17 9.0467428669e-01
   outer loop
     vertex 1.7711394777e-02 -4.5481362137e+00 2.2352905260e-02
     vertex 3.4701656177e-02 -4.7216497867e+00 3.0355359608e-02
     vertex 3.4701656177e-02 -4.5481362137e+00 3.0355359608e-02
   endloop
 endfacet
 facet normal  -2.9935221327e-01 -1.9078319657e-17 9.5414267927e-01
   outer loop
     vertex 3.4701656177e-02 -4.5481362137e+00 3.0355359608e-02
     vertex 3.4701656177e-02 -4.7216497867e+00 3.0355359608e-02
     vertex 6.2004804867e-02 -4.7216497867e+00 3.8921434858e-02
   endloop
 endfacet
 facet normal  -2.9935221327e-01 0.0000000000e+00 9.5414267927e-01
   outer loop
     vertex 3.4701656177e-02 -4.5481362137e+00 3.0355359608e-02
     vertex 6.2004804867e-02 -4.7216497867e+00 3.8921434858e-02
     vertex 6.2004804867e-02 -4.5481362137e+00 3.8921434858e-02
   endloop
 endfacet
 facet normal  -2.0023240962e-01 0.0000000000e+00 9.7974842798e-01
   outer loop
     vertex 6.2004804867e-02 -4.5481362137e+00 3.8921434858e-02
     vertex 6.2004804867e-02 -4.7216497867e+00 3.8921434858e-02
     vertex 1.0361138312e-01 -4.7216497867e+00 4.7424623209e-02
   endloop
 endfacet
 facet normal  -2.0023240962e-01 0.0000000000e+00 9.7974842798e-01
   outer loop
     vertex 6.2004804867e-02 -4.5481362137e+00 3.8921434858e-02
     vertex 1.0361138312e-01 -4.7216497867e+00 4.7424623209e-02
     vertex 1.0361138312e-01 -4.5481362137e+00 4.7424623209e-02
   endloop
 endfacet
 facet normal  -1.2076702739e-01 0.0000000000e+00 9.9268087777e-01
   outer loop
     vertex 1.0361138312e-01 -4.5481362137e+00 4.7424623209e-02
     vertex 1.0361138312e-01 -4.7216497867e+00 4.7424623209e-02
     vertex 1.6380190832e-01 -4.7216497867e+00 5.4747249210e-02
   endloop
 endfacet
 facet normal  -1.2076702739e-01 0.0000000000e+00 9.9268087777e-01
   outer loop
     vertex 1.0361138312e-01 -4.5481362137e+00 4.7424623209e-02
     vertex 1.6380190832e-01 -4.7216497867e+00 5.4747249210e-02
     vertex 1.6380190832e-01 -4.5481362137e+00 5.4747249210e-02
   endloop
 endfacet
 facet normal  -5.5453819818e-02 0.0000000000e+00 9.9846125306e-01
   outer loop
     vertex 1.6380190832e-01 -4.5481362137e+00 5.4747249210e-02
     vertex 1.6380190832e-01 -4.7216497867e+00 5.4747249210e-02
     vertex 2.4565152047e-01 -4.7216497867e+00 5.9293117796e-02
   endloop
 endfacet
 facet normal  -5.5453819818e-02 0.0000000000e+00 9.9846125306e-01
   outer loop
     vertex 1.6380190832e-01 -4.5481362137e+00 5.4747249210e-02
     vertex 2.4565152047e-01 -4.7216497867e+00 5.9293117796e-02
     vertex 2.4565152047e-01 -4.5481362137e+00 5.9293117796e-02
   endloop
 endfacet
 facet normal  -2.0754226775e-03 0.0000000000e+00 9.9999784631e-01
   outer loop
     vertex 2.4565152047e-01 -4.5481362137e+00 5.9293117796e-02
     vertex 2.4565152047e-01 -4.7216497867e+00 5.9293117796e-02
     vertex 3.4867161706e-01 -4.7216497867e+00 5.9506928501e-02
   endloop
 endfacet
 facet normal  -2.0754226775e-03 -6.6397746374e-19 9.9999784631e-01
   outer loop
     vertex 2.4565152047e-01 -4.5481362137e+00 5.9293117796e-02
     vertex 3.4867161706e-01 -4.7216497867e+00 5.9506928501e-02
     vertex 3.4867161706e-01 -4.5481362137e+00 5.9506928501e-02
   endloop
 endfacet
 facet normal  3.9613515037e-02 1.2673313021e-17 9.9921507666e-01
   outer loop
     vertex 3.4867161706e-01 -4.5481362137e+00 5.9506928501e-02
     vertex 3.4867161706e-01 -4.7216497867e+00 5.9506928501e-02
     vertex 4.6678824105e-01 -4.7216497867e+00 5.4824238287e-02
   endloop
 endfacet
 facet normal  3.9613515037e-02 -0.0000000000e+00 9.9921507666e-01
   outer loop
     vertex 3.4867161706e-01 -4.5481362137e+00 5.9506928501e-02
     vertex 4.6678824105e-01 -4.7216497867e+00 5.4824238287e-02
     vertex 4.6678824105e-01 -4.5481362137e+00 5.4824238287e-02
   endloop
 endfacet
 facet normal  7.0157790253e-02 -0.0000000000e+00 9.9753590635e-01
   outer loop
     vertex 4.6678824105e-01 -4.5481362137e+00 5.4824238287e-02
     vertex 4.6678824105e-01 -4.7216497867e+00 5.4824238287e-02
     vertex 5.8876378780e-01 -4.5481362137e+00 4.6245564808e-02
   endloop
 endfacet
 facet normal  7.0157790253e-02 -0.0000000000e+00 9.9753590635e-01
   outer loop
     vertex 4.6678824105e-01 -4.7216497867e+00 5.4824238287e-02
     vertex 5.8876378780e-01 -4.7216497867e+00 4.6245564808e-02
     vertex 5.8876378780e-01 -4.5481362137e+00 4.6245564808e-02
   endloop
 endfacet
 facet normal  9.1463328509e-02 -0.0000000000e+00 9.9580844520e-01
   outer loop
     vertex 5.8876378780e-01 -4.5481362137e+00 4.6245564808e-02
     vertex 5.8876378780e-01 -4.7216497867e+00 4.6245564808e-02
     vertex 7.0192689193e-01 -4.5481362137e+00 3.5851724287e-02
   endloop
 endfacet
 facet normal  9.1463328509e-02 -0.0000000000e+00 9.9580844520e-01
   outer loop
     vertex 5.8876378780e-01 -4.7216497867e+00 4.6245564808e-02
     vertex 7.0192689193e-01 -4.7216497867e+00 3.5851724287e-02
     vertex 7.0192689193e-01 -4.5481362137e+00 3.5851724287e-02
   endloop
 endfacet
 facet normal  1.0637499606e-01 -0.0000000000e+00 9.9432608344e-01
   outer loop
     vertex 7.0192689193e-01 -4.5481362137e+00 3.5851724287e-02
     vertex 7.0192689193e-01 -4.7216497867e+00 3.5851724287e-02
     vertex 7.9695803833e-01 -4.5481362137e+00 2.5685101897e-02
   endloop
 endfacet
 facet normal  1.0637499606e-01 -0.0000000000e+00 9.9432608344e-01
   outer loop
     vertex 7.0192689193e-01 -4.7216497867e+00 3.5851724287e-02
     vertex 7.9695803833e-01 -4.7216497867e+00 2.5685101897e-02
     vertex 7.9695803833e-01 -4.5481362137e+00 2.5685101897e-02
   endloop
 endfacet
 facet normal  1.1718870894e-01 -0.0000000000e+00 9.9310966489e-01
   outer loop
     vertex 7.9695803833e-01 -4.5481362137e+00 2.5685101897e-02
     vertex 7.9695803833e-01 -4.7216497867e+00 2.5685101897e-02
     vertex 8.7030448965e-01 -4.5481362137e+00 1.7030090029e-02
   endloop
 endfacet
 facet normal  1.1718870894e-01 -0.0000000000e+00 9.9310966489e-01
   outer loop
     vertex 7.9695803833e-01 -4.7216497867e+00 2.5685101897e-02
     vertex 8.7030448965e-01 -4.7216497867e+00 1.7030090029e-02
     vertex 8.7030448965e-01 -4.5481362137e+00 1.7030090029e-02
   endloop
 endfacet
 facet normal  1.2513251854e-01 -0.0000000000e+00 9.9214003689e-01
   outer loop
     vertex 8.7030448965e-01 -4.5481362137e+00 1.7030090029e-02
     vertex 8.7030448965e-01 -4.7216497867e+00 1.7030090029e-02
     vertex 9.2331020388e-01 -4.5481362137e+00 1.0344805420e-02
   endloop
 endfacet
 facet normal  1.2513251854e-01 -0.0000000000e+00 9.9214003689e-01
   outer loop
     vertex 8.7030448965e-01 -4.7216497867e+00 1.7030090029e-02
     vertex 9.2331020388e-01 -4.7216497867e+00 1.0344805420e-02
     vertex 9.2331020388e-01 -4.5481362137e+00 1.0344805420e-02
   endloop
 endfacet
 facet normal  1.3095350728e-01 -0.0000000000e+00 9.9138851059e-01
   outer loop
     vertex 9.2331020388e-01 -4.5481362137e+00 1.0344805420e-02
     vertex 9.2331020388e-01 -4.7216497867e+00 1.0344805420e-02
     vertex 9.5982161505e-01 -4.5481362137e+00 5.5219763305e-03
   endloop
 endfacet
 facet normal  1.3095350728e-01 -0.0000000000e+00 9.9138851059e-01
   outer loop
     vertex 9.2331020388e-01 -4.7216497867e+00 1.0344805420e-02
     vertex 9.5982161505e-01 -4.7216497867e+00 5.5219763305e-03
     vertex 9.5982161505e-01 -4.5481362137e+00 5.5219763305e-03
   endloop
 endfacet
 facet normal  1.3505987260e-01 -0.0000000000e+00 9.9083743915e-01
   outer loop
     vertex 9.5982161505e-01 -4.5481362137e+00 5.5219763305e-03
     vertex 9.5982161505e-01 -4.7216497867e+00 5.5219763305e-03
     vertex 9.8414844626e-01 -4.5481362137e+00 2.2060149078e-03
   endloop
 endfacet
 facet normal  1.3505987260e-01 -0.0000000000e+00 9.9083743915e-01
   outer loop
     vertex 9.5982161505e-01 -4.7216497867e+00 5.5219763305e-03
     vertex 9.8414844626e-01 -4.7216497867e+00 2.2060149078e-03
     vertex 9.8414844626e-01 -4.5481362137e+00 2.2060149078e-03
   endloop
 endfacet
 facet normal  1.3783871552e-01 -0.0000000000e+00 9.9045468776e-01
   outer loop
     vertex 9.8414844626e-01 -4.5481362137e+00 2.2060149078e-03
     vertex 9.8414844626e-01 -4.7216497867e+00 2.2060149078e-03
     vertex 1.0000000000e+00 -4.5481362137e+00 0.0000000000e+00
   endloop
 endfacet
 facet normal  1.3783871552e-01 -0.0000000000e+00 9.9045468776e-01
   outer loop
     vertex 9.8414844626e-01 -4.7216497867e+00 2.2060149078e-03
     vertex 1.0000000000e+00 -4.7216497867e+00 0.0000000000e+00
     vertex 1.0000000000e+00 -4.5481362137e+00 0.0000000000e+00
   endloop
 endfacet
 facet normal  1.3783871552e-01 0.0000000000e+00 -9.9045468776e-01
   outer loop
     vertex 1.0000000000e+00 -4.7216497867e+00 0.0000000000e+00
     vertex 1.0000000000e+00 -4.8472574701e+00 0.0000000000e+00
     vertex 9.8414844626e-01 -4.8472574701e+00 -2.2060149078e-03
   endloop
 endfacet
 facet normal  1.3783871552e-01 0.0000000000e+00 -9.9045468776e-01
   outer loop
     vertex 1.0000000000e+00 -4.7216497867e+00 0.0000000000e+00
     vertex 9.8414844626e-01 -4.8472574701e+00 -2.2060149078e-03
     vertex 9.8414844626e-01 -4.7216497867e+00 -2.2060149078e-03
   endloop
 endfacet
 facet normal  1.3505987260e-01 0.0000000000e+00 -9.9083743915e-01
   outer loop
     vertex 9.8414844626e-01 -4.7216497867e+00 -2.2060149078e-03
     vertex 9.8414844626e-01 -4.8472574701e+00 -2.2060149078e-03
     vertex 9.5982161505e-01 -4.8472574701e+00 -5.5219763305e-03
   endloop
 endfacet
 facet normal  1.3505987260e-01 0.0000000000e+00 -9.9083743915e-01
   outer loop
     vertex 9.8414844626e-01 -4.7216497867e+00 -2.2060149078e-03
     vertex 9.5982161505e-01 -4.8472574701e+00 -5.5219763305e-03
     vertex 9.5982161505e-01 -4.7216497867e+00 -5.5219763305e-03
   endloop
 endfacet
 facet normal  1.3095350728e-01 0.0000000000e+00 -9.9138851059e-01
   outer loop
     vertex 9.5982161505e-01 -4.7216497867e+00 -5.5219763305e-03
     vertex 9.5982161505e-01 -4.8472574701e+00 -5.5219763305e-03
     vertex 9.2331020388e-01 -4.8472574701e+00 -1.0344805420e-02
   endloop
 endfacet
 facet normal  1.3095350728e-01 0.0000000000e+00 -9.9138851059e-01
   outer loop
     vertex 9.5982161505e-01 -4.7216497867e+00 -5.5219763305e-03
     vertex 9.2331020388e-01 -4.8472574701e+00 -1.0344805420e-02
     vertex 9.2331020388e-01 -4.7216497867e+00 -1.0344805420e-02
   endloop
 endfacet
 facet normal  1.2513251854e-01 0.0000000000e+00 -9.9214003689e-01
   outer loop
     vertex 9.2331020388e-01 -4.7216497867e+00 -1.0344805420e-02
     vertex 9.2331020388e-01 -4.8472574701e+00 -1.0344805420e-02
     vertex 8.7030448965e-01 -4.8472574701e+00 -1.7030090029e-02
   endloop
 endfacet
 facet normal  1.2513251854e-01 0.0000000000e+00 -9.9214003689e-01
   outer loop
     vertex 9.2331020388e-01 -4.7216497867e+00 -1.0344805420e-02
     vertex 8.7030448965e-01 -4.8472574701e+00 -1.7030090029e-02
     vertex 8.7030448965e-01 -4.7216497867e+00 -1.7030090029e-02
   endloop
 endfacet
 facet normal  1.1718870894e-01 0.0000000000e+00 -9.9310966489e-01
   outer loop
     vertex 8.7030448965e-01 -4.7216497867e+00 -1.7030090029e-02
     vertex 8.7030448965e-01 -4.8472574701e+00 -1.7030090029e-02
     vertex 7.9695803833e-01 -4.8472574701e+00 -2.5685101897e-02
   endloop
 endfacet
 facet normal  1.1718870894e-01 0.0000000000e+00 -9.9310966489e-01
   outer loop
     vertex 8.7030448965e-01 -4.7216497867e+00 -1.7030090029e-02
     vertex 7.9695803833e-01 -4.8472574701e+00 -2.5685101897e-02
     vertex 7.9695803833e-01 -4.7216497867e+00 -2.5685101897e-02
   endloop
 endfacet
 facet normal  1.0637499606e-01 0.0000000000e+00 -9.9432608344e-01
   outer loop
     vertex 7.9695803833e-01 -4.7216497867e+00 -2.5685101897e-02
     vertex 7.9695803833e-01 -4.8472574701e+00 -2.5685101897e-02
     vertex 7.0192689193e-01 -4.8472574701e+00 -3.5851724287e-02
   endloop
 endfacet
 facet normal  1.0637499606e-01 0.0000000000e+00 -9.9432608344e-01
   outer loop
     vertex 7.9695803833e-01 -4.7216497867e+00 -2.5685101897e-02
     vertex 7.0192689193e-01 -4.8472574701e+00 -3.5851724287e-02
     vertex 7.0192689193e-01 -4.7216497867e+00 -3.5851724287e-02
   endloop
 endfacet
 facet normal  9.1463328509e-02 0.0000000000e+00 -9.9580844520e-01
   outer loop
     vertex 7.0192689193e-01 -4.7216497867e+00 -3.5851724287e-02
     vertex 7.0192689193e-01 -4.8472574701e+00 -3.5851724287e-02
     vertex 5.8876378780e-01 -4.8472574701e+00 -4.6245564808e-02
   endloop
 endfacet
 facet normal  9.1463328509e-02 0.0000000000e+00 -9.9580844520e-01
   outer loop
     vertex 7.0192689193e-01 -4.7216497867e+00 -3.5851724287e-02
     vertex 5.8876378780e-01 -4.8472574701e+00 -4.6245564808e-02
     vertex 5.8876378780e-01 -4.7216497867e+00 -4.6245564808e-02
   endloop
 endfacet
 facet normal  7.0157790253e-02 0.0000000000e+00 -9.9753590635e-01
   outer loop
     vertex 5.8876378780e-01 -4.7216497867e+00 -4.6245564808e-02
     vertex 5.8876378780e-01 -4.8472574701e+00 -4.6245564808e-02
     vertex 4.6678824105e-01 -4.8472574701e+00 -5.4824238287e-02
   endloop
 endfacet
 facet normal  7.0157790253e-02 0.0000000000e+00 -9.9753590635e-01
   outer loop
     vertex 5.8876378780e-01 -4.7216497867e+00 -4.6245564808e-02
     vertex 4.6678824105e-01 -4.8472574701e+00 -5.4824238287e-02
     vertex 4.6678824105e-01 -4.7216497867e+00 -5.4824238287e-02
   endloop
 endfacet
 facet normal  3.9613515037e-02 0.0000000000e+00 -9.9921507666e-01
   outer loop
     vertex 4.6678824105e-01 -4.7216497867e+00 -5.4824238287e-02
     vertex 4.6678824105e-01 -4.8472574701e+00 -5.4824238287e-02
     vertex 3.4867161706e-01 -4.7216497867e+00 -5.9506928501e-02
   endloop
 endfacet
 facet normal  3.9613515037e-02 0.0000000000e+00 -9.9921507666e-01
   outer loop
     vertex 4.6678824105e-01 -4.8472574701e+00 -5.4824238287e-02
     vertex 3.4867161706e-01 -4.8472574701e+00 -5.9506928501e-02
     vertex 3.4867161706e-01 -4.7216497867e+00 -5.9506928501e-02
   endloop
 endfacet
 facet normal  -2.0754226775e-03 0.0000000000e+00 -9.9999784631e-01
   outer loop
     vertex 3.4867161706e-01 -4.7216497867e+00 -5.9506928501e-02
     vertex 3.4867161706e-01 -4.8472574701e+00 -5.9506928501e-02
     vertex 2.4565152047e-01 -4.7216497867e+00 -5.9293117796e-02
   endloop
 endfacet
 facet normal  -2.0754226775e-03 0.0000000000e+00 -9.9999784631e-01
   outer loop
     vertex 3.4867161706e-01 -4.8472574701e+00 -5.9506928501e-02
     vertex 2.4565152047e-01 -4.8472574701e+00 -5.9293117796e-02
     vertex 2.4565152047e-01 -4.7216497867e+00 -5.9293117796e-02
   endloop
 endfacet
 facet normal  -5.5453819818e-02 0.0000000000e+00 -9.9846125306e-01
   outer loop
     vertex 2.4565152047e-01 -4.7216497867e+00 -5.9293117796e-02
     vertex 2.4565152047e-01 -4.8472574701e+00 -5.9293117796e-02
     vertex 1.6380190832e-01 -4.7216497867e+00 -5.4747249210e-02
   endloop
 endfacet
 facet normal  -5.5453819818e-02 0.0000000000e+00 -9.9846125306e-01
   outer loop
     vertex 2.4565152047e-01 -4.8472574701e+00 -5.9293117796e-02
     vertex 1.6380190832e-01 -4.8472574701e+00 -5.4747249210e-02
     vertex 1.6380190832e-01 -4.7216497867e+00 -5.4747249210e-02
   endloop
 endfacet
 facet normal  -1.2076702739e-01 0.0000000000e+00 -9.9268087777e-01
   outer loop
     vertex 1.6380190832e-01 -4.7216497867e+00 -5.4747249210e-02
     vertex 1.6380190832e-01 -4.8472574701e+00 -5.4747249210e-02
     vertex 1.0361138312e-01 -4.7216497867e+00 -4.7424623209e-02
   endloop
 endfacet
 facet normal  -1.2076702739e-01 0.0000000000e+00 -9.9268087777e-01
   outer loop
     vertex 1.6380190832e-01 -4.8472574701e+00 -5.4747249210e-02
     vertex 1.0361138312e-01 -4.8472574701e+00 -4.7424623209e-02
     vertex 1.0361138312e-01 -4.7216497867e+00 -4.7424623209e-02
   endloop
 endfacet
 facet normal  -2.0023240962e-01 0.0000000000e+00 -9.7974842798e-01
   outer loop
     vertex 1.0361138312e-01 -4.7216497867e+00 -4.7424623209e-02
     vertex 1.0361138312e-01 -4.8472574701e+00 -4.7424623209e-02
     vertex 6.2004804867e-02 -4.7216497867e+00 -3.8921434858e-02
   endloop
 endfacet
 facet normal  -2.0023240962e-01 0.0000000000e+00 -9.7974842798e-01
   outer loop
     vertex 1.0361138312e-01 -4.8472574701e+00 -4.7424623209e-02
     vertex 6.2004804867e-02 -4.8472574701e+00 -3.8921434858e-02
     vertex 6.2004804867e-02 -4.7216497867e+00 -3.8921434858e-02
   endloop
 endfacet
 facet normal  -2.9935221327e-01 0.0000000000e+00 -9.5414267927e-01
   outer loop
     vertex 6.2004804867e-02 -4.7216497867e+00 -3.8921434858e-02
     vertex 6.2004804867e-02 -4.8472574701e+00 -3.8921434858e-02
     vertex 3.4701656177e-02 -4.7216497867e+00 -3.0355359608e-02
   endloop
 endfacet
 facet normal  -2.9935221327e-01 0.0000000000e+00 -9.5414267927e-01
   outer loop
     vertex 6.2004804867e-02 -4.8472574701e+00 -3.8921434858e-02
     vertex 3.4701656177e-02 -4.8472574701e+00 -3.0355359608e-02
     vertex 3.4701656177e-02 -4.7216497867e+00 -3.0355359608e-02
   endloop
 endfacet
 facet normal  -4.2610378432e-01 0.0000000000e+00 -9.0467428669e-01
   outer loop
     vertex 3.4701656177e-02 -4.7216497867e+00 -3.0355359608e-02
     vertex 3.4701656177e-02 -4.8472574701e+00 -3.0355359608e-02
     vertex 1.7711394777e-02 -4.7216497867e+00 -2.2352905260e-02
   endloop
 endfacet
 facet normal  -4.2610378432e-01 0.0000000000e+00 -9.0467428669e-01
   outer loop
     vertex 3.4701656177e-02 -4.8472574701e+00 -3.0355359608e-02
     vertex 1.7711394777e-02 -4.8472574701e+00 -2.2352905260e-02
     vertex 1.7711394777e-02 -4.7216497867e+00 -2.2352905260e-02
   endloop
 endfacet
 facet normal  -5.8540728658e-01 0.0000000000e+00 -8.1073935937e-01
   outer loop
     vertex 1.7711394777e-02 -4.7216497867e+00 -2.2352905260e-02
     vertex 1.7711394777e-02 -4.8472574701e+00 -2.2352905260e-02
     vertex 7.8928270998e-03 -4.7216497867e+00 -1.5263251853e-02
   endloop
 endfacet
 facet normal  -5.8540728658e-01 0.0000000000e+00 -8.1073935937e-01
   outer loop
     vertex 1.7711394777e-02 -4.8472574701e+00 -2.2352905260e-02
     vertex 7.8928270998e-03 -4.8472574701e+00 -1.5263251853e-02
     vertex 7.8928270998e-03 -4.7216497867e+00 -1.5263251853e-02
   endloop
 endfacet
 facet normal  -7.6128093626e-01 0.0000000000e+00 -6.4842218969e-01
   outer loop
     vertex 7.8928270998e-03 -4.7216497867e+00 -1.5263251853e-02
     vertex 7.8928270998e-03 -4.8472574701e+00 -1.5263251853e-02
     vertex 2.8852305479e-03 -4.7216497867e+00 -9.3840764449e-03
   endloop
 endfacet
 facet normal  -7.6128093626e-01 0.0000000000e+00 -6.4842218969e-01
   outer loop
     vertex 7.8928270998e-03 -4.8472574701e+00 -1.5263251853e-02
     vertex 2.8852305479e-03 -4.8472574701e+00 -9.3840764449e-03
     vertex 2.8852305479e-03 -4.7216497867e+00 -9.3840764449e-03
   endloop
 endfacet
 facet normal  -9.0355742872e-01 0.0000000000e+00 -4.2846700341e-01
   outer loop
     vertex 2.8852305479e-03 -4.7216497867e+00 -9.3840764449e-03
     vertex 2.8852305479e-03 -4.8472574701e+00 -9.3840764449e-03
     vertex 7.8807384983e-04 -4.7216497867e+00 -4.9615619954e-03
   endloop
 endfacet
 facet normal  -9.0355742872e-01 0.0000000000e+00 -4.2846700341e-01
   outer loop
     vertex 2.8852305479e-03 -4.8472574701e+00 -9.3840764449e-03
     vertex 7.8807384983e-04 -4.8472574701e+00 -4.9615619954e-03
     vertex 7.8807384983e-04 -4.7216497867e+00 -4.9615619954e-03
   endloop
 endfacet
 facet normal  -9.7629917451e-01 0.0000000000e+00 -2.1642532625e-01
   outer loop
     vertex 7.8807384983e-04 -4.7216497867e+00 -4.9615619954e-03
     vertex 7.8807384983e-04 -4.8472574701e+00 -4.9615619954e-03
     vertex 1.1903597513e-04 -4.7216497867e+00 -1.9435181458e-03
   endloop
 endfacet
 facet normal  -9.7629917451e-01 0.0000000000e+00 -2.1642532625e-01
   outer loop
     vertex 7.8807384983e-04 -4.8472574701e+00 -4.9615619954e-03
     vertex 1.1903597513e-04 -4.8472574701e+00 -1.9435181458e-03
     vertex 1.1903597513e-04 -4.7216497867e+00 -1.9435181458e-03
   endloop
 endfacet
 facet normal  -9.9812962151e-01 0.0000000000e+00 -6.1133122455e-02
   outer loop
     vertex 1.1903597513e-04 -4.7216497867e+00 -1.9435181458e-03
     vertex 1.1903597513e-04 -4.8472574701e+00 -1.9435181458e-03
     vertex 0.0000000000e+00 -4.7216497867e+00 0.0000000000e+00
   endloop
 endfacet
 facet normal  -9.9812962151e-01 0.0000000000e+00 -6.1133122455e-02
   outer loop
     vertex 1.1903597513e-04 -4.8472574701e+00 -1.9435181458e-03
     vertex 0.0000000000e+00 -4.8472574701e+00 0.0000000000e+00
     vertex 0.0000000000e+00 -4.7216497867e+00 0.0000000000e+00
   endloop
 endfacet
 facet normal  -9.9812962151e-01 0.0000000000e+00 6.1133122455e-02
   outer loop
     vertex 0.0000000000e+00 -4.7216497867e+00 0.0000000000e+00
     vertex 0.0000000000e+00 -4.8472574701e+00 0.0000000000e+00
     vertex 1.1903597513e-04 -4.8472574701e+00 1.9435181458e-03
   endloop
 endfacet
 facet normal  -9.9812962151e-01 0.0000000000e+00 6.1133122455e-02
   outer loop
     vertex 0.0000000000e+00 -4.7216497867e+00 0.0000000000e+00
     vertex 1.1903597513e-04 -4.8472574701e+00 1.9435181458e-03
     vertex 1.1903597513e-04 -4.7216497867e+00 1.9435181458e-03
   endloop
 endfacet
 facet normal  -9.7629917451e-01 0.0000000000e+00 2.1642532625e-01
   outer loop
     vertex 1.1903597513e-04 -4.7216497867e+00 1.9435181458e-03
     vertex 1.1903597513e-04 -4.8472574701e+00 1.9435181458e-03
     vertex 7.8807384983e-04 -4.8472574701e+00 4.9615619954e-03
   endloop
 endfacet
 facet normal  -9.7629917451e-01 0.0000000000e+00 2.1642532625e-01
   outer loop
     vertex 1.1903597513e-04 -4.7216497867e+00 1.9435181458e-03
     vertex 7.8807384983e-04 -4.8472574701e+00 4.9615619954e-03
     vertex 7.8807384983e-04 -4.7216497867e+00 4.9615619954e-03
   endloop
 endfacet
 facet normal  -9.0355742872e-01 0.0000000000e+00 4.2846700341e-01
   outer loop
     vertex 7.8807384983e-04 -4.7216497867e+00 4.9615619954e-03
     vertex 7.8807384983e-04 -4.8472574701e+00 4.9615619954e-03
     vertex 2.8852305479e-03 -4.8472574701e+00 9.3840764449e-03
   endloop
 endfacet
 facet normal  -9.0355742872e-01 0.0000000000e+00 4.2846700341e-01
   outer loop
     vertex 7.8807384983e-04 -4.7216497867e+00 4.9615619954e-03
     vertex 2.8852305479e-03 -4.8472574701e+00 9.3840764449e-03
     vertex 2.8852305479e-03 -4.7216497867e+00 9.3840764449e-03
   endloop
 endfacet
 facet normal  -7.6128093626e-01 0.0000000000e+00 6.4842218969e-01
   outer loop
     vertex 2.8852305479e-03 -4.7216497867e+00 9.3840764449e-03
     vertex 2.8852305479e-03 -4.8472574701e+00 9.3840764449e-03
     vertex 7.8928270998e-03 -4.8472574701e+00 1.5263251853e-02
   endloop
 endfacet
 facet normal  -7.6128093626e-01 0.0000000000e+00 6.4842218969e-01
   outer loop
     vertex 2.8852305479e-03 -4.7216497867e+00 9.3840764449e-03
     vertex 7.8928270998e-03 -4.8472574701e+00 1.5263251853e-02
     vertex 7.8928270998e-03 -4.7216497867e+00 1.5263251853e-02
   endloop
 endfacet
 facet normal  -5.8540728658e-01 0.0000000000e+00 8.1073935937e-01
   outer loop
     vertex 7.8928270998e-03 -4.7216497867e+00 1.5263251853e-02
     vertex 7.8928270998e-03 -4.8472574701e+00 1.5263251853e-02
     vertex 1.7711394777e-02 -4.8472574701e+00 2.2352905260e-02
   endloop
 endfacet
 facet normal  -5.8540728658e-01 0.0000000000e+00 8.1073935937e-01
   outer loop
     vertex 7.8928270998e-03 -4.7216497867e+00 1.5263251853e-02
     vertex 1.7711394777e-02 -4.8472574701e+00 2.2352905260e-02
     vertex 1.7711394777e-02 -4.7216497867e+00 2.2352905260e-02
   endloop
 endfacet
 facet normal  -4.2610378432e-01 0.0000000000e+00 9.0467428669e-01
   outer loop
     vertex 1.7711394777e-02 -4.7216497867e+00 2.2352905260e-02
     vertex 1.7711394777e-02 -4.8472574701e+00 2.2352905260e-02
     vertex 3.4701656177e-02 -4.8472574701e+00 3.0355359608e-02
   endloop
 endfacet
 facet normal  -4.2610378432e-01 0.0000000000e+00 9.0467428669e-01
   outer loop
     vertex 1.7711394777e-02 -4.7216497867e+00 2.2352905260e-02
     vertex 3.4701656177e-02 -4.8472574701e+00 3.0355359608e-02
     vertex 3.4701656177e-02 -4.7216497867e+00 3.0355359608e-02
   endloop
 endfacet
 facet normal  -2.9935221327e-01 0.0000000000e+00 9.5414267927e-01
   outer loop
     vertex 3.4701656177e-02 -4.7216497867e+00 3.0355359608e-02
     vertex 3.4701656177e-02 -4.8472574701e+00 3.0355359608e-02
     vertex 6.2004804867e-02 -4.8472574701e+00 3.8921434858e-02
   endloop
 endfacet
 facet normal  -2.9935221327e-01 0.0000000000e+00 9.5414267927e-01
   outer loop
     vertex 3.4701656177e-02 -4.7216497867e+00 3.0355359608e-02
     vertex 6.2004804867e-02 -4.8472574701e+00 3.8921434858e-02
     vertex 6.2004804867e-02 -4.7216497867e+00 3.8921434858e-02
   endloop
 endfacet
 facet normal  -2.0023240962e-01 0.0000000000e+00 9.7974842798e-01
   outer loop
     vertex 6.2004804867e-02 -4.7216497867e+00 3.8921434858e-02
     vertex 6.2004804867e-02 -4.8472574701e+00 3.8921434858e-02
     vertex 1.0361138312e-01 -4.8472574701e+00 4.7424623209e-02
   endloop
 endfacet
 facet normal  -2.0023240962e-01 0.0000000000e+00 9.7974842798e-01
   outer loop
     vertex 6.2004804867e-02 -4.7216497867e+00 3.8921434858e-02
     vertex 1.0361138312e-01 -4.8472574701e+00 4.7424623209e-02
     vertex 1.0361138312e-01 -4.7216497867e+00 4.7424623209e-02
   endloop
 endfacet
 facet normal  -1.2076702739e-01 0.0000000000e+00 9.9268087777e-01
   outer loop
     vertex 1.0361138312e-01 -4.7216497867e+00 4.7424623209e-02
     vertex 1.0361138312e-01 -4.8472574701e+00 4.7424623209e-02
     vertex 1.6380190832e-01 -4.8472574701e+00 5.4747249210e-02
   endloop
 endfacet
 facet normal  -1.2076702739e-01 0.0000000000e+00 9.9268087777e-01
   outer loop
     vertex 1.0361138312e-01 -4.7216497867e+00 4.7424623209e-02
     vertex 1.6380190832e-01 -4.8472574701e+00 5.4747249210e-02
     vertex 1.6380190832e-01 -4.7216497867e+00 5.4747249210e-02
   endloop
 endfacet
 facet normal  -5.5453819818e-02 0.0000000000e+00 9.9846125306e-01
   outer loop
     vertex 1.6380190832e-01 -4.7216497867e+00 5.4747249210e-02
     vertex 1.6380190832e-01 -4.8472574701e+00 5.4747249210e-02
     vertex 2.4565152047e-01 -4.8472574701e+00 5.9293117796e-02
   endloop
 endfacet
 facet normal  -5.5453819818e-02 0.0000000000e+00 9.9846125306e-01
   outer loop
     vertex 1.6380190832e-01 -4.7216497867e+00 5.4747249210e-02
     vertex 2.4565152047e-01 -4.8472574701e+00 5.9293117796e-02
     vertex 2.4565152047e-01 -4.7216497867e+00 5.9293117796e-02
   endloop
 endfacet
 facet normal  -2.0754226775e-03 0.0000000000e+00 9.9999784631e-01
   outer loop
     vertex 2.4565152047e-01 -4.7216497867e+00 5.9293117796e-02
     vertex 2.4565152047e-01 -4.8472574701e+00 5.9293117796e-02
     vertex 3.4867161706e-01 -4.8472574701e+00 5.9506928501e-02
   endloop
 endfacet
 facet normal  -2.0754226775e-03 9.1721381190e-19 9.9999784631e-01
   outer loop
     vertex 2.4565152047e-01 -4.7216497867e+00 5.9293117796e-02
     vertex 3.4867161706e-01 -4.8472574701e+00 5.9506928501e-02
     vertex 3.4867161706e-01 -4.7216497867e+00 5.9506928501e-02
   endloop
 endfacet
 facet normal  3.9613515037e-02 -1.7506825729e-17 9.9921507666e-01
   outer loop
     vertex 3.4867161706e-01 -4.7216497867e+00 5.9506928501e-02
     vertex 3.4867161706e-01 -4.8472574701e+00 5.9506928501e-02
     vertex 4.6678824105e-01 -4.8472574701e+00 5.4824238287e-02
   endloop
 endfacet
 facet normal  3.9613515037e-02 -0.0000000000e+00 9.9921507666e-01
   outer loop
     vertex 3.4867161706e-01 -4.7216497867e+00 5.9506928501e-02
     vertex 4.6678824105e-01 -4.8472574701e+00 5.4824238287e-02
     vertex 4.6678824105e-01 -4.7216497867e+00 5.4824238287e-02
   endloop
 endfacet
 facet normal  7.0157790253e-02 -0.0000000000e+00 9.9753590635e-01
   outer loop
     vertex 4.6678824105e-01 -4.7216497867e+00 5.4824238287e-02
     vertex 4.6678824105e-01 -4.8472574701e+00 5.4824238287e-02
     vertex 5.8876378780e-01 -4.7216497867e+00 4.6245564808e-02
   endloop
 endfacet
 facet normal  7.0157790253e-02 -0.0000000000e+00 9.9753590635e-01
   outer loop
     vertex 4.6678824105e-01 -4.8472574701e+00 5.4824238287e-02
     vertex 5.8876378780e-01 -4.8472574701e+00 4.6245564808e-02
     vertex 5.8876378780e-01 -4.7216497867e+00 4.6245564808e-02
   endloop
 endfacet
 facet normal  9.1463328509e-02 -0.0000000000e+00 9.9580844520e-01
   outer loop
     vertex 5.8876378780e-01 -4.7216497867e+00 4.6245564808e-02
     vertex 5.8876378780e-01 -4.8472574701e+00 4.6245564808e-02
     vertex 7.0192689193e-01 -4.7216497867e+00 3.5851724287e-02
   endloop
 endfacet
 facet normal  9.1463328509e-02 -0.0000000000e+00 9.9580844520e-01
   outer loop
     vertex 5.8876378780e-01 -4.8472574701e+00 4.6245564808e-02
     vertex 7.0192689193e-01 -4.8472574701e+00 3.5851724287e-02
     vertex 7.0192689193e-01 -4.7216497867e+00 3.5851724287e-02
   endloop
 endfacet
 facet normal  1.0637499606e-01 -0.0000000000e+00 9.9432608344e-01
   outer loop
     vertex 7.0192689193e-01 -4.7216497867e+00 3.5851724287e-02
     vertex 7.0192689193e-01 -4.8472574701e+00 3.5851724287e-02
     vertex 7.9695803833e-01 -4.7216497867e+00 2.5685101897e-02
   endloop
 endfacet
 facet normal  1.0637499606e-01 -0.0000000000e+00 9.9432608344e-01
   outer loop
     vertex 7.0192689193e-01 -4.8472574701e+00 3.5851724287e-02
     vertex 7.9695803833e-01 -4.8472574701e+00 2.5685101897e-02
     vertex 7.9695803833e-01 -4.7216497867e+00 2.5685101897e-02
   endloop
 endfacet
 facet normal  1.1718870894e-01 -0.0000000000e+00 9.9310966489e-01
   outer loop
     vertex 7.9695803833e-01 -4.7216497867e+00 2.5685101897e-02
     vertex 7.9695803833e-01 -4.8472574701e+00 2.5685101897e-02
     vertex 8.7030448965e-01 -4.7216497867e+00 1.7030090029e-02
   endloop
 endfacet
 facet normal  1.1718870894e-01 -0.0000000000e+00 9.9310966489e-01
   outer loop
     vertex 7.9695803833e-01 -4.8472574701e+00 2.5685101897e-02
     vertex 8.7030448965e-01 -4.8472574701e+00 1.7030090029e-02
     vertex 8.7030448965e-01 -4.7216497867e+00 1.7030090029e-02
   endloop
 endfacet
 facet normal  1.2513251854e-01 -0.0000000000e+00 9.9214003689e-01
   outer loop
     vertex 8.7030448965e-01 -4.7216497867e+00 1.7030090029e-02
     vertex 8.7030448965e-01 -4.8472574701e+00 1.7030090029e-02
     vertex 9.2331020388e-01 -4.7216497867e+00 1.0344805420e-02
   endloop
 endfacet
 facet normal  1.2513251854e-01 -0.0000000000e+00 9.9214003689e-01
   outer loop
     vertex 8.7030448965e-01 -4.8472574701e+00 1.7030090029e-02
     vertex 9.2331020388e-01 -4.8472574701e+00 1.0344805420e-02
     vertex 9.2331020388e-01 -4.7216497867e+00 1.0344805420e-02
   endloop
 endfacet
 facet normal  1.3095350728e-01 -0.0000000000e+00 9.9138851059e-01
   outer loop
     vertex 9.2331020388e-01 -4.7216497867e+00 1.0344805420e-02
     vertex 9.2331020388e-01 -4.8472574701e+00 1.0344805420e-02
     vertex 9.5982161505e-01 -4.7216497867e+00 5.5219763305e-03
   endloop
 endfacet
 facet normal  1.3095350728e-01 -0.0000000000e+00 9.9138851059e-01
   outer loop
     vertex 9.2331020388e-01 -4.8472574701e+00 1.0344805420e-02
     vertex 9.5982161505e-01 -4.8472574701e+00 5.5219763305e-03
     vertex 9.5982161505e-01 -4.7216497867e+00 5.5219763305e-03
   endloop
 endfacet
 facet normal  1.3505987260e-01 -0.0000000000e+00 9.9083743915e-01
   outer loop
     vertex 9.5982161505e-01 -4.7216497867e+00 5.5219763305e-03
     vertex 9.5982161505e-01 -4.8472574701e+00 5.5219763305e-03
     vertex 9.8414844626e-01 -4.7216497867e+00 2.2060149078e-03
   endloop
 endfacet
 facet normal  1.3505987260e-01 -0.0000000000e+00 9.9083743915e-01
   outer loop
     vertex 9.5982161505e-01 -4.8472574701e+00 5.5219763305e-03
     vertex 9.8414844626e-01 -4.8472574701e+00 2.2060149078e-03
     vertex 9.8414844626e-01 -4.7216497867e+00 2.2060149078e-03
   endloop
 endfacet
 facet normal  1.3783871552e-01 -0.0000000000e+00 9.9045468776e-01
   outer loop
     vertex 9.8414844626e-01 -4.7216497867e+00 2.2060149078e-03
     vertex 9.8414844626e-01 -4.8472574701e+00 2.2060149078e-03
     vertex 1.0000000000e+00 -4.7216497867e+00 0.0000000000e+00
   endloop
 endfacet
 facet normal  1.3783871552e-01 -0.0000000000e+00 9.9045468776e-01
   outer loop
     vertex 9.8414844626e-01 -4.8472574701e+00 2.2060149078e-03
     vertex 1.0000000000e+00 -4.8472574701e+00 0.0000000000e+00
     vertex 1.0000000000e+00 -4.7216497867e+00 0.0000000000e+00
   endloop
 endfacet
 facet normal  1.3783871552e-01 0.0000000000e+00 -9.9045468776e-01
   outer loop
     vertex 1.0000000000e+00 -4.8472574701e+00 0.0000000000e+00
     vertex 1.0000000000e+00 -4.9368219891e+00 0.0000000000e+00
     vertex 9.8414844626e-01 -4.9368219891e+00 -2.2060149078e-03
   endloop
 endfacet
 facet normal  1.3783871552e-01 0.0000000000e+00 -9.9045468776e-01
   outer loop
     vertex 1.0000000000e+00 -4.8472574701e+00 0.0000000000e+00
     vertex 9.8414844626e-01 -4.9368219891e+00 -2.2060149078e-03
     vertex 9.8414844626e-01 -4.8472574701e+00 -2.2060149078e-03
   endloop
 endfacet
 facet normal  1.3505987260e-01 0.0000000000e+00 -9.9083743915e-01
   outer loop
     vertex 9.8414844626e-01 -4.8472574701e+00 -2.2060149078e-03
     vertex 9.8414844626e-01 -4.9368219891e+00 -2.2060149078e-03
     vertex 9.5982161505e-01 -4.9368219891e+00 -5.5219763305e-03
   endloop
 endfacet
 facet normal  1.3505987260e-01 0.0000000000e+00 -9.9083743915e-01
   outer loop
     vertex 9.8414844626e-01 -4.8472574701e+00 -2.2060149078e-03
     vertex 9.5982161505e-01 -4.9368219891e+00 -5.5219763305e-03
     vertex 9.5982161505e-01 -4.8472574701e+00 -5.5219763305e-03
   endloop
 endfacet
 facet normal  1.3095350728e-01 0.0000000000e+00 -9.9138851059e-01
   outer loop
     vertex 9.5982161505e-01 -4.8472574701e+00 -5.5219763305e-03
     vertex 9.5982161505e-01 -4.9368219891e+00 -5.5219763305e-03
     vertex 9.2331020388e-01 -4.9368219891e+00 -1.0344805420e-02
   endloop
 endfacet
 facet normal  1.3095350728e-01 0.0000000000e+00 -9.9138851059e-01
   outer loop
     vertex 9.5982161505e-01 -4.8472574701e+00 -5.5219763305e-03
     vertex 9.2331020388e-01 -4.9368219891e+00 -1.0344805420e-02
     vertex 9.2331020388e-01 -4.8472574701e+00 -1.0344805420e-02
   endloop
 endfacet
 facet normal  1.2513251854e-01 0.0000000000e+00 -9.9214003689e-01
   outer loop
     vertex 9.2331020388e-01 -4.8472574701e+00 -1.0344805420e-02
     vertex 9.2331020388e-01 -4.9368219891e+00 -1.0344805420e-02
     vertex 8.7030448965e-01 -4.9368219891e+00 -1.7030090029e-02
   endloop
 endfacet
 facet normal  1.2513251854e-01 0.0000000000e+00 -9.9214003689e-01
   outer loop
     vertex 9.2331020388e-01 -4.8472574701e+00 -1.0344805420e-02
     vertex 8.7030448965e-01 -4.9368219891e+00 -1.7030090029e-02
     vertex 8.7030448965e-01 -4.8472574701e+00 -1.7030090029e-02
   endloop
 endfacet
 facet normal  1.1718870894e-01 0.0000000000e+00 -9.9310966489e-01
   outer loop
     vertex 8.7030448965e-01 -4.8472574701e+00 -1.7030090029e-02
     vertex 8.7030448965e-01 -4.9368219891e+00 -1.7030090029e-02
     vertex 7.9695803833e-01 -4.9368219891e+00 -2.5685101897e-02
   endloop
 endfacet
 facet normal  1.1718870894e-01 0.0000000000e+00 -9.9310966489e-01
   outer loop
     vertex 8.7030448965e-01 -4.8472574701e+00 -1.7030090029e-02
     vertex 7.9695803833e-01 -4.9368219891e+00 -2.5685101897e-02
     vertex 7.9695803833e-01 -4.8472574701e+00 -2.5685101897e-02
   endloop
 endfacet
 facet normal  1.0637499606e-01 0.0000000000e+00 -9.9432608344e-01
   outer loop
     vertex 7.9695803833e-01 -4.8472574701e+00 -2.5685101897e-02
     vertex 7.9695803833e-01 -4.9368219891e+00 -2.5685101897e-02
     vertex 7.0192689193e-01 -4.9368219891e+00 -3.5851724287e-02
   endloop
 endfacet
 facet normal  1.0637499606e-01 0.0000000000e+00 -9.9432608344e-01
   outer loop
     vertex 7.9695803833e-01 -4.8472574701e+00 -2.5685101897e-02
     vertex 7.0192689193e-01 -4.9368219891e+00 -3.5851724287e-02
     vertex 7.0192689193e-01 -4.8472574701e+00 -3.5851724287e-02
   endloop
 endfacet
 facet normal  9.1463328509e-02 0.0000000000e+00 -9.9580844520e-01
   outer loop
     vertex 7.0192689193e-01 -4.8472574701e+00 -3.5851724287e-02
     vertex 7.0192689193e-01 -4.9368219891e+00 -3.5851724287e-02
     vertex 5.8876378780e-01 -4.9368219891e+00 -4.6245564808e-02
   endloop
 endfacet
 facet normal  9.1463328509e-02 0.0000000000e+00 -9.9580844520e-01
   outer loop
     vertex 7.0192689193e-01 -4.8472574701e+00 -3.5851724287e-02
     vertex 5.8876378780e-01 -4.9368219891e+00 -4.6245564808e-02
     vertex 5.8876378780e-01 -4.8472574701e+00 -4.6245564808e-02
   endloop
 endfacet
 facet normal  7.0157790253e-02 0.0000000000e+00 -9.9753590635e-01
   outer loop
     vertex 5.8876378780e-01 -4.8472574701e+00 -4.6245564808e-02
     vertex 5.8876378780e-01 -4.9368219891e+00 -4.6245564808e-02
     vertex 4.6678824105e-01 -4.9368219891e+00 -5.4824238287e-02
   endloop
 endfacet
 facet normal  7.0157790253e-02 0.0000000000e+00 -9.9753590635e-01
   outer loop
     vertex 5.8876378780e-01 -4.8472574701e+00 -4.6245564808e-02
     vertex 4.6678824105e-01 -4.9368219891e+00 -5.4824238287e-02
     vertex 4.6678824105e-01 -4.8472574701e+00 -5.4824238287e-02
   endloop
 endfacet
 facet normal  3.9613515037e-02 0.0000000000e+00 -9.9921507666e-01
   outer loop
     vertex 4.6678824105e-01 -4.8472574701e+00 -5.4824238287e-02
     vertex 4.6678824105e-01 -4.9368219891e+00 -5.4824238287e-02
     vertex 3.4867161706e-01 -4.8472574701e+00 -5.9506928501e-02
   endloop
 endfacet
 facet normal  3.9613515037e-02 0.0000000000e+00 -9.9921507666e-01
   outer loop
     vertex 4.6678824105e-01 -4.9368219891e+00 -5.4824238287e-02
     vertex 3.4867161706e-01 -4.9368219891e+00 -5.9506928501e-02
     vertex 3.4867161706e-01 -4.8472574701e+00 -5.9506928501e-02
   endloop
 endfacet
 facet normal  -2.0754226775e-03 0.0000000000e+00 -9.9999784631e-01
   outer loop
     vertex 3.4867161706e-01 -4.8472574701e+00 -5.9506928501e-02
     vertex 3.4867161706e-01 -4.9368219891e+00 -5.9506928501e-02
     vertex 2.4565152047e-01 -4.8472574701e+00 -5.9293117796e-02
   endloop
 endfacet
 facet normal  -2.0754226775e-03 0.0000000000e+00 -9.9999784631e-01
   outer loop
     vertex 3.4867161706e-01 -4.9368219891e+00 -5.9506928501e-02
     vertex 2.4565152047e-01 -4.9368219891e+00 -5.9293117796e-02
     vertex 2.4565152047e-01 -4.8472574701e+00 -5.9293117796e-02
   endloop
 endfacet
 facet normal  -5.5453819818e-02 0.0000000000e+00 -9.9846125306e-01
   outer loop
     vertex 2.4565152047e-01 -4.8472574701e+00 -5.9293117796e-02
     vertex 2.4565152047e-01 -4.9368219891e+00 -5.9293117796e-02
     vertex 1.6380190832e-01 -4.8472574701e+00 -5.4747249210e-02
   endloop
 endfacet
 facet normal  -5.5453819818e-02 0.0000000000e+00 -9.9846125306e-01
   outer loop
     vertex 2.4565152047e-01 -4.9368219891e+00 -5.9293117796e-02
     vertex 1.6380190832e-01 -4.9368219891e+00 -5.4747249210e-02
     vertex 1.6380190832e-01 -4.8472574701e+00 -5.4747249210e-02
   endloop
 endfacet
 facet normal  -1.2076702739e-01 0.0000000000e+00 -9.9268087777e-01
   outer loop
     vertex 1.6380190832e-01 -4.8472574701e+00 -5.4747249210e-02
     vertex 1.6380190832e-01 -4.9368219891e+00 -5.4747249210e-02
     vertex 1.0361138312e-01 -4.8472574701e+00 -4.7424623209e-02
   endloop
 endfacet
 facet normal  -1.2076702739e-01 0.0000000000e+00 -9.9268087777e-01
   outer loop
     vertex 1.6380190832e-01 -4.9368219891e+00 -5.4747249210e-02
     vertex 1.0361138312e-01 -4.9368219891e+00 -4.7424623209e-02
     vertex 1.0361138312e-01 -4.8472574701e+00 -4.7424623209e-02
   endloop
 endfacet
 facet normal  -2.0023240962e-01 0.0000000000e+00 -9.7974842798e-01
   outer loop
     vertex 1.0361138312e-01 -4.8472574701e+00 -4.7424623209e-02
     vertex 1.0361138312e-01 -4.9368219891e+00 -4.7424623209e-02
     vertex 6.2004804867e-02 -4.8472574701e+00 -3.8921434858e-02
   endloop
 endfacet
 facet normal  -2.0023240962e-01 0.0000000000e+00 -9.7974842798e-01
   outer loop
     vertex 1.0361138312e-01 -4.9368219891e+00 -4.7424623209e-02
     vertex 6.2004804867e-02 -4.9368219891e+00 -3.8921434858e-02
     vertex 6.2004804867e-02 -4.8472574701e+00 -3.8921434858e-02
   endloop
 endfacet
 facet normal  -2.9935221327e-01 0.0000000000e+00 -9.5414267927e-01
   outer loop
     vertex 6.2004804867e-02 -4.8472574701e+00 -3.8921434858e-02
     vertex 6.2004804867e-02 -4.9368219891e+00 -3.8921434858e-02
     vertex 3.4701656177e-02 -4.8472574701e+00 -3.0355359608e-02
   endloop
 endfacet
 facet normal  -2.9935221327e-01 0.0000000000e+00 -9.5414267927e-01
   outer loop
     vertex 6.2004804867e-02 -4.9368219891e+00 -3.8921434858e-02
     vertex 3.4701656177e-02 -4.9368219891e+00 -3.0355359608e-02
     vertex 3.4701656177e-02 -4.8472574701e+00 -3.0355359608e-02
   endloop
 endfacet
 facet normal  -4.2610378432e-01 0.0000000000e+00 -9.0467428669e-01
   outer loop
     vertex 3.4701656177e-02 -4.8472574701e+00 -3.0355359608e-02
     vertex 3.4701656177e-02 -4.9368219891e+00 -3.0355359608e-02
     vertex 1.7711394777e-02 -4.8472574701e+00 -2.2352905260e-02
   endloop
 endfacet
 facet normal  -4.2610378432e-01 0.0000000000e+00 -9.0467428669e-01
   outer loop
     vertex 3.4701656177e-02 -4.9368219891e+00 -3.0355359608e-02
     vertex 1.7711394777e-02 -4.9368219891e+00 -2.2352905260e-02
     vertex 1.7711394777e-02 -4.8472574701e+00 -2.2352905260e-02
   endloop
 endfacet
 facet normal  -5.8540728658e-01 0.0000000000e+00 -8.1073935937e-01
   outer loop
     vertex 1.7711394777e-02 -4.8472574701e+00 -2.2352905260e-02
     vertex 1.7711394777e-02 -4.9368219891e+00 -2.2352905260e-02
     vertex 7.8928270998e-03 -4.8472574701e+00 -1.5263251853e-02
   endloop
 endfacet
 facet normal  -5.8540728658e-01 0.0000000000e+00 -8.1073935937e-01
   outer loop
     vertex 1.7711394777e-02 -4.9368219891e+00 -2.2352905260e-02
     vertex 7.8928270998e-03 -4.9368219891e+00 -1.5263251853e-02
     vertex 7.8928270998e-03 -4.8472574701e+00 -1.5263251853e-02
   endloop
 endfacet
 facet normal  -7.6128093626e-01 0.0000000000e+00 -6.4842218969e-01
   outer loop
     vertex 7.8928270998e-03 -4.8472574701e+00 -1.5263251853e-02
     vertex 7.8928270998e-03 -4.9368219891e+00 -1.5263251853e-02
     vertex 2.8852305479e-03 -4.8472574701e+00 -9.3840764449e-03
   endloop
 endfacet
 facet normal  -7.6128093626e-01 0.0000000000e+00 -6.4842218969e-01
   outer loop
     vertex 7.8928270998e-03 -4.9368219891e+00 -1.5263251853e-02
     vertex 2.8852305479e-03 -4.9368219891e+00 -9.3840764449e-03
     vertex 2.8852305479e-03 -4.8472574701e+00 -9.3840764449e-03
   endloop
 endfacet
 facet normal  -9.0355742872e-01 0.0000000000e+00 -4.2846700341e-01
   outer loop
     vertex 2.8852305479e-03 -4.8472574701e+00 -9.3840764449e-03
     vertex 2.8852305479e-03 -4.9368219891e+00 -9.3840764449e-03
     vertex 7.8807384983e-04 -4.8472574701e+00 -4.9615619954e-03
   endloop
 endfacet
 facet normal  -9.0355742872e-01 0.0000000000e+00 -4.2846700341e-01
   outer loop
     vertex 2.8852305479e-03 -4.9368219891e+00 -9.3840764449e-03
     vertex 7.8807384983e-04 -4.9368219891e+00 -4.9615619954e-03
     vertex 7.8807384983e-04 -4.8472574701e+00 -4.9615619954e-03
   endloop
 endfacet
 facet normal  -9.7629917451e-01 0.0000000000e+00 -2.1642532625e-01
   outer loop
     vertex 7.8807384983e-04 -4.8472574701e+00 -4.9615619954e-03
     vertex 7.8807384983e-04 -4.9368219891e+00 -4.9615619954e-03
     vertex 1.1903597513e-04 -4.8472574701e+00 -1.9435181458e-03
   endloop
 endfacet
 facet normal  -9.7629917451e-01 0.0000000000e+00 -2.1642532625e-01
   outer loop
     vertex 7.8807384983e-04 -4.9368219891e+00 -4.9615619954e-03
     vertex 1.1903597513e-04 -4.9368219891e+00 -1.9435181458e-03
     vertex 1.1903597513e-04 -4.8472574701e+00 -1.9435181458e-03
   endloop
 endfacet
 facet normal  -9.9812962151e-01 0.0000000000e+00 -6.1133122455e-02
   outer loop
     vertex 1.1903597513e-04 -4.8472574701e+00 -1.9435181458e-03
     vertex 1.1903597513e-04 -4.9368219891e+00 -1.9435181458e-03
     vertex 0.0000000000e+00 -4.8472574701e+00 0.0000000000e+00
   endloop
 endfacet
 facet normal  -9.9812962151e-01 0.0000000000e+00 -6.1133122455e-02
   outer loop
     vertex 1.1903597513e-04 -4.9368219891e+00 -1.9435181458e-03
     vertex 0.0000000000e+00 -4.9368219891e+00 0.0000000000e+00
     vertex 0.0000000000e+00 -4.8472574701e+00 0.0000000000e+00
   endloop
 endfacet
 facet normal  -9.9812962151e-01 0.0000000000e+00 6.1133122455e-02
   outer loop
     vertex 0.0000000000e+00 -4.8472574701e+00 0.0000000000e+00
     vertex 0.0000000000e+00 -4.9368219891e+00 0.0000000000e+00
     vertex 1.1903597513e-04 -4.9368219891e+00 1.9435181458e-03
   endloop
 endfacet
 facet normal  -9.9812962151e-01 0.0000000000e+00 6.1133122455e-02
   outer loop
     vertex 0.0000000000e+00 -4.8472574701e+00 0.0000000000e+00
     vertex 1.1903597513e-04 -4.9368219891e+00 1.9435181458e-03
     vertex 1.1903597513e-04 -4.8472574701e+00 1.9435181458e-03
   endloop
 endfacet
 facet normal  -9.7629917451e-01 0.0000000000e+00 2.1642532625e-01
   outer loop
     vertex 1.1903597513e-04 -4.8472574701e+00 1.9435181458e-03
     vertex 1.1903597513e-04 -4.9368219891e+00 1.9435181458e-03
     vertex 7.8807384983e-04 -4.9368219891e+00 4.9615619954e-03
   endloop
 endfacet
 facet normal  -9.7629917451e-01 1.1818359518e-18 2.1642532625e-01
   outer loop
     vertex 1.1903597513e-04 -4.8472574701e+00 1.9435181458e-03
     vertex 7.8807384983e-04 -4.9368219891e+00 4.9615619954e-03
     vertex 7.8807384983e-04 -4.8472574701e+00 4.9615619954e-03
   endloop
 endfacet
 facet normal  -9.0355742872e-01 1.0937801461e-18 4.2846700341e-01
   outer loop
     vertex 7.8807384983e-04 -4.8472574701e+00 4.9615619954e-03
     vertex 7.8807384983e-04 -4.9368219891e+00 4.9615619954e-03
     vertex 2.8852305479e-03 -4.9368219891e+00 9.3840764449e-03
   endloop
 endfacet
 facet normal  -9.0355742872e-01 0.0000000000e+00 4.2846700341e-01
   outer loop
     vertex 7.8807384983e-04 -4.8472574701e+00 4.9615619954e-03
     vertex 2.8852305479e-03 -4.9368219891e+00 9.3840764449e-03
     vertex 2.8852305479e-03 -4.8472574701e+00 9.3840764449e-03
   endloop
 endfacet
 facet normal  -7.6128093626e-01 0.0000000000e+00 6.4842218969e-01
   outer loop
     vertex 2.8852305479e-03 -4.8472574701e+00 9.3840764449e-03
     vertex 2.8852305479e-03 -4.9368219891e+00 9.3840764449e-03
     vertex 7.8928270998e-03 -4.9368219891e+00 1.5263251853e-02
   endloop
 endfacet
 facet normal  -7.6128093626e-01 0.0000000000e+00 6.4842218969e-01
   outer loop
     vertex 2.8852305479e-03 -4.8472574701e+00 9.3840764449e-03
     vertex 7.8928270998e-03 -4.9368219891e+00 1.5263251853e-02
     vertex 7.8928270998e-03 -4.8472574701e+00 1.5263251853e-02
   endloop
 endfacet
 facet normal  -5.8540728658e-01 0.0000000000e+00 8.1073935937e-01
   outer loop
     vertex 7.8928270998e-03 -4.8472574701e+00 1.5263251853e-02
     vertex 7.8928270998e-03 -4.9368219891e+00 1.5263251853e-02
     vertex 1.7711394777e-02 -4.9368219891e+00 2.2352905260e-02
   endloop
 endfacet
 facet normal  -5.8540728658e-01 0.0000000000e+00 8.1073935937e-01
   outer loop
     vertex 7.8928270998e-03 -4.8472574701e+00 1.5263251853e-02
     vertex 1.7711394777e-02 -4.9368219891e+00 2.2352905260e-02
     vertex 1.7711394777e-02 -4.8472574701e+00 2.2352905260e-02
   endloop
 endfacet
 facet normal  -4.2610378432e-01 0.0000000000e+00 9.0467428669e-01
   outer loop
     vertex 1.7711394777e-02 -4.8472574701e+00 2.2352905260e-02
     vertex 1.7711394777e-02 -4.9368219891e+00 2.2352905260e-02
     vertex 3.4701656177e-02 -4.9368219891e+00 3.0355359608e-02
   endloop
 endfacet
 facet normal  -4.2610378432e-01 0.0000000000e+00 9.0467428669e-01
   outer loop
     vertex 1.7711394777e-02 -4.8472574701e+00 2.2352905260e-02
     vertex 3.4701656177e-02 -4.9368219891e+00 3.0355359608e-02
     vertex 3.4701656177e-02 -4.8472574701e+00 3.0355359608e-02
   endloop
 endfacet
 facet normal  -2.9935221327e-01 0.0000000000e+00 9.5414267927e-01
   outer loop
     vertex 3.4701656177e-02 -4.8472574701e+00 3.0355359608e-02
     vertex 3.4701656177e-02 -4.9368219891e+00 3.0355359608e-02
     vertex 6.2004804867e-02 -4.9368219891e+00 3.8921434858e-02
   endloop
 endfacet
 facet normal  -2.9935221327e-01 0.0000000000e+00 9.5414267927e-01
   outer loop
     vertex 3.4701656177e-02 -4.8472574701e+00 3.0355359608e-02
     vertex 6.2004804867e-02 -4.9368219891e+00 3.8921434858e-02
     vertex 6.2004804867e-02 -4.8472574701e+00 3.8921434858e-02
   endloop
 endfacet
 facet normal  -2.0023240962e-01 0.0000000000e+00 9.7974842798e-01
   outer loop
     vertex 6.2004804867e-02 -4.8472574701e+00 3.8921434858e-02
     vertex 6.2004804867e-02 -4.9368219891e+00 3.8921434858e-02
     vertex 1.0361138312e-01 -4.9368219891e+00 4.7424623209e-02
   endloop
 endfacet
 facet normal  -2.0023240962e-01 0.0000000000e+00 9.7974842798e-01
   outer loop
     vertex 6.2004804867e-02 -4.8472574701e+00 3.8921434858e-02
     vertex 1.0361138312e-01 -4.9368219891e+00 4.7424623209e-02
     vertex 1.0361138312e-01 -4.8472574701e+00 4.7424623209e-02
   endloop
 endfacet
 facet normal  -1.2076702739e-01 0.0000000000e+00 9.9268087777e-01
   outer loop
     vertex 1.0361138312e-01 -4.8472574701e+00 4.7424623209e-02
     vertex 1.0361138312e-01 -4.9368219891e+00 4.7424623209e-02
     vertex 1.6380190832e-01 -4.9368219891e+00 5.4747249210e-02
   endloop
 endfacet
 facet normal  -1.2076702739e-01 0.0000000000e+00 9.9268087777e-01
   outer loop
     vertex 1.0361138312e-01 -4.8472574701e+00 4.7424623209e-02
     vertex 1.6380190832e-01 -4.9368219891e+00 5.4747249210e-02
     vertex 1.6380190832e-01 -4.8472574701e+00 5.4747249210e-02
   endloop
 endfacet
 facet normal  -5.5453819818e-02 0.0000000000e+00 9.9846125306e-01
   outer loop
     vertex 1.6380190832e-01 -4.8472574701e+00 5.4747249210e-02
     vertex 1.6380190832e-01 -4.9368219891e+00 5.4747249210e-02
     vertex 2.4565152047e-01 -4.9368219891e+00 5.9293117796e-02
   endloop
 endfacet
 facet normal  -5.5453819818e-02 0.0000000000e+00 9.9846125306e-01
   outer loop
     vertex 1.6380190832e-01 -4.8472574701e+00 5.4747249210e-02
     vertex 2.4565152047e-01 -4.9368219891e+00 5.9293117796e-02
     vertex 2.4565152047e-01 -4.8472574701e+00 5.9293117796e-02
   endloop
 endfacet
 facet normal  -2.0754226775e-03 0.0000000000e+00 9.9999784631e-01
   outer loop
     vertex 2.4565152047e-01 -4.8472574701e+00 5.9293117796e-02
     vertex 2.4565152047e-01 -4.9368219891e+00 5.9293117796e-02
     vertex 3.4867161706e-01 -4.9368219891e+00 5.9506928501e-02
   endloop
 endfacet
 facet normal  -2.0754226775e-03 0.0000000000e+00 9.9999784631e-01
   outer loop
     vertex 2.4565152047e-01 -4.8472574701e+00 5.9293117796e-02
     vertex 3.4867161706e-01 -4.9368219891e+00 5.9506928501e-02
     vertex 3.4867161706e-01 -4.8472574701e+00 5.9506928501e-02
   endloop
 endfacet
 facet normal  3.9613515037e-02 -0.0000000000e+00 9.9921507666e-01
   outer loop
     vertex 3.4867161706e-01 -4.8472574701e+00 5.9506928501e-02
     vertex 3.4867161706e-01 -4.9368219891e+00 5.9506928501e-02
     vertex 4.6678824105e-01 -4.9368219891e+00 5.4824238287e-02
   endloop
 endfacet
 facet normal  3.9613515037e-02 -0.0000000000e+00 9.9921507666e-01
   outer loop
     vertex 3.4867161706e-01 -4.8472574701e+00 5.9506928501e-02
     vertex 4.6678824105e-01 -4.9368219891e+00 5.4824238287e-02
     vertex 4.6678824105e-01 -4.8472574701e+00 5.4824238287e-02
   endloop
 endfacet
 facet normal  7.0157790253e-02 -0.0000000000e+00 9.9753590635e-01
   outer loop
     vertex 4.6678824105e-01 -4.8472574701e+00 5.4824238287e-02
     vertex 4.6678824105e-01 -4.9368219891e+00 5.4824238287e-02
     vertex 5.8876378780e-01 -4.8472574701e+00 4.6245564808e-02
   endloop
 endfacet
 facet normal  7.0157790253e-02 -0.0000000000e+00 9.9753590635e-01
   outer loop
     vertex 4.6678824105e-01 -4.9368219891e+00 5.4824238287e-02
     vertex 5.8876378780e-01 -4.9368219891e+00 4.6245564808e-02
     vertex 5.8876378780e-01 -4.8472574701e+00 4.6245564808e-02
   endloop
 endfacet
 facet normal  9.1463328509e-02 -0.0000000000e+00 9.9580844520e-01
   outer loop
     vertex 5.8876378780e-01 -4.8472574701e+00 4.6245564808e-02
     vertex 5.8876378780e-01 -4.9368219891e+00 4.6245564808e-02
     vertex 7.0192689193e-01 -4.8472574701e+00 3.5851724287e-02
   endloop
 endfacet
 facet normal  9.1463328509e-02 -0.0000000000e+00 9.9580844520e-01
   outer loop
     vertex 5.8876378780e-01 -4.9368219891e+00 4.6245564808e-02
     vertex 7.0192689193e-01 -4.9368219891e+00 3.5851724287e-02
     vertex 7.0192689193e-01 -4.8472574701e+00 3.5851724287e-02
   endloop
 endfacet
 facet normal  1.0637499606e-01 -0.0000000000e+00 9.9432608344e-01
   outer loop
     vertex 7.0192689193e-01 -4.8472574701e+00 3.5851724287e-02
     vertex 7.0192689193e-01 -4.9368219891e+00 3.5851724287e-02
     vertex 7.9695803833e-01 -4.8472574701e+00 2.5685101897e-02
   endloop
 endfacet
 facet normal  1.0637499606e-01 -0.0000000000e+00 9.9432608344e-01
   outer loop
     vertex 7.0192689193e-01 -4.9368219891e+00 3.5851724287e-02
     vertex 7.9695803833e-01 -4.9368219891e+00 2.5685101897e-02
     vertex 7.9695803833e-01 -4.8472574701e+00 2.5685101897e-02
   endloop
 endfacet
 facet normal  1.1718870894e-01 -0.0000000000e+00 9.9310966489e-01
   outer loop
     vertex 7.9695803833e-01 -4.8472574701e+00 2.5685101897e-02
     vertex 7.9695803833e-01 -4.9368219891e+00 2.5685101897e-02
     vertex 8.7030448965e-01 -4.8472574701e+00 1.7030090029e-02
   endloop
 endfacet
 facet normal  1.1718870894e-01 -0.0000000000e+00 9.9310966489e-01
   outer loop
     vertex 7.9695803833e-01 -4.9368219891e+00 2.5685101897e-02
     vertex 8.7030448965e-01 -4.9368219891e+00 1.7030090029e-02
     vertex 8.7030448965e-01 -4.8472574701e+00 1.7030090029e-02
   endloop
 endfacet
 facet normal  1.2513251854e-01 -0.0000000000e+00 9.9214003689e-01
   outer loop
     vertex 8.7030448965e-01 -4.8472574701e+00 1.7030090029e-02
     vertex 8.7030448965e-01 -4.9368219891e+00 1.7030090029e-02
     vertex 9.2331020388e-01 -4.8472574701e+00 1.0344805420e-02
   endloop
 endfacet
 facet normal  1.2513251854e-01 -0.0000000000e+00 9.9214003689e-01
   outer loop
     vertex 8.7030448965e-01 -4.9368219891e+00 1.7030090029e-02
     vertex 9.2331020388e-01 -4.9368219891e+00 1.0344805420e-02
     vertex 9.2331020388e-01 -4.8472574701e+00 1.0344805420e-02
   endloop
 endfacet
 facet normal  1.3095350728e-01 -0.0000000000e+00 9.9138851059e-01
   outer loop
     vertex 9.2331020388e-01 -4.8472574701e+00 1.0344805420e-02
     vertex 9.2331020388e-01 -4.9368219891e+00 1.0344805420e-02
     vertex 9.5982161505e-01 -4.8472574701e+00 5.5219763305e-03
   endloop
 endfacet
 facet normal  1.3095350728e-01 -0.0000000000e+00 9.9138851059e-01
   outer loop
     vertex 9.2331020388e-01 -4.9368219891e+00 1.0344805420e-02
     vertex 9.5982161505e-01 -4.9368219891e+00 5.5219763305e-03
     vertex 9.5982161505e-01 -4.8472574701e+00 5.5219763305e-03
   endloop
 endfacet
 facet normal  1.3505987260e-01 -0.0000000000e+00 9.9083743915e-01
   outer loop
     vertex 9.5982161505e-01 -4.8472574701e+00 5.5219763305e-03
     vertex 9.5982161505e-01 -4.9368219891e+00 5.5219763305e-03
     vertex 9.8414844626e-01 -4.8472574701e+00 2.2060149078e-03
   endloop
 endfacet
 facet normal  1.3505987260e-01 -0.0000000000e+00 9.9083743915e-01
   outer loop
     vertex 9.5982161505e-01 -4.9368219891e+00 5.5219763305e-03
     vertex 9.8414844626e-01 -4.9368219891e+00 2.2060149078e-03
     vertex 9.8414844626e-01 -4.8472574701e+00 2.2060149078e-03
   endloop
 endfacet
 facet normal  1.3783871552e-01 -0.0000000000e+00 9.9045468776e-01
   outer loop
     vertex 9.8414844626e-01 -4.8472574701e+00 2.2060149078e-03
     vertex 9.8414844626e-01 -4.9368219891e+00 2.2060149078e-03
     vertex 1.0000000000e+00 -4.8472574701e+00 0.0000000000e+00
   endloop
 endfacet
 facet normal  1.3783871552e-01 -0.0000000000e+00 9.9045468776e-01
   outer loop
     vertex 9.8414844626e-01 -4.9368219891e+00 2.2060149078e-03
     vertex 1.0000000000e+00 -4.9368219891e+00 0.0000000000e+00
     vertex 1.0000000000e+00 -4.8472574701e+00 0.0000000000e+00
   endloop
 endfacet
 facet normal  1.3783871552e-01 0.0000000000e+00 -9.9045468776e-01
   outer loop
     vertex 1.0000000000e+00 -4.9368219891e+00 0.0000000000e+00
     vertex 1.0000000000e+00 -5.0000000000e+00 0.0000000000e+00
     vertex 9.8414844626e-01 -5.0000000000e+00 -2.2060149078e-03
   endloop
 endfacet
 facet normal  1.3783871552e-01 0.0000000000e+00 -9.9045468776e-01
   outer loop
     vertex 1.0000000000e+00 -4.9368219891e+00 0.0000000000e+00
     vertex 9.8414844626e-01 -5.0000000000e+00 -2.2060149078e-03
     vertex 9.8414844626e-01 -4.9368219891e+00 -2.2060149078e-03
   endloop
 endfacet
 facet normal  1.3505987260e-01 0.0000000000e+00 -9.9083743915e-01
   outer loop
     vertex 9.8414844626e-01 -4.9368219891e+00 -2.2060149078e-03
     vertex 9.8414844626e-01 -5.0000000000e+00 -2.2060149078e-03
     vertex 9.5982161505e-01 -5.0000000000e+00 -5.5219763305e-03
   endloop
 endfacet
 facet normal  1.3505987260e-01 0.0000000000e+00 -9.9083743915e-01
   outer loop
     vertex 9.8414844626e-01 -4.9368219891e+00 -2.2060149078e-03
     vertex 9.5982161505e-01 -5.0000000000e+00 -5.5219763305e-03
     vertex 9.5982161505e-01 -4.9368219891e+00 -5.5219763305e-03
   endloop
 endfacet
 facet normal  1.3095350728e-01 0.0000000000e+00 -9.9138851059e-01
   outer loop
     vertex 9.5982161505e-01 -4.9368219891e+00 -5.5219763305e-03
     vertex 9.5982161505e-01 -5.0000000000e+00 -5.5219763305e-03
     vertex 9.2331020388e-01 -5.0000000000e+00 -1.0344805420e-02
   endloop
 endfacet
 facet normal  1.3095350728e-01 0.0000000000e+00 -9.9138851059e-01
   outer loop
     vertex 9.5982161505e-01 -4.9368219891e+00 -5.5219763305e-03
     vertex 9.2331020388e-01 -5.0000000000e+00 -1.0344805420e-02
     vertex 9.2331020388e-01 -4.9368219891e+00 -1.0344805420e-02
   endloop
 endfacet
 facet normal  1.2513251854e-01 0.0000000000e+00 -9.9214003689e-01
   outer loop
     vertex 9.2331020388e-01 -4.9368219891e+00 -1.0344805420e-02
     vertex 9.2331020388e-01 -5.0000000000e+00 -1.0344805420e-02
     vertex 8.7030448965e-01 -5.0000000000e+00 -1.7030090029e-02
   endloop
 endfacet
 facet normal  1.2513251854e-01 0.0000000000e+00 -9.9214003689e-01
   outer loop
     vertex 9.2331020388e-01 -4.9368219891e+00 -1.0344805420e-02
     vertex 8.7030448965e-01 -5.0000000000e+00 -1.7030090029e-02
     vertex 8.7030448965e-01 -4.9368219891e+00 -1.7030090029e-02
   endloop
 endfacet
 facet normal  1.1718870894e-01 0.0000000000e+00 -9.9310966489e-01
   outer loop
     vertex 8.7030448965e-01 -4.9368219891e+00 -1.7030090029e-02
     vertex 8.7030448965e-01 -5.0000000000e+00 -1.7030090029e-02
     vertex 7.9695803833e-01 -5.0000000000e+00 -2.5685101897e-02
   endloop
 endfacet
 facet normal  1.1718870894e-01 0.0000000000e+00 -9.9310966489e-01
   outer loop
     vertex 8.7030448965e-01 -4.9368219891e+00 -1.7030090029e-02
     vertex 7.9695803833e-01 -5.0000000000e+00 -2.5685101897e-02
     vertex 7.9695803833e-01 -4.9368219891e+00 -2.5685101897e-02
   endloop
 endfacet
 facet normal  1.0637499606e-01 0.0000000000e+00 -9.9432608344e-01
   outer loop
     vertex 7.9695803833e-01 -4.9368219891e+00 -2.5685101897e-02
     vertex 7.9695803833e-01 -5.0000000000e+00 -2.5685101897e-02
     vertex 7.0192689193e-01 -5.0000000000e+00 -3.5851724287e-02
   endloop
 endfacet
 facet normal  1.0637499606e-01 0.0000000000e+00 -9.9432608344e-01
   outer loop
     vertex 7.9695803833e-01 -4.9368219891e+00 -2.5685101897e-02
     vertex 7.0192689193e-01 -5.0000000000e+00 -3.5851724287e-02
     vertex 7.0192689193e-01 -4.9368219891e+00 -3.5851724287e-02
   endloop
 endfacet
 facet normal  9.1463328509e-02 0.0000000000e+00 -9.9580844520e-01
   outer loop
     vertex 7.0192689193e-01 -4.9368219891e+00 -3.5851724287e-02
     vertex 7.0192689193e-01 -5.0000000000e+00 -3.5851724287e-02
     vertex 5.8876378780e-01 -5.0000000000e+00 -4.6245564808e-02
   endloop
 endfacet
 facet normal  9.1463328509e-02 0.0000000000e+00 -9.9580844520e-01
   outer loop
     vertex 7.0192689193e-01 -4.9368219891e+00 -3.5851724287e-02
     vertex 5.8876378780e-01 -5.0000000000e+00 -4.6245564808e-02
     vertex 5.8876378780e-01 -4.9368219891e+00 -4.6245564808e-02
   endloop
 endfacet
 facet normal  7.0157790253e-02 0.0000000000e+00 -9.9753590635e-01
   outer loop
     vertex 5.8876378780e-01 -4.9368219891e+00 -4.6245564808e-02
     vertex 5.8876378780e-01 -5.0000000000e+00 -4.6245564808e-02
     vertex 4.6678824105e-01 -5.0000000000e+00 -5.4824238287e-02
   endloop
 endfacet
 facet normal  7.0157790253e-02 0.0000000000e+00 -9.9753590635e-01
   outer loop
     vertex 5.8876378780e-01 -4.9368219891e+00 -4.6245564808e-02
     vertex 4.6678824105e-01 -5.0000000000e+00 -5.4824238287e-02
     vertex 4.6678824105e-01 -4.9368219891e+00 -5.4824238287e-02
   endloop
 endfacet
 facet normal  3.9613515037e-02 0.0000000000e+00 -9.9921507666e-01
   outer loop
     vertex 4.6678824105e-01 -4.9368219891e+00 -5.4824238287e-02
     vertex 4.6678824105e-01 -5.0000000000e+00 -5.4824238287e-02
     vertex 3.4867161706e-01 -4.9368219891e+00 -5.9506928501e-02
   endloop
 endfacet
 facet normal  3.9613515037e-02 0.0000000000e+00 -9.9921507666e-01
   outer loop
     vertex 4.6678824105e-01 -5.0000000000e+00 -5.4824238287e-02
     vertex 3.4867161706e-01 -5.0000000000e+00 -5.9506928501e-02
     vertex 3.4867161706e-01 -4.9368219891e+00 -5.9506928501e-02
   endloop
 endfacet
 facet normal  -2.0754226775e-03 0.0000000000e+00 -9.9999784631e-01
   outer loop
     vertex 3.4867161706e-01 -4.9368219891e+00 -5.9506928501e-02
     vertex 3.4867161706e-01 -5.0000000000e+00 -5.9506928501e-02
     vertex 2.4565152047e-01 -4.9368219891e+00 -5.9293117796e-02
   endloop
 endfacet
 facet normal  -2.0754226775e-03 0.0000000000e+00 -9.9999784631e-01
   outer loop
     vertex 3.4867161706e-01 -5.0000000000e+00 -5.9506928501e-02
     vertex 2.4565152047e-01 -5.0000000000e+00 -5.9293117796e-02
     vertex 2.4565152047e-01 -4.9368219891e+00 -5.9293117796e-02
   endloop
 endfacet
 facet normal  -5.5453819818e-02 0.0000000000e+00 -9.9846125306e-01
   outer loop
     vertex 2.4565152047e-01 -4.9368219891e+00 -5.9293117796e-02
     vertex 2.4565152047e-01 -5.0000000000e+00 -5.9293117796e-02
     vertex 1.6380190832e-01 -4.9368219891e+00 -5.4747249210e-02
   endloop
 endfacet
 facet normal  -5.5453819818e-02 0.0000000000e+00 -9.9846125306e-01
   outer loop
     vertex 2.4565152047e-01 -5.0000000000e+00 -5.9293117796e-02
     vertex 1.6380190832e-01 -5.0000000000e+00 -5.4747249210e-02
     vertex 1.6380190832e-01 -4.9368219891e+00 -5.4747249210e-02
   endloop
 endfacet
 facet normal  -1.2076702739e-01 0.0000000000e+00 -9.9268087777e-01
   outer loop
     vertex 1.6380190832e-01 -4.9368219891e+00 -5.4747249210e-02
     vertex 1.6380190832e-01 -5.0000000000e+00 -5.4747249210e-02
     vertex 1.0361138312e-01 -4.9368219891e+00 -4.7424623209e-02
   endloop
 endfacet
 facet normal  -1.2076702739e-01 0.0000000000e+00 -9.9268087777e-01
   outer loop
     vertex 1.6380190832e-01 -5.0000000000e+00 -5.4747249210e-02
     vertex 1.0361138312e-01 -5.0000000000e+00 -4.7424623209e-02
     vertex 1.0361138312e-01 -4.9368219891e+00 -4.7424623209e-02
   endloop
 endfacet
 facet normal  -2.0023240962e-01 0.0000000000e+00 -9.7974842798e-01
   outer loop
     vertex 1.0361138312e-01 -4.9368219891e+00 -4.7424623209e-02
     vertex 1.0361138312e-01 -5.0000000000e+00 -4.7424623209e-02
     vertex 6.2004804867e-02 -4.9368219891e+00 -3.8921434858e-02
   endloop
 endfacet
 facet normal  -2.0023240962e-01 0.0000000000e+00 -9.7974842798e-01
   outer loop
     vertex 1.0361138312e-01 -5.0000000000e+00 -4.7424623209e-02
     vertex 6.2004804867e-02 -5.0000000000e+00 -3.8921434858e-02
     vertex 6.2004804867e-02 -4.9368219891e+00 -3.8921434858e-02
   endloop
 endfacet
 facet normal  -2.9935221327e-01 0.0000000000e+00 -9.5414267927e-01
   outer loop
     vertex 6.2004804867e-02 -4.9368219891e+00 -3.8921434858e-02
     vertex 6.2004804867e-02 -5.0000000000e+00 -3.8921434858e-02
     vertex 3.4701656177e-02 -4.9368219891e+00 -3.0355359608e-02
   endloop
 endfacet
 facet normal  -2.9935221327e-01 0.0000000000e+00 -9.5414267927e-01
   outer loop
     vertex 6.2004804867e-02 -5.0000000000e+00 -3.8921434858e-02
     vertex 3.4701656177e-02 -5.0000000000e+00 -3.0355359608e-02
     vertex 3.4701656177e-02 -4.9368219891e+00 -3.0355359608e-02
   endloop
 endfacet
 facet normal  -4.2610378432e-01 0.0000000000e+00 -9.0467428669e-01
   outer loop
     vertex 3.4701656177e-02 -4.9368219891e+00 -3.0355359608e-02
     vertex 3.4701656177e-02 -5.0000000000e+00 -3.0355359608e-02
     vertex 1.7711394777e-02 -4.9368219891e+00 -2.2352905260e-02
   endloop
 endfacet
 facet normal  -4.2610378432e-01 0.0000000000e+00 -9.0467428669e-01
   outer loop
     vertex 3.4701656177e-02 -5.0000000000e+00 -3.0355359608e-02
     vertex 1.7711394777e-02 -5.0000000000e+00 -2.2352905260e-02
     vertex 1.7711394777e-02 -4.9368219891e+00 -2.2352905260e-02
   endloop
 endfacet
 facet normal  -5.8540728658e-01 0.0000000000e+00 -8.1073935937e-01
   outer loop
     vertex 1.7711394777e-02 -4.9368219891e+00 -2.2352905260e-02
     vertex 1.7711394777e-02 -5.0000000000e+00 -2.2352905260e-02
     vertex 7.8928270998e-03 -4.9368219891e+00 -1.5263251853e-02
   endloop
 endfacet
 facet normal  -5.8540728658e-01 0.0000000000e+00 -8.1073935937e-01
   outer loop
     vertex 1.7711394777e-02 -5.0000000000e+00 -2.2352905260e-02
     vertex 7.8928270998e-03 -5.0000000000e+00 -1.5263251853e-02
     vertex 7.8928270998e-03 -4.9368219891e+00 -1.5263251853e-02
   endloop
 endfacet
 facet normal  -7.6128093626e-01 0.0000000000e+00 -6.4842218969e-01
   outer loop
     vertex 7.8928270998e-03 -4.9368219891e+00 -1.5263251853e-02
     vertex 7.8928270998e-03 -5.0000000000e+00 -1.5263251853e-02
     vertex 2.8852305479e-03 -4.9368219891e+00 -9.3840764449e-03
   endloop
 endfacet
 facet normal  -7.6128093626e-01 0.0000000000e+00 -6.4842218969e-01
   outer loop
     vertex 7.8928270998e-03 -5.0000000000e+00 -1.5263251853e-02
     vertex 2.8852305479e-03 -5.0000000000e+00 -9.3840764449e-03
     vertex 2.8852305479e-03 -4.9368219891e+00 -9.3840764449e-03
   endloop
 endfacet
 facet normal  -9.0355742872e-01 0.0000000000e+00 -4.2846700341e-01
   outer loop
     vertex 2.8852305479e-03 -4.9368219891e+00 -9.3840764449e-03
     vertex 2.8852305479e-03 -5.0000000000e+00 -9.3840764449e-03
     vertex 7.8807384983e-04 -4.9368219891e+00 -4.9615619954e-03
   endloop
 endfacet
 facet normal  -9.0355742872e-01 0.0000000000e+00 -4.2846700341e-01
   outer loop
     vertex 2.8852305479e-03 -5.0000000000e+00 -9.3840764449e-03
     vertex 7.8807384983e-04 -5.0000000000e+00 -4.9615619954e-03
     vertex 7.8807384983e-04 -4.9368219891e+00 -4.9615619954e-03
   endloop
 endfacet
 facet normal  -9.7629917451e-01 0.0000000000e+00 -2.1642532625e-01
   outer loop
     vertex 7.8807384983e-04 -4.9368219891e+00 -4.9615619954e-03
     vertex 7.8807384983e-04 -5.0000000000e+00 -4.9615619954e-03
     vertex 1.1903597513e-04 -4.9368219891e+00 -1.9435181458e-03
   endloop
 endfacet
 facet normal  -9.7629917451e-01 0.0000000000e+00 -2.1642532625e-01
   outer loop
     vertex 7.8807384983e-04 -5.0000000000e+00 -4.9615619954e-03
     vertex 1.1903597513e-04 -5.0000000000e+00 -1.9435181458e-03
     vertex 1.1903597513e-04 -4.9368219891e+00 -1.9435181458e-03
   endloop
 endfacet
 facet normal  -9.9812962151e-01 0.0000000000e+00 -6.1133122455e-02
   outer loop
     vertex 1.1903597513e-04 -4.9368219891e+00 -1.9435181458e-03
     vertex 1.1903597513e-04 -5.0000000000e+00 -1.9435181458e-03
     vertex 0.0000000000e+00 -4.9368219891e+00 0.0000000000e+00
   endloop
 endfacet
 facet normal  -9.9812962151e-01 0.0000000000e+00 -6.1133122455e-02
   outer loop
     vertex 1.1903597513e-04 -5.0000000000e+00 -1.9435181458e-03
     vertex 0.0000000000e+00 -5.0000000000e+00 0.0000000000e+00
     vertex 0.0000000000e+00 -4.9368219891e+00 0.0000000000e+00
   endloop
 endfacet
 facet normal  -9.9812962151e-01 0.0000000000e+00 6.1133122455e-02
   outer loop
     vertex 0.0000000000e+00 -4.9368219891e+00 0.0000000000e+00
     vertex 0.0000000000e+00 -5.0000000000e+00 0.0000000000e+00
     vertex 1.1903597513e-04 -5.0000000000e+00 1.9435181458e-03
   endloop
 endfacet
 facet normal  -9.9812962151e-01 0.0000000000e+00 6.1133122455e-02
   outer loop
     vertex 0.0000000000e+00 -4.9368219891e+00 0.0000000000e+00
     vertex 1.1903597513e-04 -5.0000000000e+00 1.9435181458e-03
     vertex 1.1903597513e-04 -4.9368219891e+00 1.9435181458e-03
   endloop
 endfacet
 facet normal  -9.7629917451e-01 0.0000000000e+00 2.1642532625e-01
   outer loop
     vertex 1.1903597513e-04 -4.9368219891e+00 1.9435181458e-03
     vertex 1.1903597513e-04 -5.0000000000e+00 1.9435181458e-03
     vertex 7.8807384983e-04 -5.0000000000e+00 4.9615619954e-03
   endloop
 endfacet
 facet normal  -9.7629917451e-01 -1.6754337016e-18 2.1642532625e-01
   outer loop
     vertex 1.1903597513e-04 -4.9368219891e+00 1.9435181458e-03
     vertex 7.8807384983e-04 -5.0000000000e+00 4.9615619954e-03
     vertex 7.8807384983e-04 -4.9368219891e+00 4.9615619954e-03
   endloop
 endfacet
 facet normal  -9.0355742872e-01 -1.5506010933e-18 4.2846700341e-01
   outer loop
     vertex 7.8807384983e-04 -4.9368219891e+00 4.9615619954e-03
     vertex 7.8807384983e-04 -5.0000000000e+00 4.9615619954e-03
     vertex 2.8852305479e-03 -5.0000000000e+00 9.3840764449e-03
   endloop
 endfacet
 facet normal  -9.0355742872e-01 0.0000000000e+00 4.2846700341e-01
   outer loop
     vertex 7.8807384983e-04 -4.9368219891e+00 4.9615619954e-03
     vertex 2.8852305479e-03 -5.0000000000e+00 9.3840764449e-03
     vertex 2.8852305479e-03 -4.9368219891e+00 9.3840764449e-03
   endloop
 endfacet
 facet normal  -7.6128093626e-01 0.0000000000e+00 6.4842218969e-01
   outer loop
     vertex 2.8852305479e-03 -4.9368219891e+00 9.3840764449e-03
     vertex 2.8852305479e-03 -5.0000000000e+00 9.3840764449e-03
     vertex 7.8928270998e-03 -5.0000000000e+00 1.5263251853e-02
   endloop
 endfacet
 facet normal  -7.6128093626e-01 0.0000000000e+00 6.4842218969e-01
   outer loop
     vertex 2.8852305479e-03 -4.9368219891e+00 9.3840764449e-03
     vertex 7.8928270998e-03 -5.0000000000e+00 1.5263251853e-02
     vertex 7.8928270998e-03 -4.9368219891e+00 1.5263251853e-02
   endloop
 endfacet
 facet normal  -5.8540728658e-01 0.0000000000e+00 8.1073935937e-01
   outer loop
     vertex 7.8928270998e-03 -4.9368219891e+00 1.5263251853e-02
     vertex 7.8928270998e-03 -5.0000000000e+00 1.5263251853e-02
     vertex 1.7711394777e-02 -5.0000000000e+00 2.2352905260e-02
   endloop
 endfacet
 facet normal  -5.8540728658e-01 0.0000000000e+00 8.1073935937e-01
   outer loop
     vertex 7.8928270998e-03 -4.9368219891e+00 1.5263251853e-02
     vertex 1.7711394777e-02 -5.0000000000e+00 2.2352905260e-02
     vertex 1.7711394777e-02 -4.9368219891e+00 2.2352905260e-02
   endloop
 endfacet
 facet normal  -4.2610378432e-01 0.0000000000e+00 9.0467428669e-01
   outer loop
     vertex 1.7711394777e-02 -4.9368219891e+00 2.2352905260e-02
     vertex 1.7711394777e-02 -5.0000000000e+00 2.2352905260e-02
     vertex 3.4701656177e-02 -5.0000000000e+00 3.0355359608e-02
   endloop
 endfacet
 facet normal  -4.2610378432e-01 0.0000000000e+00 9.0467428669e-01
   outer loop
     vertex 1.7711394777e-02 -4.9368219891e+00 2.2352905260e-02
     vertex 3.4701656177e-02 -5.0000000000e+00 3.0355359608e-02
     vertex 3.4701656177e-02 -4.9368219891e+00 3.0355359608e-02
   endloop
 endfacet
 facet normal  -2.9935221327e-01 0.0000000000e+00 9.5414267927e-01
   outer loop
     vertex 3.4701656177e-02 -4.9368219891e+00 3.0355359608e-02
     vertex 3.4701656177e-02 -5.0000000000e+00 3.0355359608e-02
     vertex 6.2004804867e-02 -5.0000000000e+00 3.8921434858e-02
   endloop
 endfacet
 facet normal  -2.9935221327e-01 0.0000000000e+00 9.5414267927e-01
   outer loop
     vertex 3.4701656177e-02 -4.9368219891e+00 3.0355359608e-02
     vertex 6.2004804867e-02 -5.0000000000e+00 3.8921434858e-02
     vertex 6.2004804867e-02 -4.9368219891e+00 3.8921434858e-02
   endloop
 endfacet
 facet normal  -2.0023240962e-01 0.0000000000e+00 9.7974842798e-01
   outer loop
     vertex 6.2004804867e-02 -4.9368219891e+00 3.8921434858e-02
     vertex 6.2004804867e-02 -5.0000000000e+00 3.8921434858e-02
     vertex 1.0361138312e-01 -5.0000000000e+00 4.7424623209e-02
   endloop
 endfacet
 facet normal  -2.0023240962e-01 0.0000000000e+00 9.7974842798e-01
   outer loop
     vertex 6.2004804867e-02 -4.9368219891e+00 3.8921434858e-02
     vertex 1.0361138312e-01 -5.0000000000e+00 4.7424623209e-02
     vertex 1.0361138312e-01 -4.9368219891e+00 4.7424623209e-02
   endloop
 endfacet
 facet normal  -1.2076702739e-01 0.0000000000e+00 9.9268087777e-01
   outer loop
     vertex 1.0361138312e-01 -4.9368219891e+00 4.7424623209e-02
     vertex 1.0361138312e-01 -5.0000000000e+00 4.7424623209e-02
     vertex 1.6380190832e-01 -5.0000000000e+00 5.4747249210e-02
   endloop
 endfacet
 facet normal  -1.2076702739e-01 0.0000000000e+00 9.9268087777e-01
   outer loop
     vertex 1.0361138312e-01 -4.9368219891e+00 4.7424623209e-02
     vertex 1.6380190832e-01 -5.0000000000e+00 5.4747249210e-02
     vertex 1.6380190832e-01 -4.9368219891e+00 5.4747249210e-02
   endloop
 endfacet
 facet normal  -5.5453819818e-02 0.0000000000e+00 9.9846125306e-01
   outer loop
     vertex 1.6380190832e-01 -4.9368219891e+00 5.4747249210e-02
     vertex 1.6380190832e-01 -5.0000000000e+00 5.4747249210e-02
     vertex 2.4565152047e-01 -5.0000000000e+00 5.9293117796e-02
   endloop
 endfacet
 facet normal  -5.5453819818e-02 0.0000000000e+00 9.9846125306e-01
   outer loop
     vertex 1.6380190832e-01 -4.9368219891e+00 5.4747249210e-02
     vertex 2.4565152047e-01 -5.0000000000e+00 5.9293117796e-02
     vertex 2.4565152047e-01 -4.9368219891e+00 5.9293117796e-02
   endloop
 endfacet
 facet normal  -2.0754226775e-03 0.0000000000e+00 9.9999784631e-01
   outer loop
     vertex 2.4565152047e-01 -4.9368219891e+00 5.9293117796e-02
     vertex 2.4565152047e-01 -5.0000000000e+00 5.9293117796e-02
     vertex 3.4867161706e-01 -5.0000000000e+00 5.9506928501e-02
   endloop
 endfacet
 facet normal  -2.0754226775e-03 0.0000000000e+00 9.9999784631e-01
   outer loop
     vertex 2.4565152047e-01 -4.9368219891e+00 5.9293117796e-02
     vertex 3.4867161706e-01 -5.0000000000e+00 5.9506928501e-02
     vertex 3.4867161706e-01 -4.9368219891e+00 5.9506928501e-02
   endloop
 endfacet
 facet normal  3.9613515037e-02 -0.0000000000e+00 9.9921507666e-01
   outer loop
     vertex 3.4867161706e-01 -4.9368219891e+00 5.9506928501e-02
     vertex 3.4867161706e-01 -5.0000000000e+00 5.9506928501e-02
     vertex 4.6678824105e-01 -5.0000000000e+00 5.4824238287e-02
   endloop
 endfacet
 facet normal  3.9613515037e-02 -0.0000000000e+00 9.9921507666e-01
   outer loop
     vertex 3.4867161706e-01 -4.9368219891e+00 5.9506928501e-02
     vertex 4.6678824105e-01 -5.0000000000e+00 5.4824238287e-02
     vertex 4.6678824105e-01 -4.9368219891e+00 5.4824238287e-02
   endloop
 endfacet
 facet normal  7.0157790253e-02 -0.0000000000e+00 9.9753590635e-01
   outer loop
     vertex 4.6678824105e-01 -4.9368219891e+00 5.4824238287e-02
     vertex 4.6678824105e-01 -5.0000000000e+00 5.4824238287e-02
     vertex 5.8876378780e-01 -4.9368219891e+00 4.6245564808e-02
   endloop
 endfacet
 facet normal  7.0157790253e-02 -0.0000000000e+00 9.9753590635e-01
   outer loop
     vertex 4.6678824105e-01 -5.0000000000e+00 5.4824238287e-02
     vertex 5.8876378780e-01 -5.0000000000e+00 4.6245564808e-02
     vertex 5.8876378780e-01 -4.9368219891e+00 4.6245564808e-02
   endloop
 endfacet
 facet normal  9.1463328509e-02 -0.0000000000e+00 9.9580844520e-01
   outer loop
     vertex 5.8876378780e-01 -4.9368219891e+00 4.6245564808e-02
     vertex 5.8876378780e-01 -5.0000000000e+00 4.6245564808e-02
     vertex 7.0192689193e-01 -4.9368219891e+00 3.5851724287e-02
   endloop
 endfacet
 facet normal  9.1463328509e-02 -0.0000000000e+00 9.9580844520e-01
   outer loop
     vertex 5.8876378780e-01 -5.0000000000e+00 4.6245564808e-02
     vertex 7.0192689193e-01 -5.0000000000e+00 3.5851724287e-02
     vertex 7.0192689193e-01 -4.9368219891e+00 3.5851724287e-02
   endloop
 endfacet
 facet normal  1.0637499606e-01 -0.0000000000e+00 9.9432608344e-01
   outer loop
     vertex 7.0192689193e-01 -4.9368219891e+00 3.5851724287e-02
     vertex 7.0192689193e-01 -5.0000000000e+00 3.5851724287e-02
     vertex 7.9695803833e-01 -4.9368219891e+00 2.5685101897e-02
   endloop
 endfacet
 facet normal  1.0637499606e-01 -0.0000000000e+00 9.9432608344e-01
   outer loop
     vertex 7.0192689193e-01 -5.0000000000e+00 3.5851724287e-02
     vertex 7.9695803833e-01 -5.0000000000e+00 2.5685101897e-02
     vertex 7.9695803833e-01 -4.9368219891e+00 2.5685101897e-02
   endloop
 endfacet
 facet normal  1.1718870894e-01 -0.0000000000e+00 9.9310966489e-01
   outer loop
     vertex 7.9695803833e-01 -4.9368219891e+00 2.5685101897e-02
     vertex 7.9695803833e-01 -5.0000000000e+00 2.5685101897e-02
     vertex 8.7030448965e-01 -4.9368219891e+00 1.7030090029e-02
   endloop
 endfacet
 facet normal  1.1718870894e-01 -0.0000000000e+00 9.9310966489e-01
   outer loop
     vertex 7.9695803833e-01 -5.0000000000e+00 2.5685101897e-02
     vertex 8.7030448965e-01 -5.0000000000e+00 1.7030090029e-02
     vertex 8.7030448965e-01 -4.9368219891e+00 1.7030090029e-02
   endloop
 endfacet
 facet normal  1.2513251854e-01 -0.0000000000e+00 9.9214003689e-01
   outer loop
     vertex 8.7030448965e-01 -4.9368219891e+00 1.7030090029e-02
     vertex 8.7030448965e-01 -5.0000000000e+00 1.7030090029e-02
     vertex 9.2331020388e-01 -4.9368219891e+00 1.0344805420e-02
   endloop
 endfacet
 facet normal  1.2513251854e-01 -0.0000000000e+00 9.9214003689e-01
   outer loop
     vertex 8.7030448965e-01 -5.0000000000e+00 1.7030090029e-02
     vertex 9.2331020388e-01 -5.0000000000e+00 1.0344805420e-02
     vertex 9.2331020388e-01 -4.9368219891e+00 1.0344805420e-02
   endloop
 endfacet
 facet normal  1.3095350728e-01 -0.0000000000e+00 9.9138851059e-01
   outer loop
     vertex 9.2331020388e-01 -4.9368219891e+00 1.0344805420e-02
     vertex 9.2331020388e-01 -5.0000000000e+00 1.0344805420e-02
     vertex 9.5982161505e-01 -4.9368219891e+00 5.5219763305e-03
   endloop
 endfacet
 facet normal  1.3095350728e-01 -0.0000000000e+00 9.9138851059e-01
   outer loop
     vertex 9.2331020388e-01 -5.0000000000e+00 1.0344805420e-02
     vertex 9.5982161505e-01 -5.0000000000e+00 5.5219763305e-03
     vertex 9.5982161505e-01 -4.9368219891e+00 5.5219763305e-03
   endloop
 endfacet
 facet normal  1.3505987260e-01 -0.0000000000e+00 9.9083743915e-01
   outer loop
     vertex 9.5982161505e-01 -4.9368219891e+00 5.5219763305e-03
     vertex 9.5982161505e-01 -5.0000000000e+00 5.5219763305e-03
     vertex 9.8414844626e-01 -4.9368219891e+00 2.2060149078e-03
   endloop
 endfacet
 facet normal  1.3505987260e-01 -0.0000000000e+00 9.9083743915e-01
   outer loop
     vertex 9.5982161505e-01 -5.0000000000e+00 5.5219763305e-03
     vertex 9.8414844626e-01 -5.0000000000e+00 2.2060149078e-03
     vertex 9.8414844626e-01 -4.9368219891e+00 2.2060149078e-03
   endloop
 endfacet
 facet normal  1.3783871552e-01 -0.0000000000e+00 9.9045468776e-01
   outer loop
     vertex 9.8414844626e-01 -4.9368219891e+00 2.2060149078e-03
     vertex 9.8414844626e-01 -5.0000000000e+00 2.2060149078e-03
     vertex 1.0000000000e+00 -4.9368219891e+00 0.0000000000e+00
   endloop
 endfacet
 facet normal  1.3783871552e-01 -0.0000000000e+00 9.9045468776e-01
   outer loop
     vertex 9.8414844626e-01 -5.0000000000e+00 2.2060149078e-03
     vertex 1.0000000000e+00 -5.0000000000e+00 0.0000000000e+00
     vertex 1.0000000000e+00 -4.9368219891e+00 0.0000000000e+00
   endloop
 endfacet
 facet normal  1.2751160013e-01 -3.7977651214e-01 -9.1624810650e-01
   outer loop
     vertex 1.0000000000e+00 -5.0000000000e+00 0.0000000000e+00
     vertex 9.8414844626e-01 -5.0015595822e+00 -1.5595822433e-03
     vertex 9.8414844626e-01 -5.0000000000e+00 -2.2060149078e-03
   endloop
 endfacet
 facet normal  1.2493398843e-01 -3.7990209516e-01 -9.1655108785e-01
   outer loop
     vertex 9.8414844626e-01 -5.0000000000e+00 -2.2060149078e-03
     vertex 9.8414844626e-01 -5.0015595822e+00 -1.5595822433e-03
     vertex 9.5982161505e-01 -5.0039038613e+00 -3.9038613034e-03
   endloop
 endfacet
 facet normal  1.2493398843e-01 -3.7990209516e-01 -9.1655108785e-01
   outer loop
     vertex 9.8414844626e-01 -5.0000000000e+00 -2.2060149078e-03
     vertex 9.5982161505e-01 -5.0039038613e+00 -3.9038613034e-03
     vertex 9.5982161505e-01 -5.0000000000e+00 -5.5219763305e-03
   endloop
 endfacet
 facet normal  1.2112576588e-01 -3.8008286810e-01 -9.1698722031e-01
   outer loop
     vertex 9.5982161505e-01 -5.0000000000e+00 -5.5219763305e-03
     vertex 9.5982161505e-01 -5.0039038613e+00 -3.9038613034e-03
     vertex 9.2331020388e-01 -5.0073134478e+00 -7.3134477866e-03
   endloop
 endfacet
 facet normal  1.2112576588e-01 -3.8008286810e-01 -9.1698722031e-01
   outer loop
     vertex 9.5982161505e-01 -5.0000000000e+00 -5.5219763305e-03
     vertex 9.2331020388e-01 -5.0073134478e+00 -7.3134477866e-03
     vertex 9.2331020388e-01 -5.0000000000e+00 -1.0344805420e-02
   endloop
 endfacet
 facet normal  1.1572895047e-01 -3.8032932788e-01 -9.1758182871e-01
   outer loop
     vertex 9.2331020388e-01 -5.0000000000e+00 -1.0344805420e-02
     vertex 9.2331020388e-01 -5.0073134478e+00 -7.3134477866e-03
     vertex 8.7030448965e-01 -5.0120397310e+00 -1.2039730973e-02
   endloop
 endfacet
 facet normal  1.1572895047e-01 -3.8032932788e-01 -9.1758182871e-01
   outer loop
     vertex 9.2331020388e-01 -5.0000000000e+00 -1.0344805420e-02
     vertex 8.7030448965e-01 -5.0120397310e+00 -1.2039730973e-02
     vertex 8.7030448965e-01 -5.0000000000e+00 -1.7030090029e-02
   endloop
 endfacet
 facet normal  1.0836678321e-01 -3.8064719348e-01 -9.1834871067e-01
   outer loop
     vertex 8.7030448965e-01 -5.0000000000e+00 -1.7030090029e-02
     vertex 8.7030448965e-01 -5.0120397310e+00 -1.2039730973e-02
     vertex 7.9695803833e-01 -5.0181585486e+00 -1.8158548564e-02
   endloop
 endfacet
 facet normal  1.0836678321e-01 -3.8064719348e-01 -9.1834871067e-01
   outer loop
     vertex 8.7030448965e-01 -5.0000000000e+00 -1.7030090029e-02
     vertex 7.9695803833e-01 -5.0181585486e+00 -1.8158548564e-02
     vertex 7.9695803833e-01 -5.0000000000e+00 -2.5685101897e-02
   endloop
 endfacet
 facet normal  9.8349659420e-02 -3.8104577177e-01 -9.1931031992e-01
   outer loop
     vertex 7.9695803833e-01 -5.0000000000e+00 -2.5685101897e-02
     vertex 7.9695803833e-01 -5.0181585486e+00 -1.8158548564e-02
     vertex 7.0192689193e-01 -5.0253460266e+00 -2.5346026627e-02
   endloop
 endfacet
 facet normal  9.8349659420e-02 -3.8104577177e-01 -9.1931031992e-01
   outer loop
     vertex 7.9695803833e-01 -5.0000000000e+00 -2.5685101897e-02
     vertex 7.0192689193e-01 -5.0253460266e+00 -2.5346026627e-02
     vertex 7.0192689193e-01 -5.0000000000e+00 -3.5851724287e-02
   endloop
 endfacet
 facet normal  8.4544672830e-02 -3.8153120340e-01 -9.2048147137e-01
   outer loop
     vertex 7.0192689193e-01 -5.0000000000e+00 -3.5851724287e-02
     vertex 7.0192689193e-01 -5.0253460266e+00 -2.5346026627e-02
     vertex 5.8876378780e-01 -5.0326941407e+00 -3.2694140666e-02
   endloop
 endfacet
 facet normal  8.4544672830e-02 -3.8153120340e-01 -9.2048147137e-01
   outer loop
     vertex 7.0192689193e-01 -5.0000000000e+00 -3.5851724287e-02
     vertex 5.8876378780e-01 -5.0326941407e+00 -3.2694140666e-02
     vertex 5.8876378780e-01 -5.0000000000e+00 -4.6245564808e-02
   endloop
 endfacet
 facet normal  6.4834387572e-02 -3.8209650014e-01 -9.2184530523e-01
   outer loop
     vertex 5.8876378780e-01 -5.0000000000e+00 -4.6245564808e-02
     vertex 5.8876378780e-01 -5.0326941407e+00 -3.2694140666e-02
     vertex 4.6678824105e-01 -5.0387589895e+00 -3.8758989450e-02
   endloop
 endfacet
 facet normal  6.4834387572e-02 -3.8209650014e-01 -9.2184530523e-01
   outer loop
     vertex 5.8876378780e-01 -5.0000000000e+00 -4.6245564808e-02
     vertex 4.6678824105e-01 -5.0387589895e+00 -3.8758989450e-02
     vertex 4.6678824105e-01 -5.0000000000e+00 -5.4824238287e-02
   endloop
 endfacet
 facet normal  3.6598736761e-02 -3.8264558332e-01 -9.2317002228e-01
   outer loop
     vertex 4.6678824105e-01 -5.0000000000e+00 -5.4824238287e-02
     vertex 4.6678824105e-01 -5.0387589895e+00 -3.8758989450e-02
     vertex 3.4867161706e-01 -5.0000000000e+00 -5.9506928501e-02
   endloop
 endfacet
 facet normal  3.6598736761e-02 -3.8264558332e-01 -9.2317002228e-01
   outer loop
     vertex 4.6678824105e-01 -5.0387589895e+00 -3.8758989450e-02
     vertex 3.4867161706e-01 -5.0420695022e+00 -4.2069502213e-02
     vertex 3.4867161706e-01 -5.0000000000e+00 -5.9506928501e-02
   endloop
 endfacet
 facet normal  -1.9172530838e-03 -3.8290140798e-01 -9.2378722437e-01
   outer loop
     vertex 3.4867161706e-01 -5.0000000000e+00 -5.9506928501e-02
     vertex 3.4867161706e-01 -5.0420695022e+00 -4.2069502213e-02
     vertex 2.4565152047e-01 -5.0000000000e+00 -5.9293117796e-02
   endloop
 endfacet
 facet normal  -1.9172530838e-03 -3.8290140798e-01 -9.2378722437e-01
   outer loop
     vertex 3.4867161706e-01 -5.0420695022e+00 -4.2069502213e-02
     vertex 2.4565152047e-01 -5.0419183449e+00 -4.1918344858e-02
     vertex 2.4565152047e-01 -5.0000000000e+00 -5.9293117796e-02
   endloop
 endfacet
 facet normal  -5.1239176507e-02 -3.8239913558e-01 -9.2257544293e-01
   outer loop
     vertex 2.4565152047e-01 -5.0000000000e+00 -5.9293117796e-02
     vertex 2.4565152047e-01 -5.0419183449e+00 -4.1918344858e-02
     vertex 1.6380190832e-01 -5.0000000000e+00 -5.4747249210e-02
   endloop
 endfacet
 facet normal  -5.1239176507e-02 -3.8239913558e-01 -9.2257544293e-01
   outer loop
     vertex 2.4565152047e-01 -5.0419183449e+00 -4.1918344858e-02
     vertex 1.6380190832e-01 -5.0387045606e+00 -3.8704560626e-02
     vertex 1.6380190832e-01 -5.0000000000e+00 -5.4747249210e-02
   endloop
 endfacet
 facet normal  -1.1168271255e-01 -3.8050664417e-01 -9.1800962166e-01
   outer loop
     vertex 1.6380190832e-01 -5.0000000000e+00 -5.4747249210e-02
     vertex 1.6380190832e-01 -5.0387045606e+00 -3.8704560626e-02
     vertex 1.0361138312e-01 -5.0000000000e+00 -4.7424623209e-02
   endloop
 endfacet
 facet normal  -1.1168271255e-01 -3.8050664417e-01 -9.1800962166e-01
   outer loop
     vertex 1.6380190832e-01 -5.0387045606e+00 -3.8704560626e-02
     vertex 1.0361138312e-01 -5.0335276974e+00 -3.3527697384e-02
     vertex 1.0361138312e-01 -5.0000000000e+00 -4.7424623209e-02
   endloop
 endfacet
 facet normal  -1.8551854297e-01 -3.7625522343e-01 -9.0775265191e-01
   outer loop
     vertex 1.0361138312e-01 -5.0000000000e+00 -4.7424623209e-02
     vertex 1.0361138312e-01 -5.0335276974e+00 -3.3527697384e-02
     vertex 6.2004804867e-02 -5.0000000000e+00 -3.8921434858e-02
   endloop
 endfacet
 facet normal  -1.8551854297e-01 -3.7625522343e-01 -9.0775265191e-01
   outer loop
     vertex 1.0361138312e-01 -5.0335276974e+00 -3.3527697384e-02
     vertex 6.2004804867e-02 -5.0275162142e+00 -2.7516214182e-02
     vertex 6.2004804867e-02 -5.0000000000e+00 -3.8921434858e-02
   endloop
 endfacet
 facet normal  -2.7837298405e-01 -3.6776715949e-01 -8.8727436464e-01
   outer loop
     vertex 6.2004804867e-02 -5.0000000000e+00 -3.8921434858e-02
     vertex 6.2004804867e-02 -5.0275162142e+00 -2.7516214182e-02
     vertex 3.4701656177e-02 -5.0000000000e+00 -3.0355359608e-02
   endloop
 endfacet
 facet normal  -2.7837298405e-01 -3.6776715949e-01 -8.8727436464e-01
   outer loop
     vertex 6.2004804867e-02 -5.0275162142e+00 -2.7516214182e-02
     vertex 3.4701656177e-02 -5.0214602719e+00 -2.1460271945e-02
     vertex 3.4701656177e-02 -5.0000000000e+00 -3.0355359608e-02
   endloop
 endfacet
 facet normal  -3.9897612515e-01 -3.5110642354e-01 -8.4707870408e-01
   outer loop
     vertex 3.4701656177e-02 -5.0000000000e+00 -3.0355359608e-02
     vertex 3.4701656177e-02 -5.0214602719e+00 -2.1460271945e-02
     vertex 1.7711394777e-02 -5.0000000000e+00 -2.2352905260e-02
   endloop
 endfacet
 facet normal  -3.9897612515e-01 -3.5110642354e-01 -8.4707870408e-01
   outer loop
     vertex 3.4701656177e-02 -5.0214602719e+00 -2.1460271945e-02
     vertex 1.7711394777e-02 -5.0158027917e+00 -1.5802791725e-02
     vertex 1.7711394777e-02 -5.0000000000e+00 -2.2352905260e-02
   endloop
 endfacet
 facet normal  -5.5491319394e-01 -3.1853942817e-01 -7.6850763165e-01
   outer loop
     vertex 1.7711394777e-02 -5.0000000000e+00 -2.2352905260e-02
     vertex 1.7711394777e-02 -5.0158027917e+00 -1.5802791725e-02
     vertex 7.8928270998e-03 -5.0000000000e+00 -1.5263251853e-02
   endloop
 endfacet
 facet normal  -5.5491319394e-01 -3.1853942817e-01 -7.6850763165e-01
   outer loop
     vertex 1.7711394777e-02 -5.0158027917e+00 -1.5802791725e-02
     vertex 7.8928270998e-03 -5.0107906327e+00 -1.0790632684e-02
     vertex 7.8928270998e-03 -5.0000000000e+00 -1.5263251853e-02
   endloop
 endfacet
 facet normal  -7.3519074177e-01 -2.5955413662e-01 -6.2619982704e-01
   outer loop
     vertex 7.8928270998e-03 -5.0000000000e+00 -1.5263251853e-02
     vertex 7.8928270998e-03 -5.0107906327e+00 -1.0790632684e-02
     vertex 2.8852305479e-03 -5.0000000000e+00 -9.3840764449e-03
   endloop
 endfacet
 facet normal  -7.3519074177e-01 -2.5955413662e-01 -6.2619982704e-01
   outer loop
     vertex 7.8928270998e-03 -5.0107906327e+00 -1.0790632684e-02
     vertex 2.8852305479e-03 -5.0066342430e+00 -6.6342430153e-03
     vertex 2.8852305479e-03 -5.0000000000e+00 -9.3840764449e-03
   endloop
 endfacet
 facet normal  -8.8963667213e-01 -1.7485953118e-01 -4.2186577955e-01
   outer loop
     vertex 2.8852305479e-03 -5.0000000000e+00 -9.3840764449e-03
     vertex 2.8852305479e-03 -5.0066342430e+00 -6.6342430153e-03
     vertex 7.8807384983e-04 -5.0000000000e+00 -4.9615619954e-03
   endloop
 endfacet
 facet normal  -8.8963667213e-01 -1.7485953118e-01 -4.2186577955e-01
   outer loop
     vertex 2.8852305479e-03 -5.0066342430e+00 -6.6342430153e-03
     vertex 7.8807384983e-04 -5.0035076662e+00 -3.5076662265e-03
     vertex 7.8807384983e-04 -5.0000000000e+00 -4.9615619954e-03
   endloop
 endfacet
 facet normal  -9.7239447534e-01 -8.9347550981e-02 -2.1555973524e-01
   outer loop
     vertex 7.8807384983e-04 -5.0000000000e+00 -4.9615619954e-03
     vertex 7.8807384983e-04 -5.0035076662e+00 -3.5076662265e-03
     vertex 1.1903597513e-04 -5.0000000000e+00 -1.9435181458e-03
   endloop
 endfacet
 facet normal  -9.7239447534e-01 -8.9347550981e-02 -2.1555973524e-01
   outer loop
     vertex 7.8807384983e-04 -5.0035076662e+00 -3.5076662265e-03
     vertex 1.1903597513e-04 -5.0013740054e+00 -1.3740053973e-03
     vertex 1.1903597513e-04 -5.0000000000e+00 -1.9435181458e-03
   endloop
 endfacet
 facet normal  -9.9780934060e-01 -2.5330992759e-02 -6.1113505993e-02
   outer loop
     vertex 1.1903597513e-04 -5.0000000000e+00 -1.9435181458e-03
     vertex 1.1903597513e-04 -5.0013740054e+00 -1.3740053973e-03
     vertex 0.0000000000e+00 -5.0000000000e+00 0.0000000000e+00
   endloop
 endfacet
 facet normal  -9.9780934060e-01 -2.5330992759e-02 6.1113505993e-02
   outer loop
     vertex 0.0000000000e+00 -5.0000000000e+00 0.0000000000e+00
     vertex 1.1903597513e-04 -5.0013740054e+00 1.3740053973e-03
     vertex 1.1903597513e-04 -5.0000000000e+00 1.9435181458e-03
   endloop
 endfacet
 facet normal  -9.7239447534e-01 -8.9347550981e-02 2.1555973524e-01
   outer loop
     vertex 1.1903597513e-04 -5.0000000000e+00 1.9435181458e-03
     vertex 1.1903597513e-04 -5.0013740054e+00 1.3740053973e-03
     vertex 7.8807384983e-04 -5.0035076662e+00 3.5076662265e-03
   endloop
 endfacet
 facet normal  -9.7239447534e-01 -8.9347550981e-02 2.1555973524e-01
   outer loop
     vertex 1.1903597513e-04 -5.0000000000e+00 1.9435181458e-03
     vertex 7.8807384983e-04 -5.0035076662e+00 3.5076662265e-03
     vertex 7.8807384983e-04 -5.0000000000e+00 4.9615619954e-03
   endloop
 endfacet
 facet normal  -8.8963667213e-01 -1.7485953118e-01 4.2186577955e-01
   outer loop
     vertex 7.8807384983e-04 -5.0000000000e+00 4.9615619954e-03
     vertex 7.8807384983e-04 -5.0035076662e+00 3.5076662265e-03
     vertex 2.8852305479e-03 -5.0066342430e+00 6.6342430153e-03
   endloop
 endfacet
 facet normal  -8.8963667213e-01 -1.7485953118e-01 4.2186577955e-01
   outer loop
     vertex 7.8807384983e-04 -5.0000000000e+00 4.9615619954e-03
     vertex 2.8852305479e-03 -5.0066342430e+00 6.6342430153e-03
     vertex 2.8852305479e-03 -5.0000000000e+00 9.3840764449e-03
   endloop
 endfacet
 facet normal  -7.3519074177e-01 -2.5955413662e-01 6.2619982704e-01
   outer loop
     vertex 2.8852305479e-03 -5.0000000000e+00 9.3840764449e-03
     vertex 2.8852305479e-03 -5.0066342430e+00 6.6342430153e-03
     vertex 7.8928270998e-03 -5.0107906327e+00 1.0790632684e-02
   endloop
 endfacet
 facet normal  -7.3519074177e-01 -2.5955413662e-01 6.2619982704e-01
   outer loop
     vertex 2.8852305479e-03 -5.0000000000e+00 9.3840764449e-03
     vertex 7.8928270998e-03 -5.0107906327e+00 1.0790632684e-02
     vertex 7.8928270998e-03 -5.0000000000e+00 1.5263251853e-02
   endloop
 endfacet
 facet normal  -5.5491319394e-01 -3.1853942817e-01 7.6850763165e-01
   outer loop
     vertex 7.8928270998e-03 -5.0000000000e+00 1.5263251853e-02
     vertex 7.8928270998e-03 -5.0107906327e+00 1.0790632684e-02
     vertex 1.7711394777e-02 -5.0158027917e+00 1.5802791725e-02
   endloop
 endfacet
 facet normal  -5.5491319394e-01 -3.1853942817e-01 7.6850763165e-01
   outer loop
     vertex 7.8928270998e-03 -5.0000000000e+00 1.5263251853e-02
     vertex 1.7711394777e-02 -5.0158027917e+00 1.5802791725e-02
     vertex 1.7711394777e-02 -5.0000000000e+00 2.2352905260e-02
   endloop
 endfacet
 facet normal  -3.9897612515e-01 -3.5110642354e-01 8.4707870408e-01
   outer loop
     vertex 1.7711394777e-02 -5.0000000000e+00 2.2352905260e-02
     vertex 1.7711394777e-02 -5.0158027917e+00 1.5802791725e-02
     vertex 3.4701656177e-02 -5.0214602719e+00 2.1460271945e-02
   endloop
 endfacet
 facet normal  -3.9897612515e-01 -3.5110642354e-01 8.4707870408e-01
   outer loop
     vertex 1.7711394777e-02 -5.0000000000e+00 2.2352905260e-02
     vertex 3.4701656177e-02 -5.0214602719e+00 2.1460271945e-02
     vertex 3.4701656177e-02 -5.0000000000e+00 3.0355359608e-02
   endloop
 endfacet
 facet normal  -2.7837298405e-01 -3.6776715949e-01 8.8727436464e-01
   outer loop
     vertex 3.4701656177e-02 -5.0000000000e+00 3.0355359608e-02
     vertex 3.4701656177e-02 -5.0214602719e+00 2.1460271945e-02
     vertex 6.2004804867e-02 -5.0275162142e+00 2.7516214182e-02
   endloop
 endfacet
 facet normal  -2.7837298405e-01 -3.6776715949e-01 8.8727436464e-01
   outer loop
     vertex 3.4701656177e-02 -5.0000000000e+00 3.0355359608e-02
     vertex 6.2004804867e-02 -5.0275162142e+00 2.7516214182e-02
     vertex 6.2004804867e-02 -5.0000000000e+00 3.8921434858e-02
   endloop
 endfacet
 facet normal  -1.8551854297e-01 -3.7625522343e-01 9.0775265191e-01
   outer loop
     vertex 6.2004804867e-02 -5.0000000000e+00 3.8921434858e-02
     vertex 6.2004804867e-02 -5.0275162142e+00 2.7516214182e-02
     vertex 1.0361138312e-01 -5.0335276974e+00 3.3527697384e-02
   endloop
 endfacet
 facet normal  -1.8551854297e-01 -3.7625522343e-01 9.0775265191e-01
   outer loop
     vertex 6.2004804867e-02 -5.0000000000e+00 3.8921434858e-02
     vertex 1.0361138312e-01 -5.0335276974e+00 3.3527697384e-02
     vertex 1.0361138312e-01 -5.0000000000e+00 4.7424623209e-02
   endloop
 endfacet
 facet normal  -1.1168271255e-01 -3.8050664417e-01 9.1800962166e-01
   outer loop
     vertex 1.0361138312e-01 -5.0000000000e+00 4.7424623209e-02
     vertex 1.0361138312e-01 -5.0335276974e+00 3.3527697384e-02
     vertex 1.6380190832e-01 -5.0387045606e+00 3.8704560626e-02
   endloop
 endfacet
 facet normal  -1.1168271255e-01 -3.8050664417e-01 9.1800962166e-01
   outer loop
     vertex 1.0361138312e-01 -5.0000000000e+00 4.7424623209e-02
     vertex 1.6380190832e-01 -5.0387045606e+00 3.8704560626e-02
     vertex 1.6380190832e-01 -5.0000000000e+00 5.4747249210e-02
   endloop
 endfacet
 facet normal  -5.1239176507e-02 -3.8239913558e-01 9.2257544293e-01
   outer loop
     vertex 1.6380190832e-01 -5.0000000000e+00 5.4747249210e-02
     vertex 1.6380190832e-01 -5.0387045606e+00 3.8704560626e-02
     vertex 2.4565152047e-01 -5.0419183449e+00 4.1918344858e-02
   endloop
 endfacet
 facet normal  -5.1239176507e-02 -3.8239913558e-01 9.2257544293e-01
   outer loop
     vertex 1.6380190832e-01 -5.0000000000e+00 5.4747249210e-02
     vertex 2.4565152047e-01 -5.0419183449e+00 4.1918344858e-02
     vertex 2.4565152047e-01 -5.0000000000e+00 5.9293117796e-02
   endloop
 endfacet
 facet normal  -1.9172530838e-03 -3.8290140798e-01 9.2378722437e-01
   outer loop
     vertex 2.4565152047e-01 -5.0000000000e+00 5.9293117796e-02
     vertex 2.4565152047e-01 -5.0419183449e+00 4.1918344858e-02
     vertex 3.4867161706e-01 -5.0420695022e+00 4.2069502213e-02
   endloop
 endfacet
 facet normal  -1.9172530838e-03 -3.8290140798e-01 9.2378722437e-01
   outer loop
     vertex 2.4565152047e-01 -5.0000000000e+00 5.9293117796e-02
     vertex 3.4867161706e-01 -5.0420695022e+00 4.2069502213e-02
     vertex 3.4867161706e-01 -5.0000000000e+00 5.9506928501e-02
   endloop
 endfacet
 facet normal  3.6598736761e-02 -3.8264558332e-01 9.2317002228e-01
   outer loop
     vertex 3.4867161706e-01 -5.0000000000e+00 5.9506928501e-02
     vertex 3.4867161706e-01 -5.0420695022e+00 4.2069502213e-02
     vertex 4.6678824105e-01 -5.0387589895e+00 3.8758989450e-02
   endloop
 endfacet
 facet normal  3.6598736761e-02 -3.8264558332e-01 9.2317002228e-01
   outer loop
     vertex 3.4867161706e-01 -5.0000000000e+00 5.9506928501e-02
     vertex 4.6678824105e-01 -5.0387589895e+00 3.8758989450e-02
     vertex 4.6678824105e-01 -5.0000000000e+00 5.4824238287e-02
   endloop
 endfacet
 facet normal  6.4834387572e-02 -3.8209650014e-01 9.2184530523e-01
   outer loop
     vertex 4.6678824105e-01 -5.0000000000e+00 5.4824238287e-02
     vertex 4.6678824105e-01 -5.0387589895e+00 3.8758989450e-02
     vertex 5.8876378780e-01 -5.0000000000e+00 4.6245564808e-02
   endloop
 endfacet
 facet normal  6.4834387572e-02 -3.8209650014e-01 9.2184530523e-01
   outer loop
     vertex 4.6678824105e-01 -5.0387589895e+00 3.8758989450e-02
     vertex 5.8876378780e-01 -5.0326941407e+00 3.2694140666e-02
     vertex 5.8876378780e-01 -5.0000000000e+00 4.6245564808e-02
   endloop
 endfacet
 facet normal  8.4544672830e-02 -3.8153120340e-01 9.2048147137e-01
   outer loop
     vertex 5.8876378780e-01 -5.0000000000e+00 4.6245564808e-02
     vertex 5.8876378780e-01 -5.0326941407e+00 3.2694140666e-02
     vertex 7.0192689193e-01 -5.0000000000e+00 3.5851724287e-02
   endloop
 endfacet
 facet normal  8.4544672830e-02 -3.8153120340e-01 9.2048147137e-01
   outer loop
     vertex 5.8876378780e-01 -5.0326941407e+00 3.2694140666e-02
     vertex 7.0192689193e-01 -5.0253460266e+00 2.5346026627e-02
     vertex 7.0192689193e-01 -5.0000000000e+00 3.5851724287e-02
   endloop
 endfacet
 facet normal  9.8349659420e-02 -3.8104577177e-01 9.1931031992e-01
   outer loop
     vertex 7.0192689193e-01 -5.0000000000e+00 3.5851724287e-02
     vertex 7.0192689193e-01 -5.0253460266e+00 2.5346026627e-02
     vertex 7.9695803833e-01 -5.0000000000e+00 2.5685101897e-02
   endloop
 endfacet
 facet normal  9.8349659420e-02 -3.8104577177e-01 9.1931031992e-01
   outer loop
     vertex 7.0192689193e-01 -5.0253460266e+00 2.5346026627e-02
     vertex 7.9695803833e-01 -5.0181585486e+00 1.8158548564e-02
     vertex 7.9695803833e-01 -5.0000000000e+00 2.5685101897e-02
   endloop
 endfacet
 facet normal  1.0836678321e-01 -3.8064719348e-01 9.1834871067e-01
   outer loop
     vertex 7.9695803833e-01 -5.0000000000e+00 2.5685101897e-02
     vertex 7.9695803833e-01 -5.0181585486e+00 1.8158548564e-02
     vertex 8.7030448965e-01 -5.0000000000e+00 1.7030090029e-02
   endloop
 endfacet
 facet normal  1.0836678321e-01 -3.8064719348e-01 9.1834871067e-01
   outer loop
     vertex 7.9695803833e-01 -5.0181585486e+00 1.8158548564e-02
     vertex 8.7030448965e-01 -5.0120397310e+00 1.2039730973e-02
     vertex 8.7030448965e-01 -5.0000000000e+00 1.7030090029e-02
   endloop
 endfacet
 facet normal  1.1572895047e-01 -3.8032932788e-01 9.1758182871e-01
   outer loop
     vertex 8.7030448965e-01 -5.0000000000e+00 1.7030090029e-02
     vertex 8.7030448965e-01 -5.0120397310e+00 1.2039730973e-02
     vertex 9.2331020388e-01 -5.0000000000e+00 1.0344805420e-02
   endloop
 endfacet
 facet normal  1.1572895047e-01 -3.8032932788e-01 9.1758182871e-01
   outer loop
     vertex 8.7030448965e-01 -5.0120397310e+00 1.2039730973e-02
     vertex 9.2331020388e-01 -5.0073134478e+00 7.3134477866e-03
     vertex 9.2331020388e-01 -5.0000000000e+00 1.0344805420e-02
   endloop
 endfacet
 facet normal  1.2112576588e-01 -3.8008286810e-01 9.1698722031e-01
   outer loop
     vertex 9.2331020388e-01 -5.0000000000e+00 1.0344805420e-02
     vertex 9.2331020388e-01 -5.0073134478e+00 7.3134477866e-03
     vertex 9.5982161505e-01 -5.0000000000e+00 5.5219763305e-03
   endloop
 endfacet
 facet normal  1.2112576588e-01 -3.8008286810e-01 9.1698722031e-01
   outer loop
     vertex 9.2331020388e-01 -5.0073134478e+00 7.3134477866e-03
     vertex 9.5982161505e-01 -5.0039038613e+00 3.9038613034e-03
     vertex 9.5982161505e-01 -5.0000000000e+00 5.5219763305e-03
   endloop
 endfacet
 facet normal  1.2493398843e-01 -3.7990209516e-01 9.1655108785e-01
   outer loop
     vertex 9.5982161505e-01 -5.0000000000e+00 5.5219763305e-03
     vertex 9.5982161505e-01 -5.0039038613e+00 3.9038613034e-03
     vertex 9.8414844626e-01 -5.0000000000e+00 2.2060149078e-03
   endloop
 endfacet
 facet normal  1.2493398843e-01 -3.7990209516e-01 9.1655108785e-01
   outer loop
     vertex 9.5982161505e-01 -5.0039038613e+00 3.9038613034e-03
     vertex 9.8414844626e-01 -5.0015595822e+00 1.5595822433e-03
     vertex 9.8414844626e-01 -5.0000000000e+00 2.2060149078e-03
   endloop
 endfacet
 facet normal  1.2751160013e-01 -3.7977651214e-01 9.1624810650e-01
   outer loop
     vertex 9.8414844626e-01 -5.0000000000e+00 2.2060149078e-03
     vertex 9.8414844626e-01 -5.0015595822e+00 1.5595822433e-03
     vertex 1.0000000000e+00 -5.0000000000e+00 0.0000000000e+00
   endloop
 endfacet
 facet normal  1.2751160013e-01 -9.1624810650e-01 -3.7977651214e-01
   outer loop
     vertex 1.0000000000e+00 -5.0000000000e+00 0.0000000000e+00
     vertex 9.8414844626e-01 -5.0022060149e+00 1.7732979302e-16
     vertex 9.8414844626e-01 -5.0015595822e+00 -1.5595822433e-03
   endloop
 endfacet
 facet normal  1.2493398843e-01 -9.1655108785e-01 -3.7990209516e-01
   outer loop
     vertex 9.8414844626e-01 -5.0015595822e+00 -1.5595822433e-03
     vertex 9.8414844626e-01 -5.0022060149e+00 1.7732979302e-16
     vertex 9.5982161505e-01 -5.0055219763e+00 2.7371488147e-16
   endloop
 endfacet
 facet normal  1.2493398843e-01 -9.1655108785e-01 -3.7990209516e-01
   outer loop
     vertex 9.8414844626e-01 -5.0015595822e+00 -1.5595822433e-03
     vertex 9.5982161505e-01 -5.0055219763e+00 2.7371488147e-16
     vertex 9.5982161505e-01 -5.0039038613e+00 -3.9038613034e-03
   endloop
 endfacet
 facet normal  1.2112576588e-01 -9.1698722031e-01 -3.8008286810e-01
   outer loop
     vertex 9.5982161505e-01 -5.0039038613e+00 -3.9038613034e-03
     vertex 9.5982161505e-01 -5.0055219763e+00 2.7371488147e-16
     vertex 9.2331020388e-01 -5.0103448054e+00 1.7573233632e-16
   endloop
 endfacet
 facet normal  1.2112576588e-01 -9.1698722031e-01 -3.8008286810e-01
   outer loop
     vertex 9.5982161505e-01 -5.0039038613e+00 -3.9038613034e-03
     vertex 9.2331020388e-01 -5.0103448054e+00 1.7573233632e-16
     vertex 9.2331020388e-01 -5.0073134478e+00 -7.3134477866e-03
   endloop
 endfacet
 facet normal  1.1572895047e-01 -9.1758182871e-01 -3.8032932788e-01
   outer loop
     vertex 9.2331020388e-01 -5.0073134478e+00 -7.3134477866e-03
     vertex 9.2331020388e-01 -5.0103448054e+00 1.7573233632e-16
     vertex 8.7030448965e-01 -5.0170300900e+00 8.7465325499e-18
   endloop
 endfacet
 facet normal  1.1572895047e-01 -9.1758182871e-01 -3.8032932788e-01
   outer loop
     vertex 9.2331020388e-01 -5.0073134478e+00 -7.3134477866e-03
     vertex 8.7030448965e-01 -5.0170300900e+00 8.7465325499e-18
     vertex 8.7030448965e-01 -5.0120397310e+00 -1.2039730973e-02
   endloop
 endfacet
 facet normal  1.0836678321e-01 -9.1834871067e-01 -3.8064719348e-01
   outer loop
     vertex 8.7030448965e-01 -5.0120397310e+00 -1.2039730973e-02
     vertex 8.7030448965e-01 -5.0170300900e+00 8.7465325499e-18
     vertex 7.9695803833e-01 -5.0256851019e+00 -1.1740512272e-17
   endloop
 endfacet
 facet normal  1.0836678321e-01 -9.1834871067e-01 -3.8064719348e-01
   outer loop
     vertex 8.7030448965e-01 -5.0120397310e+00 -1.2039730973e-02
     vertex 7.9695803833e-01 -5.0256851019e+00 -1.1740512272e-17
     vertex 7.9695803833e-01 -5.0181585486e+00 -1.8158548564e-02
   endloop
 endfacet
 facet normal  9.8349659420e-02 -9.1931031992e-01 -3.8104577177e-01
   outer loop
     vertex 7.9695803833e-01 -5.0181585486e+00 -1.8158548564e-02
     vertex 7.9695803833e-01 -5.0256851019e+00 -1.1740512272e-17
     vertex 7.0192689193e-01 -5.0358517243e+00 -4.8717105359e-17
   endloop
 endfacet
 facet normal  9.8349659420e-02 -9.1931031992e-01 -3.8104577177e-01
   outer loop
     vertex 7.9695803833e-01 -5.0181585486e+00 -1.8158548564e-02
     vertex 7.0192689193e-01 -5.0358517243e+00 -4.8717105359e-17
     vertex 7.0192689193e-01 -5.0253460266e+00 -2.5346026627e-02
   endloop
 endfacet
 facet normal  8.4544672830e-02 -9.2048147137e-01 -3.8153120340e-01
   outer loop
     vertex 7.0192689193e-01 -5.0253460266e+00 -2.5346026627e-02
     vertex 7.0192689193e-01 -5.0358517243e+00 -4.8717105359e-17
     vertex 5.8876378780e-01 -5.0462455648e+00 -2.7305176084e-17
   endloop
 endfacet
 facet normal  8.4544672830e-02 -9.2048147137e-01 -3.8153120340e-01
   outer loop
     vertex 7.0192689193e-01 -5.0253460266e+00 -2.5346026627e-02
     vertex 5.8876378780e-01 -5.0462455648e+00 -2.7305176084e-17
     vertex 5.8876378780e-01 -5.0326941407e+00 -3.2694140666e-02
   endloop
 endfacet
 facet normal  6.4834387572e-02 -9.2184530523e-01 -3.8209650014e-01
   outer loop
     vertex 5.8876378780e-01 -5.0326941407e+00 -3.2694140666e-02
     vertex 5.8876378780e-01 -5.0462455648e+00 -2.7305176084e-17
     vertex 4.6678824105e-01 -5.0548242383e+00 -2.7072930296e-17
   endloop
 endfacet
 facet normal  6.4834387572e-02 -9.2184530523e-01 -3.8209650014e-01
   outer loop
     vertex 5.8876378780e-01 -5.0326941407e+00 -3.2694140666e-02
     vertex 4.6678824105e-01 -5.0548242383e+00 -2.7072930296e-17
     vertex 4.6678824105e-01 -5.0387589895e+00 -3.8758989450e-02
   endloop
 endfacet
 facet normal  3.6598736761e-02 -9.2317002228e-01 -3.8264558332e-01
   outer loop
     vertex 4.6678824105e-01 -5.0387589895e+00 -3.8758989450e-02
     vertex 4.6678824105e-01 -5.0548242383e+00 -2.7072930296e-17
     vertex 3.4867161706e-01 -5.0420695022e+00 -4.2069502213e-02
   endloop
 endfacet
 facet normal  3.6598736761e-02 -9.2317002228e-01 -3.8264558332e-01
   outer loop
     vertex 4.6678824105e-01 -5.0548242383e+00 -2.7072930296e-17
     vertex 3.4867161706e-01 -5.0595069285e+00 -1.5575177618e-18
     vertex 3.4867161706e-01 -5.0420695022e+00 -4.2069502213e-02
   endloop
 endfacet
 facet normal  -1.9172530838e-03 -9.2378722437e-01 -3.8290140798e-01
   outer loop
     vertex 3.4867161706e-01 -5.0420695022e+00 -4.2069502213e-02
     vertex 3.4867161706e-01 -5.0595069285e+00 -1.5575177618e-18
     vertex 2.4565152047e-01 -5.0419183449e+00 -4.1918344858e-02
   endloop
 endfacet
 facet normal  -1.9172530838e-03 -9.2378722437e-01 -3.8290140798e-01
   outer loop
     vertex 3.4867161706e-01 -5.0595069285e+00 -1.5575177618e-18
     vertex 2.4565152047e-01 -5.0592931178e+00 3.9031521459e-18
     vertex 2.4565152047e-01 -5.0419183449e+00 -4.1918344858e-02
   endloop
 endfacet
 facet normal  -5.1239176507e-02 -9.2257544293e-01 -3.8239913558e-01
   outer loop
     vertex 2.4565152047e-01 -5.0419183449e+00 -4.1918344858e-02
     vertex 2.4565152047e-01 -5.0592931178e+00 3.9031521459e-18
     vertex 1.6380190832e-01 -5.0387045606e+00 -3.8704560626e-02
   endloop
 endfacet
 facet normal  -5.1239176507e-02 -9.2257544293e-01 -3.8239913558e-01
   outer loop
     vertex 2.4565152047e-01 -5.0592931178e+00 3.9031521459e-18
     vertex 1.6380190832e-01 -5.0547472492e+00 3.9725624186e-17
     vertex 1.6380190832e-01 -5.0387045606e+00 -3.8704560626e-02
   endloop
 endfacet
 facet normal  -1.1168271255e-01 -9.1800962166e-01 -3.8050664417e-01
   outer loop
     vertex 1.6380190832e-01 -5.0387045606e+00 -3.8704560626e-02
     vertex 1.6380190832e-01 -5.0547472492e+00 3.9725624186e-17
     vertex 1.0361138312e-01 -5.0335276974e+00 -3.3527697384e-02
   endloop
 endfacet
 facet normal  -1.1168271255e-01 -9.1800962166e-01 -3.8050664417e-01
   outer loop
     vertex 1.6380190832e-01 -5.0547472492e+00 3.9725624186e-17
     vertex 1.0361138312e-01 -5.0474246232e+00 3.9445557956e-17
     vertex 1.0361138312e-01 -5.0335276974e+00 -3.3527697384e-02
   endloop
 endfacet
 facet normal  -1.8551854297e-01 -9.0775265191e-01 -3.7625522343e-01
   outer loop
     vertex 1.0361138312e-01 -5.0335276974e+00 -3.3527697384e-02
     vertex 1.0361138312e-01 -5.0474246232e+00 3.9445557956e-17
     vertex 6.2004804867e-02 -5.0275162142e+00 -2.7516214182e-02
   endloop
 endfacet
 facet normal  -1.8551854297e-01 -9.0775265191e-01 -3.7625522343e-01
   outer loop
     vertex 1.0361138312e-01 -5.0474246232e+00 3.9445557956e-17
     vertex 6.2004804867e-02 -5.0389214349e+00 9.0585984971e-17
     vertex 6.2004804867e-02 -5.0275162142e+00 -2.7516214182e-02
   endloop
 endfacet
 facet normal  -2.7837298405e-01 -8.8727436464e-01 -3.6776715949e-01
   outer loop
     vertex 6.2004804867e-02 -5.0275162142e+00 -2.7516214182e-02
     vertex 6.2004804867e-02 -5.0389214349e+00 9.0585984971e-17
     vertex 3.4701656177e-02 -5.0214602719e+00 -2.1460271945e-02
   endloop
 endfacet
 facet normal  -2.7837298405e-01 -8.8727436464e-01 -3.6776715949e-01
   outer loop
     vertex 6.2004804867e-02 -5.0389214349e+00 9.0585984971e-17
     vertex 3.4701656177e-02 -5.0303553596e+00 7.8035533008e-17
     vertex 3.4701656177e-02 -5.0214602719e+00 -2.1460271945e-02
   endloop
 endfacet
 facet normal  -3.9897612515e-01 -8.4707870408e-01 -3.5110642354e-01
   outer loop
     vertex 3.4701656177e-02 -5.0214602719e+00 -2.1460271945e-02
     vertex 3.4701656177e-02 -5.0303553596e+00 7.8035533008e-17
     vertex 1.7711394777e-02 -5.0158027917e+00 -1.5802791725e-02
   endloop
 endfacet
 facet normal  -3.9897612515e-01 -8.4707870408e-01 -3.5110642354e-01
   outer loop
     vertex 3.4701656177e-02 -5.0303553596e+00 7.8035533008e-17
     vertex 1.7711394777e-02 -5.0223529053e+00 9.0731047562e-17
     vertex 1.7711394777e-02 -5.0158027917e+00 -1.5802791725e-02
   endloop
 endfacet
 facet normal  -5.5491319394e-01 -7.6850763165e-01 -3.1853942817e-01
   outer loop
     vertex 1.7711394777e-02 -5.0158027917e+00 -1.5802791725e-02
     vertex 1.7711394777e-02 -5.0223529053e+00 9.0731047562e-17
     vertex 7.8928270998e-03 -5.0107906327e+00 -1.0790632684e-02
   endloop
 endfacet
 facet normal  -5.5491319394e-01 -7.6850763165e-01 -3.1853942817e-01
   outer loop
     vertex 1.7711394777e-02 -5.0223529053e+00 9.0731047562e-17
     vertex 7.8928270998e-03 -5.0152632519e+00 1.5502098987e-16
     vertex 7.8928270998e-03 -5.0107906327e+00 -1.0790632684e-02
   endloop
 endfacet
 facet normal  -7.3519074177e-01 -6.2619982704e-01 -2.5955413662e-01
   outer loop
     vertex 7.8928270998e-03 -5.0107906327e+00 -1.0790632684e-02
     vertex 7.8928270998e-03 -5.0152632519e+00 1.5502098987e-16
     vertex 2.8852305479e-03 -5.0066342430e+00 -6.6342430153e-03
   endloop
 endfacet
 facet normal  -7.3519074177e-01 -6.2619982704e-01 -2.5955413662e-01
   outer loop
     vertex 7.8928270998e-03 -5.0152632519e+00 1.5502098987e-16
     vertex 2.8852305479e-03 -5.0093840764e+00 2.3811738457e-16
     vertex 2.8852305479e-03 -5.0066342430e+00 -6.6342430153e-03
   endloop
 endfacet
 facet normal  -8.8963667213e-01 -4.2186577955e-01 -1.7485953118e-01
   outer loop
     vertex 2.8852305479e-03 -5.0066342430e+00 -6.6342430153e-03
     vertex 2.8852305479e-03 -5.0093840764e+00 2.3811738457e-16
     vertex 7.8807384983e-04 -5.0035076662e+00 -3.5076662265e-03
   endloop
 endfacet
 facet normal  -8.8963667213e-01 -4.2186577955e-01 -1.7485953118e-01
   outer loop
     vertex 2.8852305479e-03 -5.0093840764e+00 2.3811738457e-16
     vertex 7.8807384983e-04 -5.0049615620e+00 -6.9935974998e-18
     vertex 7.8807384983e-04 -5.0035076662e+00 -3.5076662265e-03
   endloop
 endfacet
 facet normal  -9.7239447534e-01 -2.1555973524e-01 -8.9347550981e-02
   outer loop
     vertex 7.8807384983e-04 -5.0035076662e+00 -3.5076662265e-03
     vertex 7.8807384983e-04 -5.0049615620e+00 -6.9935974998e-18
     vertex 1.1903597513e-04 -5.0013740054e+00 -1.3740053973e-03
   endloop
 endfacet
 facet normal  -9.7239447534e-01 -2.1555973524e-01 -8.9347550981e-02
   outer loop
     vertex 7.8807384983e-04 -5.0049615620e+00 -6.9935974998e-18
     vertex 1.1903597513e-04 -5.0019435181e+00 -6.5551522647e-17
     vertex 1.1903597513e-04 -5.0013740054e+00 -1.3740053973e-03
   endloop
 endfacet
 facet normal  -9.9780934060e-01 -6.1113505993e-02 -2.5330992759e-02
   outer loop
     vertex 1.1903597513e-04 -5.0013740054e+00 -1.3740053973e-03
     vertex 1.1903597513e-04 -5.0019435181e+00 -6.5551522647e-17
     vertex 0.0000000000e+00 -5.0000000000e+00 0.0000000000e+00
   endloop
 endfacet
 facet normal  -9.9780934060e-01 -6.1113505993e-02 2.5330992759e-02
   outer loop
     vertex 0.0000000000e+00 -5.0000000000e+00 0.0000000000e+00
     vertex 1.1903597513e-04 -5.0019435181e+00 -6.5551522647e-17
     vertex 1.1903597513e-04 -5.0013740054e+00 1.3740053973e-03
   endloop
 endfacet
 facet normal  -9.7239447534e-01 -2.1555973524e-01 8.9347550981e-02
   outer loop
     vertex 1.1903597513e-04 -5.0013740054e+00 1.3740053973e-03
     vertex 1.1903597513e-04 -5.0019435181e+00 -6.5551522647e-17
     vertex 7.8807384983e-04 -5.0049615620e+00 -6.9935974998e-18
   endloop
 endfacet
 facet normal  -9.7239447534e-01 -2.1555973524e-01 8.9347550981e-02
   outer loop
     vertex 1.1903597513e-04 -5.0013740054e+00 1.3740053973e-03
     vertex 7.8807384983e-04 -5.0049615620e+00 -6.9935974998e-18
     vertex 7.8807384983e-04 -5.0035076662e+00 3.5076662265e-03
   endloop
 endfacet
 facet normal  -8.8963667213e-01 -4.2186577955e-01 1.7485953118e-01
   outer loop
     vertex 7.8807384983e-04 -5.0035076662e+00 3.5076662265e-03
     vertex 7.8807384983e-04 -5.0049615620e+00 -6.9935974998e-18
     vertex 2.8852305479e-03 -5.0093840764e+00 2.3811738457e-16
   endloop
 endfacet
 facet normal  -8.8963667213e-01 -4.2186577955e-01 1.7485953118e-01
   outer loop
     vertex 7.8807384983e-04 -5.0035076662e+00 3.5076662265e-03
     vertex 2.8852305479e-03 -5.0093840764e+00 2.3811738457e-16
     vertex 2.8852305479e-03 -5.0066342430e+00 6.6342430153e-03
   endloop
 endfacet
 facet normal  -7.3519074177e-01 -6.2619982704e-01 2.5955413662e-01
   outer loop
     vertex 2.8852305479e-03 -5.0066342430e+00 6.6342430153e-03
     vertex 2.8852305479e-03 -5.0093840764e+00 2.3811738457e-16
     vertex 7.8928270998e-03 -5.0152632519e+00 1.5502098987e-16
   endloop
 endfacet
 facet normal  -7.3519074177e-01 -6.2619982704e-01 2.5955413662e-01
   outer loop
     vertex 2.8852305479e-03 -5.0066342430e+00 6.6342430153e-03
     vertex 7.8928270998e-03 -5.0152632519e+00 1.5502098987e-16
     vertex 7.8928270998e-03 -5.0107906327e+00 1.0790632684e-02
   endloop
 endfacet
 facet normal  -5.5491319394e-01 -7.6850763165e-01 3.1853942817e-01
   outer loop
     vertex 7.8928270998e-03 -5.0107906327e+00 1.0790632684e-02
     vertex 7.8928270998e-03 -5.0152632519e+00 1.5502098987e-16
     vertex 1.7711394777e-02 -5.0223529053e+00 9.0731047562e-17
   endloop
 endfacet
 facet normal  -5.5491319394e-01 -7.6850763165e-01 3.1853942817e-01
   outer loop
     vertex 7.8928270998e-03 -5.0107906327e+00 1.0790632684e-02
     vertex 1.7711394777e-02 -5.0223529053e+00 9.0731047562e-17
     vertex 1.7711394777e-02 -5.0158027917e+00 1.5802791725e-02
   endloop
 endfacet
 facet normal  -3.9897612515e-01 -8.4707870408e-01 3.5110642354e-01
   outer loop
     vertex 1.7711394777e-02 -5.0158027917e+00 1.5802791725e-02
     vertex 1.7711394777e-02 -5.0223529053e+00 9.0731047562e-17
     vertex 3.4701656177e-02 -5.0303553596e+00 7.8035533008e-17
   endloop
 endfacet
 facet normal  -3.9897612515e-01 -8.4707870408e-01 3.5110642354e-01
   outer loop
     vertex 1.7711394777e-02 -5.0158027917e+00 1.5802791725e-02
     vertex 3.4701656177e-02 -5.0303553596e+00 7.8035533008e-17
     vertex 3.4701656177e-02 -5.0214602719e+00 2.1460271945e-02
   endloop
 endfacet
 facet normal  -2.7837298405e-01 -8.8727436464e-01 3.6776715949e-01
   outer loop
     vertex 3.4701656177e-02 -5.0214602719e+00 2.1460271945e-02
     vertex 3.4701656177e-02 -5.0303553596e+00 7.8035533008e-17
     vertex 6.2004804867e-02 -5.0389214349e+00 9.0585984971e-17
   endloop
 endfacet
 facet normal  -2.7837298405e-01 -8.8727436464e-01 3.6776715949e-01
   outer loop
     vertex 3.4701656177e-02 -5.0214602719e+00 2.1460271945e-02
     vertex 6.2004804867e-02 -5.0389214349e+00 9.0585984971e-17
     vertex 6.2004804867e-02 -5.0275162142e+00 2.7516214182e-02
   endloop
 endfacet
 facet normal  -1.8551854297e-01 -9.0775265191e-01 3.7625522343e-01
   outer loop
     vertex 6.2004804867e-02 -5.0275162142e+00 2.7516214182e-02
     vertex 6.2004804867e-02 -5.0389214349e+00 9.0585984971e-17
     vertex 1.0361138312e-01 -5.0474246232e+00 3.9445557956e-17
   endloop
 endfacet
 facet normal  -1.8551854297e-01 -9.0775265191e-01 3.7625522343e-01
   outer loop
     vertex 6.2004804867e-02 -5.0275162142e+00 2.7516214182e-02
     vertex 1.0361138312e-01 -5.0474246232e+00 3.9445557956e-17
     vertex 1.0361138312e-01 -5.0335276974e+00 3.3527697384e-02
   endloop
 endfacet
 facet normal  -1.1168271255e-01 -9.1800962166e-01 3.8050664417e-01
   outer loop
     vertex 1.0361138312e-01 -5.0335276974e+00 3.3527697384e-02
     vertex 1.0361138312e-01 -5.0474246232e+00 3.9445557956e-17
     vertex 1.6380190832e-01 -5.0547472492e+00 3.9725624186e-17
   endloop
 endfacet
 facet normal  -1.1168271255e-01 -9.1800962166e-01 3.8050664417e-01
   outer loop
     vertex 1.0361138312e-01 -5.0335276974e+00 3.3527697384e-02
     vertex 1.6380190832e-01 -5.0547472492e+00 3.9725624186e-17
     vertex 1.6380190832e-01 -5.0387045606e+00 3.8704560626e-02
   endloop
 endfacet
 facet normal  -5.1239176507e-02 -9.2257544293e-01 3.8239913558e-01
   outer loop
     vertex 1.6380190832e-01 -5.0387045606e+00 3.8704560626e-02
     vertex 1.6380190832e-01 -5.0547472492e+00 3.9725624186e-17
     vertex 2.4565152047e-01 -5.0592931178e+00 3.9031521459e-18
   endloop
 endfacet
 facet normal  -5.1239176507e-02 -9.2257544293e-01 3.8239913558e-01
   outer loop
     vertex 1.6380190832e-01 -5.0387045606e+00 3.8704560626e-02
     vertex 2.4565152047e-01 -5.0592931178e+00 3.9031521459e-18
     vertex 2.4565152047e-01 -5.0419183449e+00 4.1918344858e-02
   endloop
 endfacet
 facet normal  -1.9172530838e-03 -9.2378722437e-01 3.8290140798e-01
   outer loop
     vertex 2.4565152047e-01 -5.0419183449e+00 4.1918344858e-02
     vertex 2.4565152047e-01 -5.0592931178e+00 3.9031521459e-18
     vertex 3.4867161706e-01 -5.0595069285e+00 -1.5575177618e-18
   endloop
 endfacet
 facet normal  -1.9172530838e-03 -9.2378722437e-01 3.8290140798e-01
   outer loop
     vertex 2.4565152047e-01 -5.0419183449e+00 4.1918344858e-02
     vertex 3.4867161706e-01 -5.0595069285e+00 -1.5575177618e-18
     vertex 3.4867161706e-01 -5.0420695022e+00 4.2069502213e-02
   endloop
 endfacet
 facet normal  3.6598736761e-02 -9.2317002228e-01 3.8264558332e-01
   outer loop
     vertex 3.4867161706e-01 -5.0420695022e+00 4.2069502213e-02
     vertex 3.4867161706e-01 -5.0595069285e+00 -1.5575177618e-18
     vertex 4.6678824105e-01 -5.0548242383e+00 -2.7072930296e-17
   endloop
 endfacet
 facet normal  3.6598736761e-02 -9.2317002228e-01 3.8264558332e-01
   outer loop
     vertex 3.4867161706e-01 -5.0420695022e+00 4.2069502213e-02
     vertex 4.6678824105e-01 -5.0548242383e+00 -2.7072930296e-17
     vertex 4.6678824105e-01 -5.0387589895e+00 3.8758989450e-02
   endloop
 endfacet
 facet normal  6.4834387572e-02 -9.2184530523e-01 3.8209650014e-01
   outer loop
     vertex 4.6678824105e-01 -5.0387589895e+00 3.8758989450e-02
     vertex 4.6678824105e-01 -5.0548242383e+00 -2.7072930296e-17
     vertex 5.8876378780e-01 -5.0326941407e+00 3.2694140666e-02
   endloop
 endfacet
 facet normal  6.4834387572e-02 -9.2184530523e-01 3.8209650014e-01
   outer loop
     vertex 4.6678824105e-01 -5.0548242383e+00 -2.7072930296e-17
     vertex 5.8876378780e-01 -5.0462455648e+00 -2.7305176084e-17
     vertex 5.8876378780e-01 -5.0326941407e+00 3.2694140666e-02
   endloop
 endfacet
 facet normal  8.4544672830e-02 -9.2048147137e-01 3.8153120340e-01
   outer loop
     vertex 5.8876378780e-01 -5.0326941407e+00 3.2694140666e-02
     vertex 5.8876378780e-01 -5.0462455648e+00 -2.7305176084e-17
     vertex 7.0192689193e-01 -5.0253460266e+00 2.5346026627e-02
   endloop
 endfacet
 facet normal  8.4544672830e-02 -9.2048147137e-01 3.8153120340e-01
   outer loop
     vertex 5.8876378780e-01 -5.0462455648e+00 -2.7305176084e-17
     vertex 7.0192689193e-01 -5.0358517243e+00 -4.8717105359e-17
     vertex 7.0192689193e-01 -5.0253460266e+00 2.5346026627e-02
   endloop
 endfacet
 facet normal  9.8349659420e-02 -9.1931031992e-01 3.8104577177e-01
   outer loop
     vertex 7.0192689193e-01 -5.0253460266e+00 2.5346026627e-02
     vertex 7.0192689193e-01 -5.0358517243e+00 -4.8717105359e-17
     vertex 7.9695803833e-01 -5.0181585486e+00 1.8158548564e-02
   endloop
 endfacet
 facet normal  9.8349659420e-02 -9.1931031992e-01 3.8104577177e-01
   outer loop
     vertex 7.0192689193e-01 -5.0358517243e+00 -4.8717105359e-17
     vertex 7.9695803833e-01 -5.0256851019e+00 -1.1740512272e-17
     vertex 7.9695803833e-01 -5.0181585486e+00 1.8158548564e-02
   endloop
 endfacet
 facet normal  1.0836678321e-01 -9.1834871067e-01 3.8064719348e-01
   outer loop
     vertex 7.9695803833e-01 -5.0181585486e+00 1.8158548564e-02
     vertex 7.9695803833e-01 -5.0256851019e+00 -1.1740512272e-17
     vertex 8.7030448965e-01 -5.0120397310e+00 1.2039730973e-02
   endloop
 endfacet
 facet normal  1.0836678321e-01 -9.1834871067e-01 3.8064719348e-01
   outer loop
     vertex 7.9695803833e-01 -5.0256851019e+00 -1.1740512272e-17
     vertex 8.7030448965e-01 -5.0170300900e+00 8.7465325499e-18
     vertex 8.7030448965e-01 -5.0120397310e+00 1.2039730973e-02
   endloop
 endfacet
 facet normal  1.1572895047e-01 -9.1758182871e-01 3.8032932788e-01
   outer loop
     vertex 8.7030448965e-01 -5.0120397310e+00 1.2039730973e-02
     vertex 8.7030448965e-01 -5.0170300900e+00 8.7465325499e-18
     vertex 9.2331020388e-01 -5.0073134478e+00 7.3134477866e-03
   endloop
 endfacet
 facet normal  1.1572895047e-01 -9.1758182871e-01 3.8032932788e-01
   outer loop
     vertex 8.7030448965e-01 -5.0170300900e+00 8.7465325499e-18
     vertex 9.2331020388e-01 -5.0103448054e+00 1.7573233632e-16
     vertex 9.2331020388e-01 -5.0073134478e+00 7.3134477866e-03
   endloop
 endfacet
 facet normal  1.2112576588e-01 -9.1698722031e-01 3.8008286810e-01
   outer loop
     vertex 9.2331020388e-01 -5.0073134478e+00 7.3134477866e-03
     vertex 9.2331020388e-01 -5.0103448054e+00 1.7573233632e-16
     vertex 9.5982161505e-01 -5.0039038613e+00 3.9038613034e-03
   endloop
 endfacet
 facet normal  1.2112576588e-01 -9.1698722031e-01 3.8008286810e-01
   outer loop
     vertex 9.2331020388e-01 -5.0103448054e+00 1.7573233632e-16
     vertex 9.5982161505e-01 -5.0055219763e+00 2.7371488147e-16
     vertex 9.5982161505e-01 -5.0039038613e+00 3.9038613034e-03
   endloop
 endfacet
 facet normal  1.2493398843e-01 -9.1655108785e-01 3.7990209516e-01
   outer loop
     vertex 9.5982161505e-01 -5.0039038613e+00 3.9038613034e-03
     vertex 9.5982161505e-01 -5.0055219763e+00 2.7371488147e-16
     vertex 9.8414844626e-01 -5.0015595822e+00 1.5595822433e-03
   endloop
 endfacet
 facet normal  1.2493398843e-01 -9.1655108785e-01 3.7990209516e-01
   outer loop
     vertex 9.5982161505e-01 -5.0055219763e+00 2.7371488147e-16
     vertex 9.8414844626e-01 -5.0022060149e+00 1.7732979302e-16
     vertex 9.8414844626e-01 -5.0015595822e+00 1.5595822433e-03
   endloop
 endfacet
 facet normal  1.2751160013e-01 -9.1624810650e-01 3.7977651214e-01
   outer loop
     vertex 9.8414844626e-01 -5.0015595822e+00 1.5595822433e-03
     vertex 9.8414844626e-01 -5.0022060149e+00 1.7732979302e-16
     vertex 1.0000000000e+00 -5.0000000000e+00 0.0000000000e+00
   endloop
 endfacet
endsolid
