ISO-10303-21;
HEADER;
FILE_DESCRIPTION((''),'1');
FILE_NAME('outfile.stp','2026-07-07T14:17:48',(''),(''),'','','');
FILE_SCHEMA(('CONFIG_CONTROL_DESIGN'));
ENDSEC;
DATA;
#1=CALENDAR_DATE(2000,1,1);
#2=COORDINATED_UNIVERSAL_TIME_OFFSET(0,0,.BEHIND.);
#3=LOCAL_TIME(12,0,0.,#2);
#4=DATE_AND_TIME(#1,#3);
#5=DIMENSIONAL_EXPONENTS(0.,0.,0.,0.,0.,0.,0.);
#6=(
LENGTH_UNIT()
NAMED_UNIT(*)
SI_UNIT(.UNSET.,.METRE.)
);
#7=UNCERTAINTY_MEASURE_WITH_UNIT(LENGTH_MEASURE(1.E-06),#6,'closure','Threshold below which geometry imperfections (such as overlaps) are not considered errors.');
#8=(
NAMED_UNIT(*)
PLANE_ANGLE_UNIT()
SI_UNIT($,.RADIAN.)
);
#9=PLANE_ANGLE_MEASURE_WITH_UNIT(PLANE_ANGLE_MEASURE(0.0174532925199433),#8);
#10=(
CONVERSION_BASED_UNIT('DEGREES',#9)
NAMED_UNIT(#5)
PLANE_ANGLE_UNIT()
);
#11=(
NAMED_UNIT(*)
SI_UNIT($,.STERADIAN.)
SOLID_ANGLE_UNIT()
);
#12=(
GEOMETRIC_REPRESENTATION_CONTEXT(3)
GLOBAL_UNCERTAINTY_ASSIGNED_CONTEXT((#7))
GLOBAL_UNIT_ASSIGNED_CONTEXT((#6,#10,#11))
REPRESENTATION_CONTEXT('STANDARD','3D')
);
#13=CARTESIAN_POINT('',(0.,0.,0.));
#14=DIRECTION('',(0.,0.,1.));
#15=DIRECTION('',(1.,0.,0.));
#16=AXIS2_PLACEMENT_3D('',#13,#14,#15);
#17=APPLICATION_CONTEXT('configuration controlled 3d designs of mechanical parts and assemblies');
#18=MECHANICAL_CONTEXT('',#17,'mechanical');
#19=APPLICATION_PROTOCOL_DEFINITION('international standard','config_control_design',1994,#17);
#20=DESIGN_CONTEXT('',#17,'design');
#21=PRODUCT('','prodname','',(#18));
#22=PRODUCT_RELATED_PRODUCT_CATEGORY('assembly','',(#21));
#23=PRODUCT_DEFINITION_FORMATION_WITH_SPECIFIED_SOURCE('','',#21,.MADE.);
#24=PRODUCT_DEFINITION('','',#23,#20);
#25=PRODUCT_DEFINITION_SHAPE('','ProductShapeDescription',#24);
#26=SHAPE_REPRESENTATION('',(#16),#12);
#27=SHAPE_DEFINITION_REPRESENTATION(#25,#26);
#28=PERSON('','Doe','John',$,$,$);
#29=ORGANIZATION('','','');
#30=PERSON_AND_ORGANIZATION(#28,#29);
#31=PERSON_AND_ORGANIZATION_ROLE('creator');
#32=PERSON_AND_ORGANIZATION_ROLE('design_owner');
#33=PERSON_AND_ORGANIZATION_ROLE('design_supplier');
#34=APPROVAL_STATUS('approved');
#35=APPROVAL(#34,'');
#36=APPROVAL_DATE_TIME(#4,#35);
#37=APPROVAL_ROLE('approver');
#38=APPROVAL_PERSON_ORGANIZATION(#30,#35,#37);
#39=SECURITY_CLASSIFICATION_LEVEL('unclassified');
#40=SECURITY_CLASSIFICATION('','',#39);
#41=CC_DESIGN_SECURITY_CLASSIFICATION(#40,(#23));
#42=PERSON_AND_ORGANIZATION_ROLE('classification_officer');
#43=CC_DESIGN_PERSON_AND_ORGANIZATION_ASSIGNMENT(#30,#42,(#40));
#44=DATE_TIME_ROLE('classification_date');
#45=CC_DESIGN_DATE_AND_TIME_ASSIGNMENT(#4,#44,(#40));
#46=CC_DESIGN_APPROVAL(#35,(#24,#23,#40));
#47=CC_DESIGN_PERSON_AND_ORGANIZATION_ASSIGNMENT(#30,#31,(#24,#23));
#48=CC_DESIGN_PERSON_AND_ORGANIZATION_ASSIGNMENT(#30,#33,(#23));
#49=DATE_TIME_ROLE('creation_date');
#50=CC_DESIGN_DATE_AND_TIME_ASSIGNMENT(#4,#49,(#24));
#51=CC_DESIGN_PERSON_AND_ORGANIZATION_ASSIGNMENT(#30,#32,(#21));
#52=B_SPLINE_SURFACE_WITH_KNOTS('Surf_PNFREOBMLG, WingGeom, 0',1,3,((#53, #54, #55, #59, #60, #61, #65, #66, #67, #71, #72, #73, #77, #78, #79, #83, #84, #85, #89, #90, #91, #95, #96, #97, #101, #102, #103, #107, #108, #109, #113, #114, #115, #119, #120, #121, #125, #126, #127, #131, #132, #133, #137, #138, #139, #143, #144, #145, #149, #150, #151, #155, #156, #157, #161, #162, #163, #167, #168, #169, #173, #174, #175, #179, #180, #181, #185, #186, #187, #191, #192, #193, #197, #198, #199, #203, #204, #205, #209, #210, #211, #215, #216, #217, #221, #222, #223, #227, #228, #229, #233, #234, #235, #239, #240, #241, #245, #246, #247, #251, #252, #253, #254),(#56, #57, #58, #62, #63, #64, #68, #69, #70, #74, #75, #76, #80, #81, #82, #86, #87, #88, #92, #93, #94, #98, #99, #100, #104, #105, #106, #110, #111, #112, #116, #117, #118, #122, #123, #124, #128, #129, #130, #134, #135, #136, #140, #141, #142, #146, #147, #148, #152, #153, #154, #158, #159, #160, #164, #165, #166, #170, #171, #172, #176, #177, #178, #182, #183, #184, #188, #189, #190, #194, #195, #196, #200, #201, #202, #206, #207, #208, #212, #213, #214, #218, #219, #220, #224, #225, #226, #230, #231, #232, #236, #237, #238, #242, #243, #244, #248, #249, #250, #255, #256, #257, #258)),.UNSPECIFIED.,.F.,.F.,.F.,(2,2),(4,3,3,3,3,3,3,3,3,3,3,3,3,3,3,3,3,3,3,3,3,3,3,3,3,3,3,3,3,3,3,3,3,3,4),(0.,2.),(0.,1.,2.,3.,4.,5.,6.,7.,8.,9.,10.,11.,12.,13.,14.,15.,16.,17.,18.,19.,20.,21.,22.,23.,24.,25.,26.,27.,28.,29.,30.,31.,32.,33.,35.),.PIECEWISE_BEZIER_KNOTS.);
#53=CARTESIAN_POINT('',(1.,0.,0.));
#54=CARTESIAN_POINT('',(0.957921384336013,0.,-0.0059040469217501));
#55=CARTESIAN_POINT('',(0.915789989411575,0.,-0.0114305430719435));
#56=CARTESIAN_POINT('',(1.,5.,0.));
#57=CARTESIAN_POINT('',(0.957921384336013,5.,-0.0059040469217501));
#58=CARTESIAN_POINT('',(0.915789989411575,5.,-0.0114305430719435));
#59=CARTESIAN_POINT('',(0.873617619752732,0.,-0.0166228697062895));
#60=CARTESIAN_POINT('',(0.83144525009389,0.,-0.0218151963406354));
#61=CARTESIAN_POINT('',(0.789231763130498,0.,-0.0266737555575099));
#62=CARTESIAN_POINT('',(0.873617619752732,5.,-0.0166228697062895));
#63=CARTESIAN_POINT('',(0.83144525009389,5.,-0.0218151963406354));
#64=CARTESIAN_POINT('',(0.789231763130498,5.,-0.0266737555575099));
#65=CARTESIAN_POINT('',(0.746980822617204,0.,-0.0311825661908138));
#66=CARTESIAN_POINT('',(0.725855352360557,0.,-0.0334369715074658));
#67=CARTESIAN_POINT('',(0.704720419977261,0.,-0.0356030528781646));
#68=CARTESIAN_POINT('',(0.746980822617204,5.,-0.0311825661908138));
#69=CARTESIAN_POINT('',(0.725855352360557,5.,-0.0334369715074658));
#70=CARTESIAN_POINT('',(0.704720419977261,5.,-0.0356030528781646));
#71=CARTESIAN_POINT('',(0.683575955368599,0.,-0.037671288805332));
#72=CARTESIAN_POINT('',(0.662431490759936,0.,-0.0397395247324994));
#73=CARTESIAN_POINT('',(0.641277505284328,0.,-0.041711181810695));
#74=CARTESIAN_POINT('',(0.683575955368599,5.,-0.037671288805332));
#75=CARTESIAN_POINT('',(0.662431490759936,5.,-0.0397395247324994));
#76=CARTESIAN_POINT('',(0.641277505284328,5.,-0.041711181810695));
#77=CARTESIAN_POINT('',(0.620113765285813,0.,-0.0435725348469768));
#78=CARTESIAN_POINT('',(0.598950025287297,0.,-0.0454338878832586));
#79=CARTESIAN_POINT('',(0.577776506906328,0.,-0.0471836033525425));
#80=CARTESIAN_POINT('',(0.620113765285813,5.,-0.0435725348469768));
#81=CARTESIAN_POINT('',(0.598950025287297,5.,-0.0454338878832586));
#82=CARTESIAN_POINT('',(0.577776506906328,5.,-0.0471836033525425));
#83=CARTESIAN_POINT('',(0.556593014182548,0.,-0.048805422349909));
#84=CARTESIAN_POINT('',(0.535409521458769,0.,-0.0504272413472754));
#85=CARTESIAN_POINT('',(0.514216023588597,0.,-0.0519171029559777));
#86=CARTESIAN_POINT('',(0.556593014182548,5.,-0.048805422349909));
#87=CARTESIAN_POINT('',(0.535409521458769,5.,-0.0504272413472754));
#88=CARTESIAN_POINT('',(0.514216023588597,5.,-0.0519171029559777));
#89=CARTESIAN_POINT('',(0.493012606198891,0.,-0.0532538388642189));
#90=CARTESIAN_POINT('',(0.471809188809185,0.,-0.0545905747724602));
#91=CARTESIAN_POINT('',(0.45059583790801,0.,-0.0557696415627968));
#92=CARTESIAN_POINT('',(0.493012606198891,5.,-0.0532538388642189));
#93=CARTESIAN_POINT('',(0.471809188809185,5.,-0.0545905747724602));
#94=CARTESIAN_POINT('',(0.45059583790801,5.,-0.0557696415627968));
#95=CARTESIAN_POINT('',(0.42937343645861,0.,-0.056759687567897));
#96=CARTESIAN_POINT('',(0.418762235733911,0.,-0.0572547105704471));
#97=CARTESIAN_POINT('',(0.408148766616255,0.,-0.0577018517357314));
#98=CARTESIAN_POINT('',(0.42937343645861,5.,-0.056759687567897));
#99=CARTESIAN_POINT('',(0.418762235733911,5.,-0.0572547105704471));
#100=CARTESIAN_POINT('',(0.408148766616255,5.,-0.0577018517357314));
#101=CARTESIAN_POINT('',(0.397533354616514,0.,-0.0580952768149988));
#102=CARTESIAN_POINT('',(0.386917942616772,0.,-0.0584887018942662));
#103=CARTESIAN_POINT('',(0.376300401517028,0.,-0.0588305999418241));
#104=CARTESIAN_POINT('',(0.397533354616514,5.,-0.0580952768149988));
#105=CARTESIAN_POINT('',(0.386917942616772,5.,-0.0584887018942662));
#106=CARTESIAN_POINT('',(0.376300401517028,5.,-0.0588305999418241));
#107=CARTESIAN_POINT('',(0.365681472612714,0.,-0.059109984255857));
#108=CARTESIAN_POINT('',(0.3550625437084,0.,-0.0593893685698899));
#109=CARTESIAN_POINT('',(0.344441820437484,0.,-0.0596117982991051));
#110=CARTESIAN_POINT('',(0.365681472612714,5.,-0.059109984255857));
#111=CARTESIAN_POINT('',(0.3550625437084,5.,-0.0593893685698899));
#112=CARTESIAN_POINT('',(0.344441820437484,5.,-0.0596117982991051));
#113=CARTESIAN_POINT('',(0.333820219399831,0.,-0.0597651600703042));
#114=CARTESIAN_POINT('',(0.328509418881005,0.,-0.0598418409559037));
#115=CARTESIAN_POINT('',(0.323198256495708,0.,-0.0599029546526919));
#116=CARTESIAN_POINT('',(0.333820219399831,5.,-0.0597651600703042));
#117=CARTESIAN_POINT('',(0.328509418881005,5.,-0.0598418409559037));
#118=CARTESIAN_POINT('',(0.323198256495708,5.,-0.0599029546526919));
#119=CARTESIAN_POINT('',(0.317887043374783,0.,-0.0599452144996641));
#120=CARTESIAN_POINT('',(0.312575830253858,0.,-0.0599874743466363));
#121=CARTESIAN_POINT('',(0.307264602900151,0.,-0.0600104467926027));
#122=CARTESIAN_POINT('',(0.317887043374783,5.,-0.0599452144996641));
#123=CARTESIAN_POINT('',(0.312575830253858,5.,-0.0599874743466363));
#124=CARTESIAN_POINT('',(0.307264602900151,5.,-0.0600104467926027));
#125=CARTESIAN_POINT('',(0.301953175672892,0.,-0.0600160108937019));
#126=CARTESIAN_POINT('',(0.291330321218373,0.,-0.0600271390959005));
#127=CARTESIAN_POINT('',(0.280707539841353,0.,-0.0599602536683647));
#128=CARTESIAN_POINT('',(0.301953175672892,5.,-0.0600160108937019));
#129=CARTESIAN_POINT('',(0.291330321218373,5.,-0.0600271390959005));
#130=CARTESIAN_POINT('',(0.280707539841353,5.,-0.0599602536683647));
#131=CARTESIAN_POINT('',(0.270085817116337,0.,-0.0598072688899675));
#132=CARTESIAN_POINT('',(0.259464094391321,0.,-0.0596542841115704));
#133=CARTESIAN_POINT('',(0.248843660216665,0.,-0.0594129944550088));
#134=CARTESIAN_POINT('',(0.270085817116337,5.,-0.0598072688899675));
#135=CARTESIAN_POINT('',(0.259464094391321,5.,-0.0596542841115704));
#136=CARTESIAN_POINT('',(0.248843660216665,5.,-0.0594129944550088));
#137=CARTESIAN_POINT('',(0.23822657605673,0.,-0.0590692761104207));
#138=CARTESIAN_POINT('',(0.21699240773686,0.,-0.0583818394212445));
#139=CARTESIAN_POINT('',(0.195769007688964,0.,-0.0572974438264657));
#140=CARTESIAN_POINT('',(0.23822657605673,5.,-0.0590692761104207));
#141=CARTESIAN_POINT('',(0.21699240773686,5.,-0.0583818394212445));
#142=CARTESIAN_POINT('',(0.195769007688964,5.,-0.0572974438264657));
#143=CARTESIAN_POINT('',(0.17458758744113,0.,-0.0556427291772096));
#144=CARTESIAN_POINT('',(0.163996877317213,0.,-0.0548153718525815));
#145=CARTESIAN_POINT('',(0.153418117347638,0.,-0.0538394559813625));
#146=CARTESIAN_POINT('',(0.17458758744113,5.,-0.0556427291772096));
#147=CARTESIAN_POINT('',(0.163996877317213,5.,-0.0548153718525815));
#148=CARTESIAN_POINT('',(0.153418117347638,5.,-0.0538394559813625));
#149=CARTESIAN_POINT('',(0.142857935298253,0.,-0.0526857037819262));
#150=CARTESIAN_POINT('',(0.137577844273561,0.,-0.0521088276822081));
#151=CARTESIAN_POINT('',(0.13230324232368,0.,-0.0514842489716531));
#152=CARTESIAN_POINT('',(0.142857935298253,5.,-0.0526857037819262));
#153=CARTESIAN_POINT('',(0.137577844273561,5.,-0.0521088276822081));
#154=CARTESIAN_POINT('',(0.13230324232368,5.,-0.0514842489716531));
#155=CARTESIAN_POINT('',(0.127034740704039,0.,-0.0508095165042544));
#156=CARTESIAN_POINT('',(0.121766239084399,0.,-0.0501347840368557));
#157=CARTESIAN_POINT('',(0.11650474770022,0.,-0.0494064011502219));
#158=CARTESIAN_POINT('',(0.127034740704039,5.,-0.0508095165042544));
#159=CARTESIAN_POINT('',(0.121766239084399,5.,-0.0501347840368557));
#160=CARTESIAN_POINT('',(0.11650474770022,5.,-0.0494064011502219));
#161=CARTESIAN_POINT('',(0.111252227070426,0.,-0.0486176894492743));
#162=CARTESIAN_POINT('',(0.105999706440632,0.,-0.0478289777483268));
#163=CARTESIAN_POINT('',(0.100756469481452,0.,-0.046978683434849));
#164=CARTESIAN_POINT('',(0.111252227070426,5.,-0.0486176894492743));
#165=CARTESIAN_POINT('',(0.105999706440632,5.,-0.0478289777483268));
#166=CARTESIAN_POINT('',(0.100756469481452,5.,-0.046978683434849));
#167=CARTESIAN_POINT('',(0.095525688388317,0.,-0.0460565788241339));
#168=CARTESIAN_POINT('',(0.0902949072951822,0.,-0.0451344742134189));
#169=CARTESIAN_POINT('',(0.0850763300476843,0.,-0.0441412057765683));
#170=CARTESIAN_POINT('',(0.095525688388317,5.,-0.0460565788241339));
#171=CARTESIAN_POINT('',(0.0902949072951822,5.,-0.0451344742134189));
#172=CARTESIAN_POINT('',(0.0850763300476843,5.,-0.0441412057765683));
#173=CARTESIAN_POINT('',(0.0798768031805663,0.,-0.0430570801191723));
#174=CARTESIAN_POINT('',(0.0746772763134485,0.,-0.0419729544617763));
#175=CARTESIAN_POINT('',(0.0694955932882836,0.,-0.0408008444829555));
#176=CARTESIAN_POINT('',(0.0798768031805663,5.,-0.0430570801191723));
#177=CARTESIAN_POINT('',(0.0746772763134485,5.,-0.0419729544617763));
#178=CARTESIAN_POINT('',(0.0694955932882836,5.,-0.0408008444829555));
#179=CARTESIAN_POINT('',(0.0643424686978131,0.,-0.0395137806135796));
#180=CARTESIAN_POINT('',(0.0591893441073427,0.,-0.0382267167442036));
#181=CARTESIAN_POINT('',(0.0540641481017741,0.,-0.0368255480540148));
#182=CARTESIAN_POINT('',(0.0643424686978131,5.,-0.0395137806135796));
#183=CARTESIAN_POINT('',(0.0591893441073427,5.,-0.0382267167442036));
#184=CARTESIAN_POINT('',(0.0540641481017741,5.,-0.0368255480540148));
#185=CARTESIAN_POINT('',(0.0489861050413336,0.,-0.0352682823196279));
#186=CARTESIAN_POINT('',(0.043908061980893,0.,-0.033711016585241));
#187=CARTESIAN_POINT('',(0.0388760032159692,0.,-0.0319990449541808));
#188=CARTESIAN_POINT('',(0.0489861050413336,5.,-0.0352682823196279));
#189=CARTESIAN_POINT('',(0.043908061980893,5.,-0.033711016585241));
#190=CARTESIAN_POINT('',(0.0388760032159692,5.,-0.0319990449541808));
#191=CARTESIAN_POINT('',(0.0339327362498442,0.,-0.0300551193591476));
#192=CARTESIAN_POINT('',(0.0314611027667818,0.,-0.029083156561631));
#193=CARTESIAN_POINT('',(0.0290135436439344,0.,-0.0280504850530259));
#194=CARTESIAN_POINT('',(0.0339327362498442,5.,-0.0300551193591476));
#195=CARTESIAN_POINT('',(0.0314611027667818,5.,-0.029083156561631));
#196=CARTESIAN_POINT('',(0.0290135436439344,5.,-0.0280504850530259));
#197=CARTESIAN_POINT('',(0.0265995227086663,0.,-0.0269430225130131));
#198=CARTESIAN_POINT('',(0.0253925122410322,0.,-0.0263892912430066));
#199=CARTESIAN_POINT('',(0.0241948454658674,0.,-0.0258156073066138));
#200=CARTESIAN_POINT('',(0.0265995227086663,5.,-0.0269430225130131));
#201=CARTESIAN_POINT('',(0.0253925122410322,5.,-0.0263892912430066));
#202=CARTESIAN_POINT('',(0.0241948454658674,5.,-0.0258156073066138));
#203=CARTESIAN_POINT('',(0.0230077651390343,0.,-0.0252203822901891));
#204=CARTESIAN_POINT('',(0.0218206848122013,0.,-0.0246251572737644));
#205=CARTESIAN_POINT('',(0.0206446079858115,0.,-0.024007739655526));
#206=CARTESIAN_POINT('',(0.0230077651390343,5.,-0.0252203822901891));
#207=CARTESIAN_POINT('',(0.0218206848122013,5.,-0.0246251572737644));
#208=CARTESIAN_POINT('',(0.0206446079858115,5.,-0.024007739655526));
#209=CARTESIAN_POINT('',(0.0194837405073267,0.,-0.0233634252467712));
#210=CARTESIAN_POINT('',(0.017162005550357,0.,-0.0220747964292615));
#211=CARTESIAN_POINT('',(0.0148935652201397,0.,-0.0206855954213819));
#212=CARTESIAN_POINT('',(0.0194837405073267,5.,-0.0233634252467712));
#213=CARTESIAN_POINT('',(0.017162005550357,5.,-0.0220747964292615));
#214=CARTESIAN_POINT('',(0.0148935652201397,5.,-0.0206855954213819));
#215=CARTESIAN_POINT('',(0.0127263100526792,0.,-0.0191501527766315));
#216=CARTESIAN_POINT('',(0.0116426824689489,0.,-0.0183824314542563));
#217=CARTESIAN_POINT('',(0.0105855815460419,0.,-0.0175773098992335));
#218=CARTESIAN_POINT('',(0.0127263100526792,5.,-0.0191501527766315));
#219=CARTESIAN_POINT('',(0.0116426824689489,5.,-0.0183824314542563));
#220=CARTESIAN_POINT('',(0.0105855815460419,5.,-0.0175773098992335));
#221=CARTESIAN_POINT('',(0.00956464646273988,0.,-0.0167281329879925));
#222=CARTESIAN_POINT('',(0.00854371137943783,0.,-0.0158789560767515));
#223=CARTESIAN_POINT('',(0.00755983493811936,0.,-0.0149849302945839));
#224=CARTESIAN_POINT('',(0.00956464646273988,5.,-0.0167281329879925));
#225=CARTESIAN_POINT('',(0.00854371137943783,5.,-0.0158789560767515));
#226=CARTESIAN_POINT('',(0.00755983493811936,5.,-0.0149849302945839));
#227=CARTESIAN_POINT('',(0.00662857727282421,0.,-0.0140381163498384));
#228=CARTESIAN_POINT('',(0.00569731960752906,0.,-0.0130913024050928));
#229=CARTESIAN_POINT('',(0.00481999370845785,0.,-0.0120907443268842));
#230=CARTESIAN_POINT('',(0.00662857727282421,5.,-0.0140381163498384));
#231=CARTESIAN_POINT('',(0.00569731960752906,5.,-0.0130913024050928));
#232=CARTESIAN_POINT('',(0.00481999370845785,5.,-0.0120907443268842));
#233=CARTESIAN_POINT('',(0.00402208661600602,0.,-0.0110292990966073));
#234=CARTESIAN_POINT('',(0.00322417952355421,0.,-0.00996785386633045));
#235=CARTESIAN_POINT('',(0.00250563043711878,0.,-0.00884469912603232));
#236=CARTESIAN_POINT('',(0.00402208661600602,5.,-0.0110292990966073));
#237=CARTESIAN_POINT('',(0.00322417952355421,5.,-0.00996785386633045));
#238=CARTESIAN_POINT('',(0.00250563043711878,5.,-0.00884469912603232));
#239=CARTESIAN_POINT('',(0.00190503115146952,0.,-0.00766064775282632));
#240=CARTESIAN_POINT('',(0.00130443186582023,0.,-0.00647659637962028));
#241=CARTESIAN_POINT('',(0.000821447649379913,0.,-0.00523053673714892));
#242=CARTESIAN_POINT('',(0.00190503115146952,5.,-0.00766064775282632));
#243=CARTESIAN_POINT('',(0.00130443186582023,5.,-0.00647659637962028));
#244=CARTESIAN_POINT('',(0.000821447649379913,5.,-0.00523053673714892));
#245=CARTESIAN_POINT('',(0.000495099797995972,0.,-0.00394348744840561));
#246=CARTESIAN_POINT('',(0.000331925872303998,0.,-0.00329996280403393));
#247=CARTESIAN_POINT('',(0.000207469312536068,0.,-0.00264616120990893));
#248=CARTESIAN_POINT('',(0.000495099797995972,5.,-0.00394348744840561));
#249=CARTESIAN_POINT('',(0.000331925872303998,5.,-0.00329996280403393));
#250=CARTESIAN_POINT('',(0.000207469312536068,5.,-0.00264616120990893));
#251=CARTESIAN_POINT('',(0.000124514737411899,0.,-0.0019875180525563));
#252=CARTESIAN_POINT('',(4.15601622877352E-05,0.,-0.0013288748952037));
#253=CARTESIAN_POINT('',(2.35813972515606E-18,0.,-0.000662811483619399));
#254=CARTESIAN_POINT('',(0.,0.,0.));
#255=CARTESIAN_POINT('',(0.000124514737411899,5.,-0.0019875180525563));
#256=CARTESIAN_POINT('',(4.15601622877352E-05,5.,-0.0013288748952037));
#257=CARTESIAN_POINT('',(2.35813972515606E-18,5.,-0.000662811483619399));
#258=CARTESIAN_POINT('',(0.,5.,0.));
#259=B_SPLINE_SURFACE_WITH_KNOTS('Surf_PNFREOBMLG, WingGeom, 0',1,3,((#260, #261, #262, #266, #267, #268, #272, #273, #274, #278, #279, #280, #284, #285, #286, #290, #291, #292, #296, #297, #298, #302, #303, #304, #308, #309, #310, #314, #315, #316, #320, #321, #322, #326, #327, #328, #332, #333, #334, #338, #339, #340, #344, #345, #346, #350, #351, #352, #356, #357, #358, #362, #363, #364, #368, #369, #370, #374, #375, #376, #380, #381, #382, #386, #387, #388, #392, #393, #394, #398, #399, #400, #404, #405, #406, #410, #411, #412, #416, #417, #418, #422, #423, #424, #428, #429, #430, #434, #435, #436, #440, #441, #442, #446, #447, #448, #452, #453, #454, #458, #459, #460, #461),(#263, #264, #265, #269, #270, #271, #275, #276, #277, #281, #282, #283, #287, #288, #289, #293, #294, #295, #299, #300, #301, #305, #306, #307, #311, #312, #313, #317, #318, #319, #323, #324, #325, #329, #330, #331, #335, #336, #337, #341, #342, #343, #347, #348, #349, #353, #354, #355, #359, #360, #361, #365, #366, #367, #371, #372, #373, #377, #378, #379, #383, #384, #385, #389, #390, #391, #395, #396, #397, #401, #402, #403, #407, #408, #409, #413, #414, #415, #419, #420, #421, #425, #426, #427, #431, #432, #433, #437, #438, #439, #443, #444, #445, #449, #450, #451, #455, #456, #457, #462, #463, #464, #465)),.UNSPECIFIED.,.F.,.F.,.F.,(2,2),(4,3,3,3,3,3,3,3,3,3,3,3,3,3,3,3,3,3,3,3,3,3,3,3,3,3,3,3,3,3,3,3,3,3,4),(0.,2.),(0.,1.,2.,3.,4.,5.,6.,7.,8.,9.,10.,11.,12.,13.,14.,15.,16.,17.,18.,19.,20.,21.,22.,23.,24.,25.,26.,27.,28.,29.,30.,31.,32.,33.,35.),.PIECEWISE_BEZIER_KNOTS.);
#260=CARTESIAN_POINT('',(0.,0.,0.));
#261=CARTESIAN_POINT('',(-2.35813972515606E-18,0.,0.000662811483619399));
#262=CARTESIAN_POINT('',(4.156016228773E-05,0.,0.00132887489520364));
#263=CARTESIAN_POINT('',(0.,5.,0.));
#264=CARTESIAN_POINT('',(-2.35813972515606E-18,5.,0.000662811483619399));
#265=CARTESIAN_POINT('',(4.156016228773E-05,5.,0.00132887489520364));
#266=CARTESIAN_POINT('',(0.000124514737411883,0.,0.00198751805255616));
#267=CARTESIAN_POINT('',(0.000207469312536046,0.,0.00264616120990875));
#268=CARTESIAN_POINT('',(0.000331925872303955,0.,0.00329996280403372));
#269=CARTESIAN_POINT('',(0.000124514737411883,5.,0.00198751805255616));
#270=CARTESIAN_POINT('',(0.000207469312536046,5.,0.00264616120990875));
#271=CARTESIAN_POINT('',(0.000331925872303955,5.,0.00329996280403372));
#272=CARTESIAN_POINT('',(0.000495099797995944,0.,0.00394348744840549));
#273=CARTESIAN_POINT('',(0.000821447649379886,0.,0.00523053673714889));
#274=CARTESIAN_POINT('',(0.00130443186582031,0.,0.00647659637962051));
#275=CARTESIAN_POINT('',(0.000495099797995944,5.,0.00394348744840549));
#276=CARTESIAN_POINT('',(0.000821447649379886,5.,0.00523053673714889));
#277=CARTESIAN_POINT('',(0.00130443186582031,5.,0.00647659637962051));
#278=CARTESIAN_POINT('',(0.00190503115146972,0.,0.00766064775282672));
#279=CARTESIAN_POINT('',(0.00250563043711913,0.,0.00884469912603293));
#280=CARTESIAN_POINT('',(0.00322417952355455,0.,0.00996785386633093));
#281=CARTESIAN_POINT('',(0.00190503115146972,5.,0.00766064775282672));
#282=CARTESIAN_POINT('',(0.00250563043711913,5.,0.00884469912603293));
#283=CARTESIAN_POINT('',(0.00322417952355455,5.,0.00996785386633093));
#284=CARTESIAN_POINT('',(0.00402208661600613,0.,0.0110292990966074));
#285=CARTESIAN_POINT('',(0.00481999370845771,0.,0.012090744326884));
#286=CARTESIAN_POINT('',(0.00569731960752907,0.,0.0130913024050928));
#287=CARTESIAN_POINT('',(0.00402208661600613,5.,0.0110292990966074));
#288=CARTESIAN_POINT('',(0.00481999370845771,5.,0.012090744326884));
#289=CARTESIAN_POINT('',(0.00569731960752907,5.,0.0130913024050928));
#290=CARTESIAN_POINT('',(0.00662857727282447,0.,0.0140381163498386));
#291=CARTESIAN_POINT('',(0.00755983493811988,0.,0.0149849302945844));
#292=CARTESIAN_POINT('',(0.008543711379438,0.,0.0158789560767516));
#293=CARTESIAN_POINT('',(0.00662857727282447,5.,0.0140381163498386));
#294=CARTESIAN_POINT('',(0.00755983493811988,5.,0.0149849302945844));
#295=CARTESIAN_POINT('',(0.008543711379438,5.,0.0158789560767516));
#296=CARTESIAN_POINT('',(0.00956464646273996,0.,0.0167281329879926));
#297=CARTESIAN_POINT('',(0.010585581546042,0.,0.0175773098992336));
#298=CARTESIAN_POINT('',(0.0116426824689492,0.,0.0183824314542565));
#299=CARTESIAN_POINT('',(0.00956464646273996,5.,0.0167281329879926));
#300=CARTESIAN_POINT('',(0.010585581546042,5.,0.0175773098992336));
#301=CARTESIAN_POINT('',(0.0116426824689492,5.,0.0183824314542565));
#302=CARTESIAN_POINT('',(0.0127263100526796,0.,0.0191501527766318));
#303=CARTESIAN_POINT('',(0.0148935652201405,0.,0.0206855954213825));
#304=CARTESIAN_POINT('',(0.0171620055503571,0.,0.0220747964292616));
#305=CARTESIAN_POINT('',(0.0127263100526796,5.,0.0191501527766318));
#306=CARTESIAN_POINT('',(0.0148935652201405,5.,0.0206855954213825));
#307=CARTESIAN_POINT('',(0.0171620055503571,5.,0.0220747964292616));
#308=CARTESIAN_POINT('',(0.019483740507327,0.,0.0233634252467714));
#309=CARTESIAN_POINT('',(0.020644607985812,0.,0.0240077396555263));
#310=CARTESIAN_POINT('',(0.0218206848122019,0.,0.0246251572737647));
#311=CARTESIAN_POINT('',(0.019483740507327,5.,0.0233634252467714));
#312=CARTESIAN_POINT('',(0.020644607985812,5.,0.0240077396555263));
#313=CARTESIAN_POINT('',(0.0218206848122019,5.,0.0246251572737647));
#314=CARTESIAN_POINT('',(0.023007765139035,0.,0.0252203822901894));
#315=CARTESIAN_POINT('',(0.024194845465868,0.,0.0258156073066141));
#316=CARTESIAN_POINT('',(0.0253925122410327,0.,0.0263892912430069));
#317=CARTESIAN_POINT('',(0.023007765139035,5.,0.0252203822901894));
#318=CARTESIAN_POINT('',(0.024194845465868,5.,0.0258156073066141));
#319=CARTESIAN_POINT('',(0.0253925122410327,5.,0.0263892912430069));
#320=CARTESIAN_POINT('',(0.0265995227086667,0.,0.0269430225130133));
#321=CARTESIAN_POINT('',(0.0290135436439347,0.,0.0280504850530261));
#322=CARTESIAN_POINT('',(0.0314611027667823,0.,0.0290831565616312));
#323=CARTESIAN_POINT('',(0.0265995227086667,5.,0.0269430225130133));
#324=CARTESIAN_POINT('',(0.0290135436439347,5.,0.0280504850530261));
#325=CARTESIAN_POINT('',(0.0314611027667823,5.,0.0290831565616312));
#326=CARTESIAN_POINT('',(0.0339327362498447,0.,0.0300551193591478));
#327=CARTESIAN_POINT('',(0.0388760032159694,0.,0.0319990449541809));
#328=CARTESIAN_POINT('',(0.0439080619808936,0.,0.0337110165852412));
#329=CARTESIAN_POINT('',(0.0339327362498447,5.,0.0300551193591478));
#330=CARTESIAN_POINT('',(0.0388760032159694,5.,0.0319990449541809));
#331=CARTESIAN_POINT('',(0.0439080619808936,5.,0.0337110165852412));
#332=CARTESIAN_POINT('',(0.048986105041334,0.,0.035268282319628));
#333=CARTESIAN_POINT('',(0.0540641481017745,0.,0.0368255480540149));
#334=CARTESIAN_POINT('',(0.0591893441073433,0.,0.0382267167442038));
#335=CARTESIAN_POINT('',(0.048986105041334,5.,0.035268282319628));
#336=CARTESIAN_POINT('',(0.0540641481017745,5.,0.0368255480540149));
#337=CARTESIAN_POINT('',(0.0591893441073433,5.,0.0382267167442038));
#338=CARTESIAN_POINT('',(0.0643424686978139,0.,0.0395137806135798));
#339=CARTESIAN_POINT('',(0.0694955932882844,0.,0.0408008444829557));
#340=CARTESIAN_POINT('',(0.0746772763134487,0.,0.0419729544617764));
#341=CARTESIAN_POINT('',(0.0643424686978139,5.,0.0395137806135798));
#342=CARTESIAN_POINT('',(0.0694955932882844,5.,0.0408008444829557));
#343=CARTESIAN_POINT('',(0.0746772763134487,5.,0.0419729544617764));
#344=CARTESIAN_POINT('',(0.0798768031805668,0.,0.0430570801191724));
#345=CARTESIAN_POINT('',(0.0850763300476848,0.,0.0441412057765684));
#346=CARTESIAN_POINT('',(0.0902949072951827,0.,0.045134474213419));
#347=CARTESIAN_POINT('',(0.0798768031805668,5.,0.0430570801191724));
#348=CARTESIAN_POINT('',(0.0850763300476848,5.,0.0441412057765684));
#349=CARTESIAN_POINT('',(0.0902949072951827,5.,0.045134474213419));
#350=CARTESIAN_POINT('',(0.0955256883883175,0.,0.0460565788241341));
#351=CARTESIAN_POINT('',(0.100756469481452,0.,0.0469786834348491));
#352=CARTESIAN_POINT('',(0.105999706440632,0.,0.0478289777483268));
#353=CARTESIAN_POINT('',(0.0955256883883175,5.,0.0460565788241341));
#354=CARTESIAN_POINT('',(0.100756469481452,5.,0.0469786834348491));
#355=CARTESIAN_POINT('',(0.105999706440632,5.,0.0478289777483268));
#356=CARTESIAN_POINT('',(0.111252227070426,0.,0.0486176894492744));
#357=CARTESIAN_POINT('',(0.116504747700221,0.,0.049406401150222));
#358=CARTESIAN_POINT('',(0.121766239084399,0.,0.0501347840368558));
#359=CARTESIAN_POINT('',(0.111252227070426,5.,0.0486176894492744));
#360=CARTESIAN_POINT('',(0.116504747700221,5.,0.049406401150222));
#361=CARTESIAN_POINT('',(0.121766239084399,5.,0.0501347840368558));
#362=CARTESIAN_POINT('',(0.12703474070404,0.,0.0508095165042545));
#363=CARTESIAN_POINT('',(0.132303242323681,0.,0.0514842489716532));
#364=CARTESIAN_POINT('',(0.137577844273561,0.,0.0521088276822082));
#365=CARTESIAN_POINT('',(0.12703474070404,5.,0.0508095165042545));
#366=CARTESIAN_POINT('',(0.132303242323681,5.,0.0514842489716532));
#367=CARTESIAN_POINT('',(0.137577844273561,5.,0.0521088276822082));
#368=CARTESIAN_POINT('',(0.142857935298254,0.,0.0526857037819263));
#369=CARTESIAN_POINT('',(0.153418117347638,0.,0.0538394559813626));
#370=CARTESIAN_POINT('',(0.163996877317215,0.,0.0548153718525816));
#371=CARTESIAN_POINT('',(0.142857935298254,5.,0.0526857037819263));
#372=CARTESIAN_POINT('',(0.153418117347638,5.,0.0538394559813626));
#373=CARTESIAN_POINT('',(0.163996877317215,5.,0.0548153718525816));
#374=CARTESIAN_POINT('',(0.174587587441131,0.,0.0556427291772096));
#375=CARTESIAN_POINT('',(0.195769007688964,0.,0.0572974438264657));
#376=CARTESIAN_POINT('',(0.216992407736861,0.,0.0583818394212445));
#377=CARTESIAN_POINT('',(0.174587587441131,5.,0.0556427291772096));
#378=CARTESIAN_POINT('',(0.195769007688964,5.,0.0572974438264657));
#379=CARTESIAN_POINT('',(0.216992407736861,5.,0.0583818394212445));
#380=CARTESIAN_POINT('',(0.238226576056731,0.,0.0590692761104207));
#381=CARTESIAN_POINT('',(0.248843660216666,0.,0.0594129944550088));
#382=CARTESIAN_POINT('',(0.259464094391322,0.,0.0596542841115704));
#383=CARTESIAN_POINT('',(0.238226576056731,5.,0.0590692761104207));
#384=CARTESIAN_POINT('',(0.248843660216666,5.,0.0594129944550088));
#385=CARTESIAN_POINT('',(0.259464094391322,5.,0.0596542841115704));
#386=CARTESIAN_POINT('',(0.270085817116338,0.,0.0598072688899675));
#387=CARTESIAN_POINT('',(0.280707539841354,0.,0.0599602536683647));
#388=CARTESIAN_POINT('',(0.291330321218374,0.,0.0600271390959005));
#389=CARTESIAN_POINT('',(0.270085817116338,5.,0.0598072688899675));
#390=CARTESIAN_POINT('',(0.280707539841354,5.,0.0599602536683647));
#391=CARTESIAN_POINT('',(0.291330321218374,5.,0.0600271390959005));
#392=CARTESIAN_POINT('',(0.301953175672893,0.,0.0600160108937019));
#393=CARTESIAN_POINT('',(0.307264602900152,0.,0.0600104467926027));
#394=CARTESIAN_POINT('',(0.312575830253859,0.,0.0599874743466363));
#395=CARTESIAN_POINT('',(0.301953175672893,5.,0.0600160108937019));
#396=CARTESIAN_POINT('',(0.307264602900152,5.,0.0600104467926027));
#397=CARTESIAN_POINT('',(0.312575830253859,5.,0.0599874743466363));
#398=CARTESIAN_POINT('',(0.317887043374784,0.,0.0599452144996641));
#399=CARTESIAN_POINT('',(0.323198256495709,0.,0.0599029546526919));
#400=CARTESIAN_POINT('',(0.328509418881006,0.,0.0598418409559038));
#401=CARTESIAN_POINT('',(0.317887043374784,5.,0.0599452144996641));
#402=CARTESIAN_POINT('',(0.323198256495709,5.,0.0599029546526919));
#403=CARTESIAN_POINT('',(0.328509418881006,5.,0.0598418409559038));
#404=CARTESIAN_POINT('',(0.333820219399832,0.,0.0597651600703042));
#405=CARTESIAN_POINT('',(0.344441820437485,0.,0.0596117982991051));
#406=CARTESIAN_POINT('',(0.355062543708401,0.,0.0593893685698899));
#407=CARTESIAN_POINT('',(0.333820219399832,5.,0.0597651600703042));
#408=CARTESIAN_POINT('',(0.344441820437485,5.,0.0596117982991051));
#409=CARTESIAN_POINT('',(0.355062543708401,5.,0.0593893685698899));
#410=CARTESIAN_POINT('',(0.365681472612715,0.,0.059109984255857));
#411=CARTESIAN_POINT('',(0.376300401517029,0.,0.0588305999418241));
#412=CARTESIAN_POINT('',(0.386917942616773,0.,0.0584887018942661));
#413=CARTESIAN_POINT('',(0.365681472612715,5.,0.059109984255857));
#414=CARTESIAN_POINT('',(0.376300401517029,5.,0.0588305999418241));
#415=CARTESIAN_POINT('',(0.386917942616773,5.,0.0584887018942661));
#416=CARTESIAN_POINT('',(0.397533354616515,0.,0.0580952768149987));
#417=CARTESIAN_POINT('',(0.408148766616256,0.,0.0577018517357313));
#418=CARTESIAN_POINT('',(0.418762235733912,0.,0.0572547105704471));
#419=CARTESIAN_POINT('',(0.397533354616515,5.,0.0580952768149987));
#420=CARTESIAN_POINT('',(0.408148766616256,5.,0.0577018517357313));
#421=CARTESIAN_POINT('',(0.418762235733912,5.,0.0572547105704471));
#422=CARTESIAN_POINT('',(0.429373436458611,0.,0.056759687567897));
#423=CARTESIAN_POINT('',(0.450595837908011,0.,0.0557696415627967));
#424=CARTESIAN_POINT('',(0.471809188809186,0.,0.0545905747724601));
#425=CARTESIAN_POINT('',(0.429373436458611,5.,0.056759687567897));
#426=CARTESIAN_POINT('',(0.450595837908011,5.,0.0557696415627967));
#427=CARTESIAN_POINT('',(0.471809188809186,5.,0.0545905747724601));
#428=CARTESIAN_POINT('',(0.493012606198892,0.,0.0532538388642189));
#429=CARTESIAN_POINT('',(0.514216023588597,0.,0.0519171029559776));
#430=CARTESIAN_POINT('',(0.53540952145877,0.,0.0504272413472754));
#431=CARTESIAN_POINT('',(0.493012606198892,5.,0.0532538388642189));
#432=CARTESIAN_POINT('',(0.514216023588597,5.,0.0519171029559776));
#433=CARTESIAN_POINT('',(0.53540952145877,5.,0.0504272413472754));
#434=CARTESIAN_POINT('',(0.556593014182549,0.,0.0488054223499089));
#435=CARTESIAN_POINT('',(0.577776506906329,0.,0.0471836033525424));
#436=CARTESIAN_POINT('',(0.598950025287298,0.,0.0454338878832585));
#437=CARTESIAN_POINT('',(0.556593014182549,5.,0.0488054223499089));
#438=CARTESIAN_POINT('',(0.577776506906329,5.,0.0471836033525424));
#439=CARTESIAN_POINT('',(0.598950025287298,5.,0.0454338878832585));
#440=CARTESIAN_POINT('',(0.620113765285813,0.,0.0435725348469767));
#441=CARTESIAN_POINT('',(0.641277505284328,0.,0.0417111818106949));
#442=CARTESIAN_POINT('',(0.662431490759937,0.,0.0397395247324993));
#443=CARTESIAN_POINT('',(0.620113765285813,5.,0.0435725348469767));
#444=CARTESIAN_POINT('',(0.641277505284328,5.,0.0417111818106949));
#445=CARTESIAN_POINT('',(0.662431490759937,5.,0.0397395247324993));
#446=CARTESIAN_POINT('',(0.683575955368599,0.,0.0376712888053319));
#447=CARTESIAN_POINT('',(0.704720419977262,0.,0.0356030528781645));
#448=CARTESIAN_POINT('',(0.725855352360557,0.,0.0334369715074658));
#449=CARTESIAN_POINT('',(0.683575955368599,5.,0.0376712888053319));
#450=CARTESIAN_POINT('',(0.704720419977262,5.,0.0356030528781645));
#451=CARTESIAN_POINT('',(0.725855352360557,5.,0.0334369715074658));
#452=CARTESIAN_POINT('',(0.746980822617204,0.,0.0311825661908138));
#453=CARTESIAN_POINT('',(0.789231763130498,0.,0.0266737555575098));
#454=CARTESIAN_POINT('',(0.83144525009389,0.,0.0218151963406354));
#455=CARTESIAN_POINT('',(0.746980822617204,5.,0.0311825661908138));
#456=CARTESIAN_POINT('',(0.789231763130498,5.,0.0266737555575098));
#457=CARTESIAN_POINT('',(0.83144525009389,5.,0.0218151963406354));
#458=CARTESIAN_POINT('',(0.873617619752732,0.,0.0166228697062895));
#459=CARTESIAN_POINT('',(0.915789989411575,0.,0.0114305430719435));
#460=CARTESIAN_POINT('',(0.957921384335995,0.,0.00590404692175133));
#461=CARTESIAN_POINT('',(1.,0.,0.));
#462=CARTESIAN_POINT('',(0.873617619752732,5.,0.0166228697062895));
#463=CARTESIAN_POINT('',(0.915789989411575,5.,0.0114305430719435));
#464=CARTESIAN_POINT('',(0.957921384335995,5.,0.00590404692175133));
#465=CARTESIAN_POINT('',(1.,5.,0.));
#466=B_SPLINE_SURFACE_WITH_KNOTS('Surf_PNFREOBMLG, WingGeom, 0',3,3,((#467, #468, #469, #479, #480, #481, #491, #492, #493, #503, #504, #505, #515, #516, #517, #527, #528, #529, #539, #540, #541, #551, #552, #553, #563, #564, #565, #575, #576, #577, #587, #588, #589, #599, #600, #601, #611, #612, #613, #623, #624, #625, #635, #636, #637, #647, #648, #649, #659, #660, #661, #671, #672, #673, #683, #684, #685, #695, #696, #697, #707, #708, #709, #719, #720, #721, #731, #732, #733, #743, #744, #745, #755, #756, #757, #767, #768, #769, #779, #780, #781, #791, #792, #793, #803, #804, #805, #815, #816, #817, #827, #828, #829, #839, #840, #841, #851, #852, #853, #863, #864, #865, #866),(#470, #471, #472, #482, #483, #484, #494, #495, #496, #506, #507, #508, #518, #519, #520, #530, #531, #532, #542, #543, #544, #554, #555, #556, #566, #567, #568, #578, #579, #580, #590, #591, #592, #602, #603, #604, #614, #615, #616, #626, #627, #628, #638, #639, #640, #650, #651, #652, #662, #663, #664, #674, #675, #676, #686, #687, #688, #698, #699, #700, #710, #711, #712, #722, #723, #724, #734, #735, #736, #746, #747, #748, #758, #759, #760, #770, #771, #772, #782, #783, #784, #794, #795, #796, #806, #807, #808, #818, #819, #820, #830, #831, #832, #842, #843, #844, #854, #855, #856, #867, #868, #869, #870),(#473, #474, #475, #485, #486, #487, #497, #498, #499, #509, #510, #511, #521, #522, #523, #533, #534, #535, #545, #546, #547, #557, #558, #559, #569, #570, #571, #581, #582, #583, #593, #594, #595, #605, #606, #607, #617, #618, #619, #629, #630, #631, #641, #642, #643, #653, #654, #655, #665, #666, #667, #677, #678, #679, #689, #690, #691, #701, #702, #703, #713, #714, #715, #725, #726, #727, #737, #738, #739, #749, #750, #751, #761, #762, #763, #773, #774, #775, #785, #786, #787, #797, #798, #799, #809, #810, #811, #821, #822, #823, #833, #834, #835, #845, #846, #847, #857, #858, #859, #871, #872, #873, #874),(#476, #477, #478, #488, #489, #490, #500, #501, #502, #512, #513, #514, #524, #525, #526, #536, #537, #538, #548, #549, #550, #560, #561, #562, #572, #573, #574, #584, #585, #586, #596, #597, #598, #608, #609, #610, #620, #621, #622, #632, #633, #634, #644, #645, #646, #656, #657, #658, #668, #669, #670, #680, #681, #682, #692, #693, #694, #704, #705, #706, #716, #717, #718, #728, #729, #730, #740, #741, #742, #752, #753, #754, #764, #765, #766, #776, #777, #778, #788, #789, #790, #800, #801, #802, #812, #813, #814, #824, #825, #826, #836, #837, #838, #848, #849, #850, #860, #861, #862, #875, #876, #877, #878)),.UNSPECIFIED.,.F.,.F.,.F.,(4,4),(4,3,3,3,3,3,3,3,3,3,3,3,3,3,3,3,3,3,3,3,3,3,3,3,3,3,3,3,3,3,3,3,3,3,4),(0.,2.),(0.,1.,2.,3.,4.,5.,6.,7.,8.,9.,10.,11.,12.,13.,14.,15.,16.,17.,18.,19.,20.,21.,22.,23.,24.,25.,26.,27.,28.,29.,30.,31.,32.,33.,35.),.PIECEWISE_BEZIER_KNOTS.);
#467=CARTESIAN_POINT('',(1.,5.,0.));
#468=CARTESIAN_POINT('',(0.957921384336013,5.,-0.0059040469217501));
#469=CARTESIAN_POINT('',(0.915789989411575,5.,-0.0114305430719435));
#470=CARTESIAN_POINT('',(1.,5.,0.));
#471=CARTESIAN_POINT('',(0.957921384336013,5.00325853220143,-0.0059040469217501));
#472=CARTESIAN_POINT('',(0.915789989411575,5.00630868845953,-0.0114305430719435));
#473=CARTESIAN_POINT('',(1.,5.,0.));
#474=CARTESIAN_POINT('',(0.957921384336009,5.00590404692175,-0.00325853220142827));
#475=CARTESIAN_POINT('',(0.915789989411575,5.01143054307194,-0.00630868845952584));
#476=CARTESIAN_POINT('',(1.,5.,0.));
#477=CARTESIAN_POINT('',(0.957921384336004,5.00590404692175,6.15393153102772E-16));
#478=CARTESIAN_POINT('',(0.915789989411575,5.01143054307194,1.73472347597681E-18));
#479=CARTESIAN_POINT('',(0.873617619752732,5.,-0.0166228697062895));
#480=CARTESIAN_POINT('',(0.83144525009389,5.,-0.0218151963406354));
#481=CARTESIAN_POINT('',(0.789231763130498,5.,-0.0266737555575099));
#482=CARTESIAN_POINT('',(0.873617619752732,5.0091744115411,-0.0166228697062895));
#483=CARTESIAN_POINT('',(0.83144525009389,5.01204013462267,-0.0218151963406354));
#484=CARTESIAN_POINT('',(0.789231763130498,5.01472164645186,-0.0266737555575099));
#485=CARTESIAN_POINT('',(0.873617619752732,5.01662286970629,-0.00917441154109918));
#486=CARTESIAN_POINT('',(0.83144525009389,5.02181519634064,-0.0120401346226725));
#487=CARTESIAN_POINT('',(0.789231763130498,5.02667375555751,-0.014721646451857));
#488=CARTESIAN_POINT('',(0.873617619752732,5.01662286970629,8.67361737988404E-18));
#489=CARTESIAN_POINT('',(0.83144525009389,5.02181519634064,1.04083408558608E-17));
#490=CARTESIAN_POINT('',(0.789231763130498,5.02667375555751,-1.90819582357449E-17));
#491=CARTESIAN_POINT('',(0.746980822617204,5.,-0.0311825661908138));
#492=CARTESIAN_POINT('',(0.725855352360557,5.,-0.0334369715074658));
#493=CARTESIAN_POINT('',(0.704720419977261,5.,-0.0356030528781646));
#494=CARTESIAN_POINT('',(0.746980822617204,5.01721012678297,-0.0311825661908138));
#495=CARTESIAN_POINT('',(0.725855352360557,5.01845436694853,-0.0334369715074658));
#496=CARTESIAN_POINT('',(0.704720419977261,5.0196498598013,-0.0356030528781646));
#497=CARTESIAN_POINT('',(0.746980822617204,5.03118256619081,-0.0172101267829736));
#498=CARTESIAN_POINT('',(0.725855352360557,5.03343697150747,-0.0184543669485318));
#499=CARTESIAN_POINT('',(0.704720419977261,5.03560305287816,-0.019649859801296));
#500=CARTESIAN_POINT('',(0.746980822617204,5.03118256619081,-3.12250225675825E-17));
#501=CARTESIAN_POINT('',(0.725855352360557,5.03343697150747,-3.46944695195361E-17));
#502=CARTESIAN_POINT('',(0.704720419977262,5.03560305287816,-5.55111512312578E-17));
#503=CARTESIAN_POINT('',(0.683575955368599,5.,-0.037671288805332));
#504=CARTESIAN_POINT('',(0.662431490759936,5.,-0.0397395247324994));
#505=CARTESIAN_POINT('',(0.641277505284328,5.,-0.041711181810695));
#506=CARTESIAN_POINT('',(0.683575955368599,5.0207913502837,-0.037671288805332));
#507=CARTESIAN_POINT('',(0.662431490759936,5.0219328407661,-0.0397395247324994));
#508=CARTESIAN_POINT('',(0.641277505284328,5.0230210279307,-0.041711181810695));
#509=CARTESIAN_POINT('',(0.683575955368599,5.03767128880533,-0.0207913502836969));
#510=CARTESIAN_POINT('',(0.662431490759936,5.0397395247325,-0.0219328407660979));
#511=CARTESIAN_POINT('',(0.641277505284328,5.04171118181069,-0.023021027930703));
#512=CARTESIAN_POINT('',(0.683575955368599,5.03767128880533,-4.85722573273506E-17));
#513=CARTESIAN_POINT('',(0.662431490759936,5.0397395247325,-4.5102810375397E-17));
#514=CARTESIAN_POINT('',(0.641277505284328,5.04171118181069,-2.08166817117217E-17));
#515=CARTESIAN_POINT('',(0.620113765285813,5.,-0.0435725348469768));
#516=CARTESIAN_POINT('',(0.598950025287297,5.,-0.0454338878832586));
#517=CARTESIAN_POINT('',(0.577776506906328,5.,-0.0471836033525425));
#518=CARTESIAN_POINT('',(0.620113765285813,5.02404833663731,-0.0435725348469768));
#519=CARTESIAN_POINT('',(0.598950025287297,5.02507564534392,-0.0454338878832586));
#520=CARTESIAN_POINT('',(0.577776506906328,5.02604133960001,-0.0471836033525425));
#521=CARTESIAN_POINT('',(0.620113765285813,5.04357253484698,-0.0240483366373135));
#522=CARTESIAN_POINT('',(0.598950025287297,5.04543388788326,-0.0250756453439241));
#523=CARTESIAN_POINT('',(0.577776506906328,5.04718360335254,-0.0260413396000106));
#524=CARTESIAN_POINT('',(0.620113765285813,5.04357253484698,-2.42861286636753E-17));
#525=CARTESIAN_POINT('',(0.598950025287297,5.04543388788326,-2.77555756156289E-17));
#526=CARTESIAN_POINT('',(0.577776506906329,5.04718360335254,-2.77555756156289E-17));
#527=CARTESIAN_POINT('',(0.556593014182548,5.,-0.048805422349909));
#528=CARTESIAN_POINT('',(0.535409521458769,5.,-0.0504272413472754));
#529=CARTESIAN_POINT('',(0.514216023588597,5.,-0.0519171029559777));
#530=CARTESIAN_POINT('',(0.556593014182548,5.02693644587167,-0.048805422349909));
#531=CARTESIAN_POINT('',(0.535409521458769,5.02783155214332,-0.0504272413472754));
#532=CARTESIAN_POINT('',(0.514216023588597,5.02865382914958,-0.0519171029559777));
#533=CARTESIAN_POINT('',(0.556593014182549,5.04880542234991,-0.0269364458716661));
#534=CARTESIAN_POINT('',(0.535409521458769,5.05042724134728,-0.0278315521433217));
#535=CARTESIAN_POINT('',(0.514216023588597,5.05191710295598,-0.0286538291495805));
#536=CARTESIAN_POINT('',(0.556593014182549,5.04880542234991,-2.77555756156289E-17));
#537=CARTESIAN_POINT('',(0.535409521458769,5.05042724134728,-2.77555756156289E-17));
#538=CARTESIAN_POINT('',(0.514216023588597,5.05191710295598,-1.73472347597681E-17));
#539=CARTESIAN_POINT('',(0.493012606198891,5.,-0.0532538388642189));
#540=CARTESIAN_POINT('',(0.471809188809185,5.,-0.0545905747724602));
#541=CARTESIAN_POINT('',(0.45059583790801,5.,-0.0557696415627968));
#542=CARTESIAN_POINT('',(0.493012606198891,5.02939159378112,-0.0532538388642189));
#543=CARTESIAN_POINT('',(0.471809188809185,5.03012935841266,-0.0545905747724602));
#544=CARTESIAN_POINT('',(0.45059583790801,5.03078010308913,-0.0557696415627968));
#545=CARTESIAN_POINT('',(0.493012606198891,5.05325383886422,-0.0293915937811189));
#546=CARTESIAN_POINT('',(0.471809188809185,5.05459057477246,-0.0301293584126572));
#547=CARTESIAN_POINT('',(0.45059583790801,5.0557696415628,-0.0307801030891253));
#548=CARTESIAN_POINT('',(0.493012606198891,5.05325383886422,-2.77555756156289E-17));
#549=CARTESIAN_POINT('',(0.471809188809185,5.05459057477246,-3.81639164714898E-17));
#550=CARTESIAN_POINT('',(0.45059583790801,5.0557696415628,-1.38777878078145E-17));
#551=CARTESIAN_POINT('',(0.42937343645861,5.,-0.056759687567897));
#552=CARTESIAN_POINT('',(0.418762235733911,5.,-0.0572547105704471));
#553=CARTESIAN_POINT('',(0.408148766616255,5.,-0.0577018517357314));
#554=CARTESIAN_POINT('',(0.42937343645861,5.03132652435428,-0.056759687567897));
#555=CARTESIAN_POINT('',(0.418762235733911,5.03159973498686,-0.0572547105704471));
#556=CARTESIAN_POINT('',(0.408148766616255,5.03184651891405,-0.0577018517357314));
#557=CARTESIAN_POINT('',(0.429373436458611,5.0567596875679,-0.0313265243542799));
#558=CARTESIAN_POINT('',(0.418762235733911,5.05725471057045,-0.0315997349868572));
#559=CARTESIAN_POINT('',(0.408148766616255,5.05770185173573,-0.0318465189140471));
#560=CARTESIAN_POINT('',(0.429373436458611,5.0567596875679,-1.38777878078145E-17));
#561=CARTESIAN_POINT('',(0.418762235733911,5.05725471057045,-1.38777878078145E-17));
#562=CARTESIAN_POINT('',(0.408148766616256,5.05770185173573,-2.42861286636753E-17));
#563=CARTESIAN_POINT('',(0.397533354616514,5.,-0.0580952768149988));
#564=CARTESIAN_POINT('',(0.386917942616772,5.,-0.0584887018942662));
#565=CARTESIAN_POINT('',(0.376300401517028,5.,-0.0588305999418241));
#566=CARTESIAN_POINT('',(0.397533354616514,5.03206365612631,-0.0580952768149988));
#567=CARTESIAN_POINT('',(0.386917942616772,5.03228079333857,-0.0584887018942662));
#568=CARTESIAN_POINT('',(0.376300401517028,5.03246949200786,-0.0588305999418241));
#569=CARTESIAN_POINT('',(0.397533354616514,5.058095276815,-0.0320636561263073));
#570=CARTESIAN_POINT('',(0.386917942616773,5.05848870189427,-0.0322807933385676));
#571=CARTESIAN_POINT('',(0.376300401517028,5.05883059994182,-0.0324694920078598));
#572=CARTESIAN_POINT('',(0.397533354616514,5.058095276815,-2.08166817117217E-17));
#573=CARTESIAN_POINT('',(0.386917942616773,5.05848870189427,-1.38777878078145E-17));
#574=CARTESIAN_POINT('',(0.376300401517029,5.05883059994182,-1.38777878078145E-17));
#575=CARTESIAN_POINT('',(0.365681472612714,5.,-0.059109984255857));
#576=CARTESIAN_POINT('',(0.3550625437084,5.,-0.0593893685698899));
#577=CARTESIAN_POINT('',(0.344441820437484,5.,-0.0596117982991051));
#578=CARTESIAN_POINT('',(0.365681472612714,5.03262368840838,-0.059109984255857));
#579=CARTESIAN_POINT('',(0.3550625437084,5.0327778848089,-0.0593893685698899));
#580=CARTESIAN_POINT('',(0.344441820437484,5.03290064711835,-0.0596117982991051));
#581=CARTESIAN_POINT('',(0.365681472612714,5.05910998425586,-0.0326236884083823));
#582=CARTESIAN_POINT('',(0.3550625437084,5.05938936856989,-0.0327778848089049));
#583=CARTESIAN_POINT('',(0.344441820437485,5.05961179829911,-0.0329006471183528));
#584=CARTESIAN_POINT('',(0.365681472612715,5.05910998425586,-1.04083408558608E-17));
#585=CARTESIAN_POINT('',(0.3550625437084,5.05938936856989,-6.93889390390723E-18));
#586=CARTESIAN_POINT('',(0.344441820437485,5.05961179829911,3.46944695195361E-18));
#587=CARTESIAN_POINT('',(0.333820219399831,5.,-0.0597651600703042));
#588=CARTESIAN_POINT('',(0.328509418881005,5.,-0.0598418409559037));
#589=CARTESIAN_POINT('',(0.323198256495708,5.,-0.0599029546526919));
#590=CARTESIAN_POINT('',(0.333820219399831,5.03298528978406,-0.0597651600703042));
#591=CARTESIAN_POINT('',(0.328509418881005,5.03302761111691,-0.0598418409559037));
#592=CARTESIAN_POINT('',(0.323198256495708,5.03306134068437,-0.0599029546526919));
#593=CARTESIAN_POINT('',(0.333820219399832,5.0597651600703,-0.0329852897840605));
#594=CARTESIAN_POINT('',(0.328509418881005,5.0598418409559,-0.0330276111169144));
#595=CARTESIAN_POINT('',(0.323198256495708,5.05990295465269,-0.0330613406843741));
#596=CARTESIAN_POINT('',(0.333820219399832,5.0597651600703,3.46944695195361E-18));
#597=CARTESIAN_POINT('',(0.328509418881005,5.0598418409559,6.93889390390723E-18));
#598=CARTESIAN_POINT('',(0.323198256495709,5.05990295465269,-3.46944695195361E-18));
#599=CARTESIAN_POINT('',(0.317887043374783,5.,-0.0599452144996641));
#600=CARTESIAN_POINT('',(0.312575830253858,5.,-0.0599874743466363));
#601=CARTESIAN_POINT('',(0.307264602900151,5.,-0.0600104467926027));
#602=CARTESIAN_POINT('',(0.317887043374783,5.03308466452885,-0.0599452144996641));
#603=CARTESIAN_POINT('',(0.312575830253858,5.03310798837333,-0.0599874743466363));
#604=CARTESIAN_POINT('',(0.307264602900151,5.03312066721141,-0.0600104467926027));
#605=CARTESIAN_POINT('',(0.317887043374783,5.05994521449966,-0.0330846645288509));
#606=CARTESIAN_POINT('',(0.312575830253858,5.05998747434664,-0.0331079883733276));
#607=CARTESIAN_POINT('',(0.307264602900152,5.0600104467926,-0.0331206672114058));
#608=CARTESIAN_POINT('',(0.317887043374784,5.05994521449966,-3.46944695195361E-18));
#609=CARTESIAN_POINT('',(0.312575830253858,5.05998747434664,-3.46944695195361E-18));
#610=CARTESIAN_POINT('',(0.307264602900152,5.0600104467926,-1.38777878078145E-17));
#611=CARTESIAN_POINT('',(0.301953175672892,5.,-0.0600160108937019));
#612=CARTESIAN_POINT('',(0.291330321218373,5.,-0.0600271390959005));
#613=CARTESIAN_POINT('',(0.280707539841353,5.,-0.0599602536683647));
#614=CARTESIAN_POINT('',(0.301953175672892,5.0331237381224,-0.0600160108937019));
#615=CARTESIAN_POINT('',(0.291330321218373,5.03312987994439,-0.0600271390959005));
#616=CARTESIAN_POINT('',(0.280707539841353,5.03309296487201,-0.0599602536683647));
#617=CARTESIAN_POINT('',(0.301953175672892,5.0600160108937,-0.0331237381224003));
#618=CARTESIAN_POINT('',(0.291330321218373,5.0600271390959,-0.0331298799443893));
#619=CARTESIAN_POINT('',(0.280707539841353,5.05996025366836,-0.0330929648720126));
#620=CARTESIAN_POINT('',(0.301953175672892,5.0600160108937,-1.04083408558608E-17));
#621=CARTESIAN_POINT('',(0.291330321218374,5.0600271390959,-1.04083408558608E-17));
#622=CARTESIAN_POINT('',(0.280707539841353,5.05996025366836,0.));
#623=CARTESIAN_POINT('',(0.270085817116337,5.,-0.0598072688899675));
#624=CARTESIAN_POINT('',(0.259464094391321,5.,-0.0596542841115704));
#625=CARTESIAN_POINT('',(0.248843660216665,5.,-0.0594129944550088));
#626=CARTESIAN_POINT('',(0.270085817116337,5.0330085302743,-0.0598072688899675));
#627=CARTESIAN_POINT('',(0.259464094391321,5.03292409567658,-0.0596542841115704));
#628=CARTESIAN_POINT('',(0.248843660216665,5.03279092428987,-0.0594129944550088));
#629=CARTESIAN_POINT('',(0.270085817116337,5.05980726888997,-0.0330085302742964));
#630=CARTESIAN_POINT('',(0.259464094391321,5.05965428411157,-0.0329240956765802));
#631=CARTESIAN_POINT('',(0.248843660216665,5.05941299445501,-0.032790924289869));
#632=CARTESIAN_POINT('',(0.270085817116338,5.05980726888997,3.46944695195361E-18));
#633=CARTESIAN_POINT('',(0.259464094391322,5.05965428411157,6.93889390390723E-18));
#634=CARTESIAN_POINT('',(0.248843660216665,5.05941299445501,3.46944695195361E-18));
#635=CARTESIAN_POINT('',(0.23822657605673,5.,-0.0590692761104207));
#636=CARTESIAN_POINT('',(0.21699240773686,5.,-0.0583818394212445));
#637=CARTESIAN_POINT('',(0.195769007688964,5.,-0.0572974438264657));
#638=CARTESIAN_POINT('',(0.23822657605673,5.0326012209713,-0.0590692761104207));
#639=CARTESIAN_POINT('',(0.21699240773686,5.03222181433415,-0.0583818394212445));
#640=CARTESIAN_POINT('',(0.195769007688964,5.0316233201129,-0.0572974438264657));
#641=CARTESIAN_POINT('',(0.23822657605673,5.05906927611042,-0.0326012209712968));
#642=CARTESIAN_POINT('',(0.21699240773686,5.05838183942124,-0.0322218143341523));
#643=CARTESIAN_POINT('',(0.195769007688964,5.05729744382647,-0.0316233201128994));
#644=CARTESIAN_POINT('',(0.23822657605673,5.05906927611042,3.46944695195361E-18));
#645=CARTESIAN_POINT('',(0.21699240773686,5.05838183942124,1.04083408558608E-17));
#646=CARTESIAN_POINT('',(0.195769007688964,5.05729744382647,-1.04083408558608E-17));
#647=CARTESIAN_POINT('',(0.17458758744113,5.,-0.0556427291772096));
#648=CARTESIAN_POINT('',(0.163996877317213,5.,-0.0548153718525815));
#649=CARTESIAN_POINT('',(0.153418117347638,5.,-0.0538394559813625));
#650=CARTESIAN_POINT('',(0.17458758744113,5.03071005823673,-0.0556427291772096));
#651=CARTESIAN_POINT('',(0.163996877317213,5.03025342729864,-0.0548153718525815));
#652=CARTESIAN_POINT('',(0.153418117347638,5.02971480466667,-0.0538394559813625));
#653=CARTESIAN_POINT('',(0.17458758744113,5.05564272917721,-0.0307100582367254));
#654=CARTESIAN_POINT('',(0.163996877317214,5.05481537185258,-0.0302534272986384));
#655=CARTESIAN_POINT('',(0.153418117347638,5.05383945598136,-0.029714804666671));
#656=CARTESIAN_POINT('',(0.174587587441131,5.05564272917721,3.12250225675825E-17));
#657=CARTESIAN_POINT('',(0.163996877317214,5.05481537185258,4.85722573273506E-17));
#658=CARTESIAN_POINT('',(0.153418117347638,5.05383945598136,3.46944695195361E-17));
#659=CARTESIAN_POINT('',(0.142857935298253,5.,-0.0526857037819262));
#660=CARTESIAN_POINT('',(0.137577844273561,5.,-0.0521088276822081));
#661=CARTESIAN_POINT('',(0.13230324232368,5.,-0.0514842489716531));
#662=CARTESIAN_POINT('',(0.142857935298253,5.02907803149326,-0.0526857037819262));
#663=CARTESIAN_POINT('',(0.137577844273561,5.02875964490655,-0.0521088276822081));
#664=CARTESIAN_POINT('',(0.13230324232368,5.02841493053222,-0.0514842489716531));
#665=CARTESIAN_POINT('',(0.142857935298253,5.05268570378193,-0.0290780314932597));
#666=CARTESIAN_POINT('',(0.137577844273561,5.05210882768221,-0.028759644906554));
#667=CARTESIAN_POINT('',(0.13230324232368,5.05148424897165,-0.0284149305322199));
#668=CARTESIAN_POINT('',(0.142857935298253,5.05268570378193,3.12250225675825E-17));
#669=CARTESIAN_POINT('',(0.137577844273561,5.05210882768221,3.46944695195361E-17));
#670=CARTESIAN_POINT('',(0.132303242323681,5.05148424897165,4.16333634234434E-17));
#671=CARTESIAN_POINT('',(0.127034740704039,5.,-0.0508095165042544));
#672=CARTESIAN_POINT('',(0.121766239084399,5.,-0.0501347840368557));
#673=CARTESIAN_POINT('',(0.11650474770022,5.,-0.0494064011502219));
#674=CARTESIAN_POINT('',(0.127034740704039,5.02804253554595,-0.0508095165042544));
#675=CARTESIAN_POINT('',(0.121766239084399,5.02767014055968,-0.0501347840368557));
#676=CARTESIAN_POINT('',(0.11650474770022,5.02726813510096,-0.0494064011502219));
#677=CARTESIAN_POINT('',(0.12703474070404,5.05080951650425,-0.028042535545949));
#678=CARTESIAN_POINT('',(0.121766239084399,5.05013478403686,-0.0276701405596781));
#679=CARTESIAN_POINT('',(0.11650474770022,5.04940640115022,-0.0272681351009609));
#680=CARTESIAN_POINT('',(0.12703474070404,5.05080951650425,4.85722573273506E-17));
#681=CARTESIAN_POINT('',(0.121766239084399,5.05013478403686,5.55111512312578E-17));
#682=CARTESIAN_POINT('',(0.11650474770022,5.04940640115022,4.85722573273506E-17));
#683=CARTESIAN_POINT('',(0.111252227070426,5.,-0.0486176894492743));
#684=CARTESIAN_POINT('',(0.105999706440632,5.,-0.0478289777483268));
#685=CARTESIAN_POINT('',(0.100756469481452,5.,-0.046978683434849));
#686=CARTESIAN_POINT('',(0.111252227070426,5.02683283326321,-0.0486176894492743));
#687=CARTESIAN_POINT('',(0.105999706440632,5.02639753142547,-0.0478289777483268));
#688=CARTESIAN_POINT('',(0.100756469481452,5.02592824121862,-0.046978683434849));
#689=CARTESIAN_POINT('',(0.111252227070426,5.04861768944927,-0.0268328332632141));
#690=CARTESIAN_POINT('',(0.105999706440632,5.04782897774833,-0.0263975314254673));
#691=CARTESIAN_POINT('',(0.100756469481452,5.04697868343485,-0.0259282412186175));
#692=CARTESIAN_POINT('',(0.111252227070426,5.04861768944927,3.81639164714898E-17));
#693=CARTESIAN_POINT('',(0.105999706440632,5.04782897774833,2.42861286636753E-17));
#694=CARTESIAN_POINT('',(0.100756469481452,5.04697868343485,5.20417042793042E-17));
#695=CARTESIAN_POINT('',(0.095525688388317,5.,-0.0460565788241339));
#696=CARTESIAN_POINT('',(0.0902949072951822,5.,-0.0451344742134189));
#697=CARTESIAN_POINT('',(0.0850763300476843,5.,-0.0441412057765683));
#698=CARTESIAN_POINT('',(0.095525688388317,5.02541931782981,-0.0460565788241339));
#699=CARTESIAN_POINT('',(0.0902949072951822,5.024910394441,-0.0451344742134189));
#700=CARTESIAN_POINT('',(0.0850763300476843,5.02436219466735,-0.0441412057765683));
#701=CARTESIAN_POINT('',(0.0955256883883171,5.04605657882413,-0.0254193178298092));
#702=CARTESIAN_POINT('',(0.0902949072951823,5.04513447421342,-0.0249103944410008));
#703=CARTESIAN_POINT('',(0.0850763300476844,5.04414120577657,-0.0243621946673478));
#704=CARTESIAN_POINT('',(0.0955256883883173,5.04605657882413,5.20417042793042E-17));
#705=CARTESIAN_POINT('',(0.0902949072951825,5.04513447421342,5.89805981832114E-17));
#706=CARTESIAN_POINT('',(0.0850763300476845,5.04414120577657,4.85722573273506E-17));
#707=CARTESIAN_POINT('',(0.0798768031805663,5.,-0.0430570801191723));
#708=CARTESIAN_POINT('',(0.0746772763134485,5.,-0.0419729544617763));
#709=CARTESIAN_POINT('',(0.0694955932882836,5.,-0.0408008444829555));
#710=CARTESIAN_POINT('',(0.0798768031805663,5.02376384942859,-0.0430570801191723));
#711=CARTESIAN_POINT('',(0.0746772763134485,5.02316550418984,-0.0419729544617763));
#712=CARTESIAN_POINT('',(0.0694955932882836,5.02251859908217,-0.0408008444829555));
#713=CARTESIAN_POINT('',(0.0798768031805664,5.04305708011917,-0.023763849428592));
#714=CARTESIAN_POINT('',(0.0746772763134485,5.04197295446178,-0.0231655041898363));
#715=CARTESIAN_POINT('',(0.0694955932882838,5.04080084448296,-0.0225185990821663));
#716=CARTESIAN_POINT('',(0.0798768031805666,5.04305708011917,4.16333634234434E-17));
#717=CARTESIAN_POINT('',(0.0746772763134486,5.04197295446178,3.12250225675825E-17));
#718=CARTESIAN_POINT('',(0.069495593288284,5.04080084448296,1.04083408558608E-16));
#719=CARTESIAN_POINT('',(0.0643424686978131,5.,-0.0395137806135796));
#720=CARTESIAN_POINT('',(0.0591893441073427,5.,-0.0382267167442036));
#721=CARTESIAN_POINT('',(0.0540641481017741,5.,-0.0368255480540148));
#722=CARTESIAN_POINT('',(0.0643424686978131,5.02180824919517,-0.0395137806135796));
#723=CARTESIAN_POINT('',(0.0591893441073427,5.02109789930818,-0.0382267167442036));
#724=CARTESIAN_POINT('',(0.0540641481017741,5.02032457325622,-0.0368255480540148));
#725=CARTESIAN_POINT('',(0.0643424686978133,5.03951378061358,-0.0218082491951749));
#726=CARTESIAN_POINT('',(0.0591893441073428,5.0382267167442,-0.0210978993081836));
#727=CARTESIAN_POINT('',(0.0540641481017742,5.03682554805401,-0.0203245732562185));
#728=CARTESIAN_POINT('',(0.0643424686978135,5.03951378061358,9.71445146547012E-17));
#729=CARTESIAN_POINT('',(0.059189344107343,5.0382267167442,8.67361737988404E-17));
#730=CARTESIAN_POINT('',(0.0540641481017743,5.03682554805401,4.5102810375397E-17));
#731=CARTESIAN_POINT('',(0.0489861050413336,5.,-0.0352682823196279));
#732=CARTESIAN_POINT('',(0.043908061980893,5.,-0.033711016585241));
#733=CARTESIAN_POINT('',(0.0388760032159692,5.,-0.0319990449541808));
#734=CARTESIAN_POINT('',(0.0489861050413336,5.01946509490028,-0.0352682823196279));
#735=CARTESIAN_POINT('',(0.043908061980893,5.01860561654434,-0.033711016585241));
#736=CARTESIAN_POINT('',(0.0388760032159692,5.01766075367966,-0.0319990449541808));
#737=CARTESIAN_POINT('',(0.0489861050413337,5.03526828231963,-0.0194650949002814));
#738=CARTESIAN_POINT('',(0.0439080619808931,5.03371101658524,-0.0186056165443444));
#739=CARTESIAN_POINT('',(0.0388760032159692,5.03199904495418,-0.0176607536796557));
#740=CARTESIAN_POINT('',(0.0489861050413338,5.03526828231963,6.24500451351651E-17));
#741=CARTESIAN_POINT('',(0.0439080619808933,5.03371101658524,9.36750677027476E-17));
#742=CARTESIAN_POINT('',(0.0388760032159693,5.03199904495418,3.46944695195361E-17));
#743=CARTESIAN_POINT('',(0.0339327362498442,5.,-0.0300551193591476));
#744=CARTESIAN_POINT('',(0.0314611027667818,5.,-0.029083156561631));
#745=CARTESIAN_POINT('',(0.0290135436439344,5.,-0.0280504850530259));
#746=CARTESIAN_POINT('',(0.0339327362498442,5.01658787193726,-0.0300551193591476));
#747=CARTESIAN_POINT('',(0.0314611027667818,5.01605143106606,-0.029083156561631));
#748=CARTESIAN_POINT('',(0.0290135436439344,5.0154814841451,-0.0280504850530259));
#749=CARTESIAN_POINT('',(0.0339327362498443,5.03005511935915,-0.0165878719372593));
#750=CARTESIAN_POINT('',(0.0314611027667819,5.02908315656163,-0.0160514310660611));
#751=CARTESIAN_POINT('',(0.0290135436439344,5.02805048505303,-0.0154814841450956));
#752=CARTESIAN_POINT('',(0.0339327362498444,5.03005511935915,8.50014503228635E-17));
#753=CARTESIAN_POINT('',(0.031461102766782,5.02908315656163,1.00613961606655E-16));
#754=CARTESIAN_POINT('',(0.0290135436439345,5.02805048505303,7.80625564189563E-17));
#755=CARTESIAN_POINT('',(0.0265995227086663,5.,-0.0269430225130131));
#756=CARTESIAN_POINT('',(0.0253925122410322,5.,-0.0263892912430066));
#757=CARTESIAN_POINT('',(0.0241948454658674,5.,-0.0258156073066138));
#758=CARTESIAN_POINT('',(0.0265995227086663,5.0148702589302,-0.0269430225130131));
#759=CARTESIAN_POINT('',(0.0253925122410322,5.01456464632275,-0.0263892912430066));
#760=CARTESIAN_POINT('',(0.0241948454658674,5.01424802153895,-0.0258156073066138));
#761=CARTESIAN_POINT('',(0.0265995227086664,5.02694302251301,-0.0148702589301988));
#762=CARTESIAN_POINT('',(0.0253925122410323,5.02638929124301,-0.0145646463227503));
#763=CARTESIAN_POINT('',(0.0241948454658676,5.02581560730661,-0.0142480215389446));
#764=CARTESIAN_POINT('',(0.0265995227086665,5.02694302251301,9.8879238130678E-17));
#765=CARTESIAN_POINT('',(0.0253925122410324,5.02638929124301,1.21430643318376E-16));
#766=CARTESIAN_POINT('',(0.0241948454658677,5.02581560730661,1.42247325030098E-16));
#767=CARTESIAN_POINT('',(0.0230077651390343,5.,-0.0252203822901891));
#768=CARTESIAN_POINT('',(0.0218206848122013,5.,-0.0246251572737644));
#769=CARTESIAN_POINT('',(0.0206446079858115,5.,-0.024007739655526));
#770=CARTESIAN_POINT('',(0.0230077651390343,5.01391950790943,-0.0252203822901891));
#771=CARTESIAN_POINT('',(0.0218206848122013,5.01359099427991,-0.0246251572737644));
#772=CARTESIAN_POINT('',(0.0206446079858115,5.01325023222001,-0.024007739655526));
#773=CARTESIAN_POINT('',(0.0230077651390345,5.02522038229019,-0.0139195079094253));
#774=CARTESIAN_POINT('',(0.0218206848122014,5.02462515727376,-0.0135909942799061));
#775=CARTESIAN_POINT('',(0.0206446079858116,5.02400773965553,-0.0132502322200134));
#776=CARTESIAN_POINT('',(0.0230077651390347,5.02522038229019,1.56125112837913E-16));
#777=CARTESIAN_POINT('',(0.0218206848122016,5.02462515727376,1.61329283265843E-16));
#778=CARTESIAN_POINT('',(0.0206446079858117,5.02400773965553,1.16226472890446E-16));
#779=CARTESIAN_POINT('',(0.0194837405073267,5.,-0.0233634252467712));
#780=CARTESIAN_POINT('',(0.017162005550357,5.,-0.0220747964292615));
#781=CARTESIAN_POINT('',(0.0148935652201397,5.,-0.0206855954213819));
#782=CARTESIAN_POINT('',(0.0194837405073267,5.01289462541732,-0.0233634252467712));
#783=CARTESIAN_POINT('',(0.017162005550357,5.01218341181194,-0.0220747964292615));
#784=CARTESIAN_POINT('',(0.0148935652201397,5.01141669090365,-0.0206855954213819));
#785=CARTESIAN_POINT('',(0.0194837405073268,5.02336342524677,-0.012894625417324));
#786=CARTESIAN_POINT('',(0.017162005550357,5.02207479642926,-0.0121834118119451));
#787=CARTESIAN_POINT('',(0.0148935652201399,5.02068559542138,-0.0114166909036547));
#788=CARTESIAN_POINT('',(0.0194837405073269,5.02336342524677,8.67361737988404E-17));
#789=CARTESIAN_POINT('',(0.017162005550357,5.02207479642926,2.77555756156289E-17));
#790=CARTESIAN_POINT('',(0.0148935652201401,5.02068559542138,2.75821032680312E-16));
#791=CARTESIAN_POINT('',(0.0127263100526792,5.,-0.0191501527766315));
#792=CARTESIAN_POINT('',(0.0116426824689489,5.,-0.0183824314542563));
#793=CARTESIAN_POINT('',(0.0105855815460419,5.,-0.0175773098992335));
#794=CARTESIAN_POINT('',(0.0127263100526792,5.01056925703877,-0.0191501527766315));
#795=CARTESIAN_POINT('',(0.0116426824689489,5.01014554010633,-0.0183824314542563));
#796=CARTESIAN_POINT('',(0.0105855815460419,5.00970118142357,-0.0175773098992335));
#797=CARTESIAN_POINT('',(0.0127263100526793,5.01915015277663,-0.010569257038769));
#798=CARTESIAN_POINT('',(0.011642682468949,5.01838243145426,-0.0101455401063261));
#799=CARTESIAN_POINT('',(0.0105855815460419,5.01757730989923,-0.00970118142356547));
#800=CARTESIAN_POINT('',(0.0127263100526794,5.01915015277663,1.70002900645727E-16));
#801=CARTESIAN_POINT('',(0.0116426824689491,5.01838243145426,9.54097911787244E-17));
#802=CARTESIAN_POINT('',(0.0105855815460419,5.01757730989923,2.77555756156289E-17));
#803=CARTESIAN_POINT('',(0.00956464646273988,5.,-0.0167281329879925));
#804=CARTESIAN_POINT('',(0.00854371137943783,5.,-0.0158789560767515));
#805=CARTESIAN_POINT('',(0.00755983493811936,5.,-0.0149849302945839));
#806=CARTESIAN_POINT('',(0.00956464646273988,5.0092325079278,-0.0167281329879925));
#807=CARTESIAN_POINT('',(0.00854371137943783,5.00876383443203,-0.0158789560767515));
#808=CARTESIAN_POINT('',(0.00755983493811936,5.00827040817057,-0.0149849302945839));
#809=CARTESIAN_POINT('',(0.0095646464627399,5.01672813298799,-0.00923250792779857));
#810=CARTESIAN_POINT('',(0.00854371137943787,5.01587895607675,-0.00876383443203164));
#811=CARTESIAN_POINT('',(0.00755983493811948,5.01498493029458,-0.00827040817056871));
#812=CARTESIAN_POINT('',(0.00956464646273992,5.01672813298799,3.29597460435593E-17));
#813=CARTESIAN_POINT('',(0.00854371137943792,5.01587895607675,7.45931094670027E-17));
#814=CARTESIAN_POINT('',(0.00755983493811962,5.01498493029458,2.53269627492614E-16));
#815=CARTESIAN_POINT('',(0.00662857727282421,5.,-0.0140381163498384));
#816=CARTESIAN_POINT('',(0.00569731960752906,5.,-0.0130913024050928));
#817=CARTESIAN_POINT('',(0.00481999370845785,5.,-0.0120907443268842));
#818=CARTESIAN_POINT('',(0.00662857727282421,5.00774784732906,-0.0140381163498384));
#819=CARTESIAN_POINT('',(0.00569731960752906,5.00722528648756,-0.0130913024050928));
#820=CARTESIAN_POINT('',(0.00481999370845785,5.00667306345132,-0.0120907443268842));
#821=CARTESIAN_POINT('',(0.00662857727282427,5.01403811634984,-0.00774784732906373));
#822=CARTESIAN_POINT('',(0.00569731960752906,5.01309130240509,-0.00722528648755874));
#823=CARTESIAN_POINT('',(0.00481999370845782,5.01209074432688,-0.00667306345131709));
#824=CARTESIAN_POINT('',(0.00662857727282434,5.01403811634984,1.33573707650214E-16));
#825=CARTESIAN_POINT('',(0.00569731960752906,5.01309130240509,1.38777878078145E-17));
#826=CARTESIAN_POINT('',(0.00481999370845778,5.01209074432688,-1.0321604682062E-16));
#827=CARTESIAN_POINT('',(0.00402208661600602,5.,-0.0110292990966073));
#828=CARTESIAN_POINT('',(0.00322417952355421,5.,-0.00996785386633045));
#829=CARTESIAN_POINT('',(0.00250563043711878,5.,-0.00884469912603232));
#830=CARTESIAN_POINT('',(0.00402208661600602,5.00608723588105,-0.0110292990966073));
#831=CARTESIAN_POINT('',(0.00322417952355421,5.00550140831078,-0.00996785386633045));
#832=CARTESIAN_POINT('',(0.00250563043711878,5.00488152233478,-0.00884469912603232));
#833=CARTESIAN_POINT('',(0.00402208661600604,5.01102929909661,-0.00608723588105024));
#834=CARTESIAN_POINT('',(0.00322417952355428,5.00996785386633,-0.0055014083107834));
#835=CARTESIAN_POINT('',(0.00250563043711886,5.00884469912603,-0.00488152233478172));
#836=CARTESIAN_POINT('',(0.00402208661600607,5.01102929909661,7.45931094670027E-17));
#837=CARTESIAN_POINT('',(0.00322417952355438,5.00996785386633,2.36789754470834E-16));
#838=CARTESIAN_POINT('',(0.00250563043711896,5.00884469912603,3.05311331771918E-16));
#839=CARTESIAN_POINT('',(0.00190503115146952,5.,-0.00766064775282632));
#840=CARTESIAN_POINT('',(0.00130443186582023,5.,-0.00647659637962028));
#841=CARTESIAN_POINT('',(0.000821447649379913,5.,-0.00523053673714892));
#842=CARTESIAN_POINT('',(0.00190503115146952,5.00422802659214,-0.00766064775282632));
#843=CARTESIAN_POINT('',(0.00130443186582023,5.00357453084949,-0.00647659637962028));
#844=CARTESIAN_POINT('',(0.000821447649379913,5.0028868118114,-0.00523053673714892));
#845=CARTESIAN_POINT('',(0.00190503115146956,5.00766064775283,-0.0042280265921372));
#846=CARTESIAN_POINT('',(0.00130443186582025,5.00647659637962,-0.00357453084949266));
#847=CARTESIAN_POINT('',(0.000821447649379907,5.00523053673715,-0.00288681181139776));
#848=CARTESIAN_POINT('',(0.00190503115146962,5.00766064775283,2.01661604082304E-16));
#849=CARTESIAN_POINT('',(0.00130443186582027,5.00647659637962,1.14491749414469E-16));
#850=CARTESIAN_POINT('',(0.000821447649379899,5.00523053673715,-1.47451495458029E-17));
#851=CARTESIAN_POINT('',(0.000495099797995972,5.,-0.00394348744840561));
#852=CARTESIAN_POINT('',(0.000331925872303998,5.,-0.00329996280403393));
#853=CARTESIAN_POINT('',(0.000207469312536068,5.,-0.00264616120990893));
#854=CARTESIAN_POINT('',(0.000495099797995972,5.00217646997168,-0.00394348744840561));
#855=CARTESIAN_POINT('',(0.000331925872303998,5.00182129905182,-0.00329996280403393));
#856=CARTESIAN_POINT('',(0.000207469312536068,5.00146045612898,-0.00264616120990893));
#857=CARTESIAN_POINT('',(0.000495099797995966,5.00394348744841,-0.00217646997167666));
#858=CARTESIAN_POINT('',(0.000331925872303988,5.00329996280403,-0.00182129905181611));
#859=CARTESIAN_POINT('',(0.000207469312536063,5.00264616120991,-0.0014604561289807));
#860=CARTESIAN_POINT('',(0.000495099797995958,5.00394348744841,-5.63785129692462E-17));
#861=CARTESIAN_POINT('',(0.000331925872303976,5.00329996280403,-1.047339298621E-16));
#862=CARTESIAN_POINT('',(0.000207469312536057,5.00264616120991,-8.71698546678346E-17));
#863=CARTESIAN_POINT('',(0.000124514737411899,5.,-0.0019875180525563));
#864=CARTESIAN_POINT('',(4.15601622877352E-05,5.,-0.0013288748952037));
#865=CARTESIAN_POINT('',(2.35813972515606E-18,5.,-0.000662811483619399));
#866=CARTESIAN_POINT('',(0.,5.,0.));
#867=CARTESIAN_POINT('',(0.000124514737411899,5.00109694107466,-0.0019875180525563));
#868=CARTESIAN_POINT('',(4.15601622877352E-05,5.00073342602033,-0.0013288748952037));
#869=CARTESIAN_POINT('',(2.35813972515606E-18,5.00036581561622,-0.000662811483619399));
#870=CARTESIAN_POINT('',(0.,5.,0.));
#871=CARTESIAN_POINT('',(0.000124514737411896,5.00198751805256,-0.00109694107465793));
#872=CARTESIAN_POINT('',(4.1560162287734E-05,5.0013288748952,-0.000733426020335176));
#873=CARTESIAN_POINT('',(1.30149274416863E-18,5.00066281148362,-0.000365815616216381));
#874=CARTESIAN_POINT('',(0.,5.,0.));
#875=CARTESIAN_POINT('',(0.000124514737411891,5.00198751805256,-6.80878964320897E-17));
#876=CARTESIAN_POINT('',(4.15601622877326E-05,5.0013288748952,-2.99239799605999E-17));
#877=CARTESIAN_POINT('',(3.85185988877447E-34,5.00066281148362,0.));
#878=CARTESIAN_POINT('',(0.,5.,0.));
#879=B_SPLINE_SURFACE_WITH_KNOTS('Surf_PNFREOBMLG, WingGeom, 0',3,3,((#880, #881, #882, #892, #893, #894, #904, #905, #906, #916, #917, #918, #928, #929, #930, #940, #941, #942, #952, #953, #954, #964, #965, #966, #976, #977, #978, #988, #989, #990, #1000, #1001, #1002, #1012, #1013, #1014, #1024, #1025, #1026, #1036, #1037, #1038, #1048, #1049, #1050, #1060, #1061, #1062, #1072, #1073, #1074, #1084, #1085, #1086, #1096, #1097, #1098, #1108, #1109, #1110, #1120, #1121, #1122, #1132, #1133, #1134, #1144, #1145, #1146, #1156, #1157, #1158, #1168, #1169, #1170, #1180, #1181, #1182, #1192, #1193, #1194, #1204, #1205, #1206, #1216, #1217, #1218, #1228, #1229, #1230, #1240, #1241, #1242, #1252, #1253, #1254, #1264, #1265, #1266, #1276, #1277, #1278, #1279),(#883, #884, #885, #895, #896, #897, #907, #908, #909, #919, #920, #921, #931, #932, #933, #943, #944, #945, #955, #956, #957, #967, #968, #969, #979, #980, #981, #991, #992, #993, #1003, #1004, #1005, #1015, #1016, #1017, #1027, #1028, #1029, #1039, #1040, #1041, #1051, #1052, #1053, #1063, #1064, #1065, #1075, #1076, #1077, #1087, #1088, #1089, #1099, #1100, #1101, #1111, #1112, #1113, #1123, #1124, #1125, #1135, #1136, #1137, #1147, #1148, #1149, #1159, #1160, #1161, #1171, #1172, #1173, #1183, #1184, #1185, #1195, #1196, #1197, #1207, #1208, #1209, #1219, #1220, #1221, #1231, #1232, #1233, #1243, #1244, #1245, #1255, #1256, #1257, #1267, #1268, #1269, #1280, #1281, #1282, #1283),(#886, #887, #888, #898, #899, #900, #910, #911, #912, #922, #923, #924, #934, #935, #936, #946, #947, #948, #958, #959, #960, #970, #971, #972, #982, #983, #984, #994, #995, #996, #1006, #1007, #1008, #1018, #1019, #1020, #1030, #1031, #1032, #1042, #1043, #1044, #1054, #1055, #1056, #1066, #1067, #1068, #1078, #1079, #1080, #1090, #1091, #1092, #1102, #1103, #1104, #1114, #1115, #1116, #1126, #1127, #1128, #1138, #1139, #1140, #1150, #1151, #1152, #1162, #1163, #1164, #1174, #1175, #1176, #1186, #1187, #1188, #1198, #1199, #1200, #1210, #1211, #1212, #1222, #1223, #1224, #1234, #1235, #1236, #1246, #1247, #1248, #1258, #1259, #1260, #1270, #1271, #1272, #1284, #1285, #1286, #1287),(#889, #890, #891, #901, #902, #903, #913, #914, #915, #925, #926, #927, #937, #938, #939, #949, #950, #951, #961, #962, #963, #973, #974, #975, #985, #986, #987, #997, #998, #999, #1009, #1010, #1011, #1021, #1022, #1023, #1033, #1034, #1035, #1045, #1046, #1047, #1057, #1058, #1059, #1069, #1070, #1071, #1081, #1082, #1083, #1093, #1094, #1095, #1105, #1106, #1107, #1117, #1118, #1119, #1129, #1130, #1131, #1141, #1142, #1143, #1153, #1154, #1155, #1165, #1166, #1167, #1177, #1178, #1179, #1189, #1190, #1191, #1201, #1202, #1203, #1213, #1214, #1215, #1225, #1226, #1227, #1237, #1238, #1239, #1249, #1250, #1251, #1261, #1262, #1263, #1273, #1274, #1275, #1288, #1289, #1290, #1291)),.UNSPECIFIED.,.F.,.F.,.F.,(4,4),(4,3,3,3,3,3,3,3,3,3,3,3,3,3,3,3,3,3,3,3,3,3,3,3,3,3,3,3,3,3,3,3,3,3,4),(0.,2.),(0.,1.,2.,3.,4.,5.,6.,7.,8.,9.,10.,11.,12.,13.,14.,15.,16.,17.,18.,19.,20.,21.,22.,23.,24.,25.,26.,27.,28.,29.,30.,31.,32.,33.,35.),.PIECEWISE_BEZIER_KNOTS.);
#880=CARTESIAN_POINT('',(0.,5.,0.));
#881=CARTESIAN_POINT('',(-2.35813972515606E-18,5.,0.000662811483619399));
#882=CARTESIAN_POINT('',(4.156016228773E-05,5.,0.00132887489520364));
#883=CARTESIAN_POINT('',(0.,5.,0.));
#884=CARTESIAN_POINT('',(-2.35813972515606E-18,5.00036581561622,0.000662811483619399));
#885=CARTESIAN_POINT('',(4.156016228773E-05,5.00073342602033,0.00132887489520364));
#886=CARTESIAN_POINT('',(0.,5.,0.));
#887=CARTESIAN_POINT('',(-1.30149274416863E-18,5.00066281148362,0.000365815616216381));
#888=CARTESIAN_POINT('',(4.15601622877312E-05,5.0013288748952,0.000733426020335116));
#889=CARTESIAN_POINT('',(0.,5.,0.));
#890=CARTESIAN_POINT('',(3.85185988877447E-34,5.00066281148362,0.));
#891=CARTESIAN_POINT('',(4.15601622877326E-05,5.0013288748952,-2.99239799605999E-17));
#892=CARTESIAN_POINT('',(0.000124514737411883,5.,0.00198751805255616));
#893=CARTESIAN_POINT('',(0.000207469312536046,5.,0.00264616120990875));
#894=CARTESIAN_POINT('',(0.000331925872303955,5.,0.00329996280403372));
#895=CARTESIAN_POINT('',(0.000124514737411883,5.00109694107466,0.00198751805255616));
#896=CARTESIAN_POINT('',(0.000207469312536046,5.00146045612898,0.00264616120990875));
#897=CARTESIAN_POINT('',(0.000331925872303955,5.00182129905182,0.00329996280403372));
#898=CARTESIAN_POINT('',(0.000124514737411887,5.00198751805256,0.0010969410746578));
#899=CARTESIAN_POINT('',(0.000207469312536051,5.00264616120991,0.00146045612898053));
#900=CARTESIAN_POINT('',(0.000331925872303964,5.00329996280403,0.0018212990518159));
#901=CARTESIAN_POINT('',(0.000124514737411891,5.00198751805256,-6.80878964320897E-17));
#902=CARTESIAN_POINT('',(0.000207469312536057,5.00264616120991,-8.71698546678346E-17));
#903=CARTESIAN_POINT('',(0.000331925872303976,5.00329996280403,-1.047339298621E-16));
#904=CARTESIAN_POINT('',(0.000495099797995944,5.,0.00394348744840549));
#905=CARTESIAN_POINT('',(0.000821447649379886,5.,0.00523053673714889));
#906=CARTESIAN_POINT('',(0.00130443186582031,5.,0.00647659637962051));
#907=CARTESIAN_POINT('',(0.000495099797995944,5.00217646997168,0.00394348744840549));
#908=CARTESIAN_POINT('',(0.000821447649379886,5.0028868118114,0.00523053673714889));
#909=CARTESIAN_POINT('',(0.00130443186582031,5.00357453084949,0.00647659637962051));
#910=CARTESIAN_POINT('',(0.00049509979799595,5.00394348744841,0.00217646997167654));
#911=CARTESIAN_POINT('',(0.000821447649379892,5.00523053673715,0.00288681181139773));
#912=CARTESIAN_POINT('',(0.00130443186582029,5.00647659637962,0.00357453084949289));
#913=CARTESIAN_POINT('',(0.000495099797995958,5.00394348744841,-5.63785129692462E-17));
#914=CARTESIAN_POINT('',(0.000821447649379899,5.00523053673715,-1.47451495458029E-17));
#915=CARTESIAN_POINT('',(0.00130443186582027,5.00647659637962,1.14491749414469E-16));
#916=CARTESIAN_POINT('',(0.00190503115146972,5.,0.00766064775282672));
#917=CARTESIAN_POINT('',(0.00250563043711913,5.,0.00884469912603293));
#918=CARTESIAN_POINT('',(0.00322417952355455,5.,0.00996785386633093));
#919=CARTESIAN_POINT('',(0.00190503115146972,5.00422802659214,0.00766064775282672));
#920=CARTESIAN_POINT('',(0.00250563043711913,5.00488152233478,0.00884469912603293));
#921=CARTESIAN_POINT('',(0.00322417952355455,5.00550140831078,0.00996785386633093));
#922=CARTESIAN_POINT('',(0.00190503115146967,5.00766064775283,0.00422802659213761));
#923=CARTESIAN_POINT('',(0.00250563043711905,5.00884469912603,0.00488152233478233));
#924=CARTESIAN_POINT('',(0.00322417952355447,5.00996785386633,0.00550140831078387));
#925=CARTESIAN_POINT('',(0.00190503115146962,5.00766064775283,2.01661604082304E-16));
#926=CARTESIAN_POINT('',(0.00250563043711896,5.00884469912603,3.05311331771918E-16));
#927=CARTESIAN_POINT('',(0.00322417952355438,5.00996785386633,2.36789754470834E-16));
#928=CARTESIAN_POINT('',(0.00402208661600613,5.,0.0110292990966074));
#929=CARTESIAN_POINT('',(0.00481999370845771,5.,0.012090744326884));
#930=CARTESIAN_POINT('',(0.00569731960752907,5.,0.0130913024050928));
#931=CARTESIAN_POINT('',(0.00402208661600613,5.00608723588105,0.0110292990966074));
#932=CARTESIAN_POINT('',(0.00481999370845771,5.00667306345132,0.012090744326884));
#933=CARTESIAN_POINT('',(0.00569731960752907,5.00722528648756,0.0130913024050928));
#934=CARTESIAN_POINT('',(0.0040220866160061,5.01102929909661,0.00608723588105038));
#935=CARTESIAN_POINT('',(0.00481999370845774,5.01209074432688,0.00667306345131689));
#936=CARTESIAN_POINT('',(0.00569731960752907,5.01309130240509,0.00722528648755877));
#937=CARTESIAN_POINT('',(0.00402208661600607,5.01102929909661,7.45931094670027E-17));
#938=CARTESIAN_POINT('',(0.00481999370845778,5.01209074432688,-1.0321604682062E-16));
#939=CARTESIAN_POINT('',(0.00569731960752906,5.01309130240509,1.38777878078145E-17));
#940=CARTESIAN_POINT('',(0.00662857727282447,5.,0.0140381163498386));
#941=CARTESIAN_POINT('',(0.00755983493811988,5.,0.0149849302945844));
#942=CARTESIAN_POINT('',(0.008543711379438,5.,0.0158789560767516));
#943=CARTESIAN_POINT('',(0.00662857727282447,5.00774784732906,0.0140381163498386));
#944=CARTESIAN_POINT('',(0.00755983493811988,5.00827040817057,0.0149849302945844));
#945=CARTESIAN_POINT('',(0.008543711379438,5.00876383443203,0.0158789560767516));
#946=CARTESIAN_POINT('',(0.00662857727282442,5.01403811634984,0.00774784732906399));
#947=CARTESIAN_POINT('',(0.00755983493811977,5.01498493029458,0.00827040817056922));
#948=CARTESIAN_POINT('',(0.00854371137943796,5.01587895607675,0.00876383443203179));
#949=CARTESIAN_POINT('',(0.00662857727282434,5.01403811634984,1.33573707650214E-16));
#950=CARTESIAN_POINT('',(0.00755983493811962,5.01498493029458,2.53269627492614E-16));
#951=CARTESIAN_POINT('',(0.00854371137943792,5.01587895607675,7.45931094670027E-17));
#952=CARTESIAN_POINT('',(0.00956464646273996,5.,0.0167281329879926));
#953=CARTESIAN_POINT('',(0.010585581546042,5.,0.0175773098992336));
#954=CARTESIAN_POINT('',(0.0116426824689492,5.,0.0183824314542565));
#955=CARTESIAN_POINT('',(0.00956464646273996,5.0092325079278,0.0167281329879926));
#956=CARTESIAN_POINT('',(0.010585581546042,5.00970118142357,0.0175773098992336));
#957=CARTESIAN_POINT('',(0.0116426824689492,5.01014554010633,0.0183824314542565));
#958=CARTESIAN_POINT('',(0.00956464646273994,5.01672813298799,0.00923250792779864));
#959=CARTESIAN_POINT('',(0.010585581546042,5.01757730989923,0.00970118142356552));
#960=CARTESIAN_POINT('',(0.0116426824689491,5.01838243145426,0.0101455401063263));
#961=CARTESIAN_POINT('',(0.00956464646273992,5.01672813298799,3.29597460435593E-17));
#962=CARTESIAN_POINT('',(0.0105855815460419,5.01757730989923,2.77555756156289E-17));
#963=CARTESIAN_POINT('',(0.0116426824689491,5.01838243145426,9.54097911787244E-17));
#964=CARTESIAN_POINT('',(0.0127263100526796,5.,0.0191501527766318));
#965=CARTESIAN_POINT('',(0.0148935652201405,5.,0.0206855954213825));
#966=CARTESIAN_POINT('',(0.0171620055503571,5.,0.0220747964292616));
#967=CARTESIAN_POINT('',(0.0127263100526796,5.01056925703877,0.0191501527766318));
#968=CARTESIAN_POINT('',(0.0148935652201405,5.01141669090365,0.0206855954213825));
#969=CARTESIAN_POINT('',(0.0171620055503571,5.01218341181194,0.0220747964292616));
#970=CARTESIAN_POINT('',(0.0127263100526795,5.01915015277663,0.0105692570387693));
#971=CARTESIAN_POINT('',(0.0148935652201403,5.02068559542138,0.0114166909036553));
#972=CARTESIAN_POINT('',(0.0171620055503571,5.02207479642926,0.0121834118119452));
#973=CARTESIAN_POINT('',(0.0127263100526794,5.01915015277663,1.70002900645727E-16));
#974=CARTESIAN_POINT('',(0.0148935652201401,5.02068559542138,2.75821032680312E-16));
#975=CARTESIAN_POINT('',(0.017162005550357,5.02207479642926,2.77555756156289E-17));
#976=CARTESIAN_POINT('',(0.019483740507327,5.,0.0233634252467714));
#977=CARTESIAN_POINT('',(0.020644607985812,5.,0.0240077396555263));
#978=CARTESIAN_POINT('',(0.0218206848122019,5.,0.0246251572737647));
#979=CARTESIAN_POINT('',(0.019483740507327,5.01289462541732,0.0233634252467714));
#980=CARTESIAN_POINT('',(0.020644607985812,5.01325023222001,0.0240077396555263));
#981=CARTESIAN_POINT('',(0.0218206848122019,5.01359099427991,0.0246251572737647));
#982=CARTESIAN_POINT('',(0.0194837405073269,5.02336342524677,0.0128946254173242));
#983=CARTESIAN_POINT('',(0.0206446079858119,5.02400773965553,0.0132502322200137));
#984=CARTESIAN_POINT('',(0.0218206848122018,5.02462515727376,0.0135909942799065));
#985=CARTESIAN_POINT('',(0.0194837405073269,5.02336342524677,8.67361737988404E-17));
#986=CARTESIAN_POINT('',(0.0206446079858117,5.02400773965553,1.16226472890446E-16));
#987=CARTESIAN_POINT('',(0.0218206848122016,5.02462515727376,1.61329283265843E-16));
#988=CARTESIAN_POINT('',(0.023007765139035,5.,0.0252203822901894));
#989=CARTESIAN_POINT('',(0.024194845465868,5.,0.0258156073066141));
#990=CARTESIAN_POINT('',(0.0253925122410327,5.,0.0263892912430069));
#991=CARTESIAN_POINT('',(0.023007765139035,5.01391950790943,0.0252203822901894));
#992=CARTESIAN_POINT('',(0.024194845465868,5.01424802153895,0.0258156073066141));
#993=CARTESIAN_POINT('',(0.0253925122410327,5.01456464632275,0.0263892912430069));
#994=CARTESIAN_POINT('',(0.0230077651390348,5.02522038229019,0.0139195079094257));
#995=CARTESIAN_POINT('',(0.0241948454658679,5.02581560730661,0.0142480215389448));
#996=CARTESIAN_POINT('',(0.0253925122410326,5.02638929124301,0.0145646463227506));
#997=CARTESIAN_POINT('',(0.0230077651390347,5.02522038229019,1.56125112837913E-16));
#998=CARTESIAN_POINT('',(0.0241948454658677,5.02581560730661,1.42247325030098E-16));
#999=CARTESIAN_POINT('',(0.0253925122410324,5.02638929124301,1.21430643318376E-16));
#1000=CARTESIAN_POINT('',(0.0265995227086667,5.,0.0269430225130133));
#1001=CARTESIAN_POINT('',(0.0290135436439347,5.,0.0280504850530261));
#1002=CARTESIAN_POINT('',(0.0314611027667823,5.,0.0290831565616312));
#1003=CARTESIAN_POINT('',(0.0265995227086667,5.0148702589302,0.0269430225130133));
#1004=CARTESIAN_POINT('',(0.0290135436439347,5.0154814841451,0.0280504850530261));
#1005=CARTESIAN_POINT('',(0.0314611027667823,5.01605143106606,0.0290831565616312));
#1006=CARTESIAN_POINT('',(0.0265995227086666,5.02694302251301,0.014870258930199));
#1007=CARTESIAN_POINT('',(0.0290135436439346,5.02805048505303,0.0154814841450958));
#1008=CARTESIAN_POINT('',(0.0314611027667821,5.02908315656163,0.0160514310660613));
#1009=CARTESIAN_POINT('',(0.0265995227086665,5.02694302251301,9.8879238130678E-17));
#1010=CARTESIAN_POINT('',(0.0290135436439345,5.02805048505303,7.80625564189563E-17));
#1011=CARTESIAN_POINT('',(0.031461102766782,5.02908315656163,1.00613961606655E-16));
#1012=CARTESIAN_POINT('',(0.0339327362498447,5.,0.0300551193591478));
#1013=CARTESIAN_POINT('',(0.0388760032159694,5.,0.0319990449541809));
#1014=CARTESIAN_POINT('',(0.0439080619808936,5.,0.0337110165852412));
#1015=CARTESIAN_POINT('',(0.0339327362498447,5.01658787193726,0.0300551193591478));
#1016=CARTESIAN_POINT('',(0.0388760032159694,5.01766075367966,0.0319990449541809));
#1017=CARTESIAN_POINT('',(0.0439080619808936,5.01860561654434,0.0337110165852412));
#1018=CARTESIAN_POINT('',(0.0339327362498446,5.03005511935915,0.0165878719372595));
#1019=CARTESIAN_POINT('',(0.0388760032159693,5.03199904495418,0.0176607536796557));
#1020=CARTESIAN_POINT('',(0.0439080619808935,5.03371101658524,0.0186056165443446));
#1021=CARTESIAN_POINT('',(0.0339327362498444,5.03005511935915,8.50014503228635E-17));
#1022=CARTESIAN_POINT('',(0.0388760032159693,5.03199904495418,3.46944695195361E-17));
#1023=CARTESIAN_POINT('',(0.0439080619808933,5.03371101658524,9.36750677027476E-17));
#1024=CARTESIAN_POINT('',(0.048986105041334,5.,0.035268282319628));
#1025=CARTESIAN_POINT('',(0.0540641481017745,5.,0.0368255480540149));
#1026=CARTESIAN_POINT('',(0.0591893441073433,5.,0.0382267167442038));
#1027=CARTESIAN_POINT('',(0.048986105041334,5.01946509490028,0.035268282319628));
#1028=CARTESIAN_POINT('',(0.0540641481017745,5.02032457325622,0.0368255480540149));
#1029=CARTESIAN_POINT('',(0.0591893441073433,5.02109789930818,0.0382267167442038));
#1030=CARTESIAN_POINT('',(0.0489861050413339,5.03526828231963,0.0194650949002816));
#1031=CARTESIAN_POINT('',(0.0540641481017744,5.03682554805401,0.0203245732562186));
#1032=CARTESIAN_POINT('',(0.0591893441073431,5.0382267167442,0.0210978993081838));
#1033=CARTESIAN_POINT('',(0.0489861050413338,5.03526828231963,6.24500451351651E-17));
#1034=CARTESIAN_POINT('',(0.0540641481017743,5.03682554805401,4.5102810375397E-17));
#1035=CARTESIAN_POINT('',(0.059189344107343,5.0382267167442,8.67361737988404E-17));
#1036=CARTESIAN_POINT('',(0.0643424686978139,5.,0.0395137806135798));
#1037=CARTESIAN_POINT('',(0.0694955932882844,5.,0.0408008444829557));
#1038=CARTESIAN_POINT('',(0.0746772763134487,5.,0.0419729544617764));
#1039=CARTESIAN_POINT('',(0.0643424686978139,5.02180824919517,0.0395137806135798));
#1040=CARTESIAN_POINT('',(0.0694955932882844,5.02251859908217,0.0408008444829557));
#1041=CARTESIAN_POINT('',(0.0746772763134487,5.02316550418984,0.0419729544617764));
#1042=CARTESIAN_POINT('',(0.0643424686978137,5.03951378061358,0.0218082491951751));
#1043=CARTESIAN_POINT('',(0.0694955932882842,5.04080084448296,0.0225185990821665));
#1044=CARTESIAN_POINT('',(0.0746772763134487,5.04197295446178,0.0231655041898363));
#1045=CARTESIAN_POINT('',(0.0643424686978135,5.03951378061358,9.71445146547012E-17));
#1046=CARTESIAN_POINT('',(0.069495593288284,5.04080084448296,1.04083408558608E-16));
#1047=CARTESIAN_POINT('',(0.0746772763134486,5.04197295446178,3.12250225675825E-17));
#1048=CARTESIAN_POINT('',(0.0798768031805668,5.,0.0430570801191724));
#1049=CARTESIAN_POINT('',(0.0850763300476848,5.,0.0441412057765684));
#1050=CARTESIAN_POINT('',(0.0902949072951827,5.,0.045134474213419));
#1051=CARTESIAN_POINT('',(0.0798768031805668,5.02376384942859,0.0430570801191724));
#1052=CARTESIAN_POINT('',(0.0850763300476848,5.02436219466735,0.0441412057765684));
#1053=CARTESIAN_POINT('',(0.0902949072951827,5.024910394441,0.045134474213419));
#1054=CARTESIAN_POINT('',(0.0798768031805667,5.04305708011917,0.0237638494285921));
#1055=CARTESIAN_POINT('',(0.0850763300476847,5.04414120577657,0.0243621946673479));
#1056=CARTESIAN_POINT('',(0.0902949072951826,5.04513447421342,0.0249103944410009));
#1057=CARTESIAN_POINT('',(0.0798768031805666,5.04305708011917,4.16333634234434E-17));
#1058=CARTESIAN_POINT('',(0.0850763300476845,5.04414120577657,4.85722573273506E-17));
#1059=CARTESIAN_POINT('',(0.0902949072951825,5.04513447421342,5.89805981832114E-17));
#1060=CARTESIAN_POINT('',(0.0955256883883175,5.,0.0460565788241341));
#1061=CARTESIAN_POINT('',(0.100756469481452,5.,0.0469786834348491));
#1062=CARTESIAN_POINT('',(0.105999706440632,5.,0.0478289777483268));
#1063=CARTESIAN_POINT('',(0.0955256883883175,5.02541931782981,0.0460565788241341));
#1064=CARTESIAN_POINT('',(0.100756469481452,5.02592824121862,0.0469786834348491));
#1065=CARTESIAN_POINT('',(0.105999706440632,5.02639753142547,0.0478289777483268));
#1066=CARTESIAN_POINT('',(0.0955256883883174,5.04605657882413,0.0254193178298093));
#1067=CARTESIAN_POINT('',(0.100756469481452,5.04697868343485,0.0259282412186176));
#1068=CARTESIAN_POINT('',(0.105999706440632,5.04782897774833,0.0263975314254674));
#1069=CARTESIAN_POINT('',(0.0955256883883173,5.04605657882413,5.20417042793042E-17));
#1070=CARTESIAN_POINT('',(0.100756469481452,5.04697868343485,5.20417042793042E-17));
#1071=CARTESIAN_POINT('',(0.105999706440632,5.04782897774833,2.42861286636753E-17));
#1072=CARTESIAN_POINT('',(0.111252227070426,5.,0.0486176894492744));
#1073=CARTESIAN_POINT('',(0.116504747700221,5.,0.049406401150222));
#1074=CARTESIAN_POINT('',(0.121766239084399,5.,0.0501347840368558));
#1075=CARTESIAN_POINT('',(0.111252227070426,5.02683283326321,0.0486176894492744));
#1076=CARTESIAN_POINT('',(0.116504747700221,5.02726813510096,0.049406401150222));
#1077=CARTESIAN_POINT('',(0.121766239084399,5.02767014055968,0.0501347840368558));
#1078=CARTESIAN_POINT('',(0.111252227070426,5.04861768944927,0.0268328332632142));
#1079=CARTESIAN_POINT('',(0.11650474770022,5.04940640115022,0.027268135100961));
#1080=CARTESIAN_POINT('',(0.121766239084399,5.05013478403686,0.0276701405596782));
#1081=CARTESIAN_POINT('',(0.111252227070426,5.04861768944927,3.81639164714898E-17));
#1082=CARTESIAN_POINT('',(0.11650474770022,5.04940640115022,4.85722573273506E-17));
#1083=CARTESIAN_POINT('',(0.121766239084399,5.05013478403686,5.55111512312578E-17));
#1084=CARTESIAN_POINT('',(0.12703474070404,5.,0.0508095165042545));
#1085=CARTESIAN_POINT('',(0.132303242323681,5.,0.0514842489716532));
#1086=CARTESIAN_POINT('',(0.137577844273561,5.,0.0521088276822082));
#1087=CARTESIAN_POINT('',(0.12703474070404,5.02804253554595,0.0508095165042545));
#1088=CARTESIAN_POINT('',(0.132303242323681,5.02841493053222,0.0514842489716532));
#1089=CARTESIAN_POINT('',(0.137577844273561,5.02875964490655,0.0521088276822082));
#1090=CARTESIAN_POINT('',(0.12703474070404,5.05080951650425,0.0280425355459491));
#1091=CARTESIAN_POINT('',(0.132303242323681,5.05148424897165,0.02841493053222));
#1092=CARTESIAN_POINT('',(0.137577844273561,5.05210882768221,0.0287596449065541));
#1093=CARTESIAN_POINT('',(0.12703474070404,5.05080951650425,4.85722573273506E-17));
#1094=CARTESIAN_POINT('',(0.132303242323681,5.05148424897165,4.16333634234434E-17));
#1095=CARTESIAN_POINT('',(0.137577844273561,5.05210882768221,3.46944695195361E-17));
#1096=CARTESIAN_POINT('',(0.142857935298254,5.,0.0526857037819263));
#1097=CARTESIAN_POINT('',(0.153418117347638,5.,0.0538394559813626));
#1098=CARTESIAN_POINT('',(0.163996877317215,5.,0.0548153718525816));
#1099=CARTESIAN_POINT('',(0.142857935298254,5.02907803149326,0.0526857037819263));
#1100=CARTESIAN_POINT('',(0.153418117347638,5.02971480466667,0.0538394559813626));
#1101=CARTESIAN_POINT('',(0.163996877317215,5.03025342729864,0.0548153718525816));
#1102=CARTESIAN_POINT('',(0.142857935298254,5.05268570378193,0.0290780314932597));
#1103=CARTESIAN_POINT('',(0.153418117347638,5.05383945598136,0.029714804666671));
#1104=CARTESIAN_POINT('',(0.163996877317214,5.05481537185258,0.0302534272986385));
#1105=CARTESIAN_POINT('',(0.142857935298253,5.05268570378193,3.12250225675825E-17));
#1106=CARTESIAN_POINT('',(0.153418117347638,5.05383945598136,3.46944695195361E-17));
#1107=CARTESIAN_POINT('',(0.163996877317214,5.05481537185258,4.85722573273506E-17));
#1108=CARTESIAN_POINT('',(0.174587587441131,5.,0.0556427291772096));
#1109=CARTESIAN_POINT('',(0.195769007688964,5.,0.0572974438264657));
#1110=CARTESIAN_POINT('',(0.216992407736861,5.,0.0583818394212445));
#1111=CARTESIAN_POINT('',(0.174587587441131,5.03071005823673,0.0556427291772096));
#1112=CARTESIAN_POINT('',(0.195769007688964,5.0316233201129,0.0572974438264657));
#1113=CARTESIAN_POINT('',(0.216992407736861,5.03222181433415,0.0583818394212445));
#1114=CARTESIAN_POINT('',(0.174587587441131,5.05564272917721,0.0307100582367254));
#1115=CARTESIAN_POINT('',(0.195769007688964,5.05729744382647,0.0316233201128994));
#1116=CARTESIAN_POINT('',(0.216992407736861,5.05838183942124,0.0322218143341524));
#1117=CARTESIAN_POINT('',(0.174587587441131,5.05564272917721,3.12250225675825E-17));
#1118=CARTESIAN_POINT('',(0.195769007688964,5.05729744382647,-1.04083408558608E-17));
#1119=CARTESIAN_POINT('',(0.21699240773686,5.05838183942124,1.04083408558608E-17));
#1120=CARTESIAN_POINT('',(0.238226576056731,5.,0.0590692761104207));
#1121=CARTESIAN_POINT('',(0.248843660216666,5.,0.0594129944550088));
#1122=CARTESIAN_POINT('',(0.259464094391322,5.,0.0596542841115704));
#1123=CARTESIAN_POINT('',(0.238226576056731,5.0326012209713,0.0590692761104207));
#1124=CARTESIAN_POINT('',(0.248843660216666,5.03279092428987,0.0594129944550088));
#1125=CARTESIAN_POINT('',(0.259464094391322,5.03292409567658,0.0596542841115704));
#1126=CARTESIAN_POINT('',(0.238226576056731,5.05906927611042,0.0326012209712968));
#1127=CARTESIAN_POINT('',(0.248843660216666,5.05941299445501,0.032790924289869));
#1128=CARTESIAN_POINT('',(0.259464094391322,5.05965428411157,0.0329240956765802));
#1129=CARTESIAN_POINT('',(0.23822657605673,5.05906927611042,3.46944695195361E-18));
#1130=CARTESIAN_POINT('',(0.248843660216665,5.05941299445501,3.46944695195361E-18));
#1131=CARTESIAN_POINT('',(0.259464094391322,5.05965428411157,6.93889390390723E-18));
#1132=CARTESIAN_POINT('',(0.270085817116338,5.,0.0598072688899675));
#1133=CARTESIAN_POINT('',(0.280707539841354,5.,0.0599602536683647));
#1134=CARTESIAN_POINT('',(0.291330321218374,5.,0.0600271390959005));
#1135=CARTESIAN_POINT('',(0.270085817116338,5.0330085302743,0.0598072688899675));
#1136=CARTESIAN_POINT('',(0.280707539841354,5.03309296487201,0.0599602536683647));
#1137=CARTESIAN_POINT('',(0.291330321218374,5.03312987994439,0.0600271390959005));
#1138=CARTESIAN_POINT('',(0.270085817116338,5.05980726888997,0.0330085302742964));
#1139=CARTESIAN_POINT('',(0.280707539841354,5.05996025366836,0.0330929648720126));
#1140=CARTESIAN_POINT('',(0.291330321218374,5.0600271390959,0.0331298799443893));
#1141=CARTESIAN_POINT('',(0.270085817116338,5.05980726888997,3.46944695195361E-18));
#1142=CARTESIAN_POINT('',(0.280707539841353,5.05996025366836,0.));
#1143=CARTESIAN_POINT('',(0.291330321218374,5.0600271390959,-1.04083408558608E-17));
#1144=CARTESIAN_POINT('',(0.301953175672893,5.,0.0600160108937019));
#1145=CARTESIAN_POINT('',(0.307264602900152,5.,0.0600104467926027));
#1146=CARTESIAN_POINT('',(0.312575830253859,5.,0.0599874743466363));
#1147=CARTESIAN_POINT('',(0.301953175672893,5.0331237381224,0.0600160108937019));
#1148=CARTESIAN_POINT('',(0.307264602900152,5.03312066721141,0.0600104467926027));
#1149=CARTESIAN_POINT('',(0.312575830253859,5.03310798837333,0.0599874743466363));
#1150=CARTESIAN_POINT('',(0.301953175672893,5.0600160108937,0.0331237381224003));
#1151=CARTESIAN_POINT('',(0.307264602900152,5.0600104467926,0.0331206672114058));
#1152=CARTESIAN_POINT('',(0.312575830253859,5.05998747434664,0.0331079883733276));
#1153=CARTESIAN_POINT('',(0.301953175672892,5.0600160108937,-1.04083408558608E-17));
#1154=CARTESIAN_POINT('',(0.307264602900152,5.0600104467926,-1.38777878078145E-17));
#1155=CARTESIAN_POINT('',(0.312575830253858,5.05998747434664,-3.46944695195361E-18));
#1156=CARTESIAN_POINT('',(0.317887043374784,5.,0.0599452144996641));
#1157=CARTESIAN_POINT('',(0.323198256495709,5.,0.0599029546526919));
#1158=CARTESIAN_POINT('',(0.328509418881006,5.,0.0598418409559038));
#1159=CARTESIAN_POINT('',(0.317887043374784,5.03308466452885,0.0599452144996641));
#1160=CARTESIAN_POINT('',(0.323198256495709,5.03306134068437,0.0599029546526919));
#1161=CARTESIAN_POINT('',(0.328509418881006,5.03302761111691,0.0598418409559038));
#1162=CARTESIAN_POINT('',(0.317887043374784,5.05994521449966,0.0330846645288509));
#1163=CARTESIAN_POINT('',(0.323198256495709,5.05990295465269,0.0330613406843741));
#1164=CARTESIAN_POINT('',(0.328509418881006,5.0598418409559,0.0330276111169144));
#1165=CARTESIAN_POINT('',(0.317887043374784,5.05994521449966,-3.46944695195361E-18));
#1166=CARTESIAN_POINT('',(0.323198256495709,5.05990295465269,-3.46944695195361E-18));
#1167=CARTESIAN_POINT('',(0.328509418881005,5.0598418409559,6.93889390390723E-18));
#1168=CARTESIAN_POINT('',(0.333820219399832,5.,0.0597651600703042));
#1169=CARTESIAN_POINT('',(0.344441820437485,5.,0.0596117982991051));
#1170=CARTESIAN_POINT('',(0.355062543708401,5.,0.0593893685698899));
#1171=CARTESIAN_POINT('',(0.333820219399832,5.03298528978406,0.0597651600703042));
#1172=CARTESIAN_POINT('',(0.344441820437485,5.03290064711835,0.0596117982991051));
#1173=CARTESIAN_POINT('',(0.355062543708401,5.0327778848089,0.0593893685698899));
#1174=CARTESIAN_POINT('',(0.333820219399832,5.0597651600703,0.0329852897840605));
#1175=CARTESIAN_POINT('',(0.344441820437485,5.05961179829911,0.0329006471183528));
#1176=CARTESIAN_POINT('',(0.355062543708401,5.05938936856989,0.0327778848089049));
#1177=CARTESIAN_POINT('',(0.333820219399832,5.0597651600703,3.46944695195361E-18));
#1178=CARTESIAN_POINT('',(0.344441820437485,5.05961179829911,3.46944695195361E-18));
#1179=CARTESIAN_POINT('',(0.3550625437084,5.05938936856989,-6.93889390390723E-18));
#1180=CARTESIAN_POINT('',(0.365681472612715,5.,0.059109984255857));
#1181=CARTESIAN_POINT('',(0.376300401517029,5.,0.0588305999418241));
#1182=CARTESIAN_POINT('',(0.386917942616773,5.,0.0584887018942661));
#1183=CARTESIAN_POINT('',(0.365681472612715,5.03262368840838,0.059109984255857));
#1184=CARTESIAN_POINT('',(0.376300401517029,5.03246949200786,0.0588305999418241));
#1185=CARTESIAN_POINT('',(0.386917942616773,5.03228079333857,0.0584887018942661));
#1186=CARTESIAN_POINT('',(0.365681472612715,5.05910998425586,0.0326236884083823));
#1187=CARTESIAN_POINT('',(0.376300401517029,5.05883059994182,0.0324694920078598));
#1188=CARTESIAN_POINT('',(0.386917942616773,5.05848870189427,0.0322807933385675));
#1189=CARTESIAN_POINT('',(0.365681472612715,5.05910998425586,-1.04083408558608E-17));
#1190=CARTESIAN_POINT('',(0.376300401517029,5.05883059994182,-1.38777878078145E-17));
#1191=CARTESIAN_POINT('',(0.386917942616773,5.05848870189427,-1.38777878078145E-17));
#1192=CARTESIAN_POINT('',(0.397533354616515,5.,0.0580952768149987));
#1193=CARTESIAN_POINT('',(0.408148766616256,5.,0.0577018517357313));
#1194=CARTESIAN_POINT('',(0.418762235733912,5.,0.0572547105704471));
#1195=CARTESIAN_POINT('',(0.397533354616515,5.03206365612631,0.0580952768149987));
#1196=CARTESIAN_POINT('',(0.408148766616256,5.03184651891405,0.0577018517357313));
#1197=CARTESIAN_POINT('',(0.418762235733912,5.03159973498686,0.0572547105704471));
#1198=CARTESIAN_POINT('',(0.397533354616514,5.058095276815,0.0320636561263073));
#1199=CARTESIAN_POINT('',(0.408148766616256,5.05770185173573,0.0318465189140471));
#1200=CARTESIAN_POINT('',(0.418762235733912,5.05725471057045,0.0315997349868572));
#1201=CARTESIAN_POINT('',(0.397533354616514,5.058095276815,-2.08166817117217E-17));
#1202=CARTESIAN_POINT('',(0.408148766616256,5.05770185173573,-2.42861286636753E-17));
#1203=CARTESIAN_POINT('',(0.418762235733911,5.05725471057045,-1.38777878078145E-17));
#1204=CARTESIAN_POINT('',(0.429373436458611,5.,0.056759687567897));
#1205=CARTESIAN_POINT('',(0.450595837908011,5.,0.0557696415627967));
#1206=CARTESIAN_POINT('',(0.471809188809186,5.,0.0545905747724601));
#1207=CARTESIAN_POINT('',(0.429373436458611,5.03132652435428,0.056759687567897));
#1208=CARTESIAN_POINT('',(0.450595837908011,5.03078010308913,0.0557696415627967));
#1209=CARTESIAN_POINT('',(0.471809188809186,5.03012935841266,0.0545905747724601));
#1210=CARTESIAN_POINT('',(0.429373436458611,5.0567596875679,0.0313265243542799));
#1211=CARTESIAN_POINT('',(0.45059583790801,5.0557696415628,0.0307801030891253));
#1212=CARTESIAN_POINT('',(0.471809188809185,5.05459057477246,0.0301293584126571));
#1213=CARTESIAN_POINT('',(0.429373436458611,5.0567596875679,-1.38777878078145E-17));
#1214=CARTESIAN_POINT('',(0.45059583790801,5.0557696415628,-1.38777878078145E-17));
#1215=CARTESIAN_POINT('',(0.471809188809185,5.05459057477246,-3.81639164714898E-17));
#1216=CARTESIAN_POINT('',(0.493012606198892,5.,0.0532538388642189));
#1217=CARTESIAN_POINT('',(0.514216023588597,5.,0.0519171029559776));
#1218=CARTESIAN_POINT('',(0.53540952145877,5.,0.0504272413472754));
#1219=CARTESIAN_POINT('',(0.493012606198892,5.02939159378112,0.0532538388642189));
#1220=CARTESIAN_POINT('',(0.514216023588597,5.02865382914958,0.0519171029559776));
#1221=CARTESIAN_POINT('',(0.53540952145877,5.02783155214332,0.0504272413472754));
#1222=CARTESIAN_POINT('',(0.493012606198891,5.05325383886422,0.0293915937811188));
#1223=CARTESIAN_POINT('',(0.514216023588597,5.05191710295598,0.0286538291495805));
#1224=CARTESIAN_POINT('',(0.535409521458769,5.05042724134728,0.0278315521433216));
#1225=CARTESIAN_POINT('',(0.493012606198891,5.05325383886422,-2.77555756156289E-17));
#1226=CARTESIAN_POINT('',(0.514216023588597,5.05191710295598,-1.73472347597681E-17));
#1227=CARTESIAN_POINT('',(0.535409521458769,5.05042724134728,-2.77555756156289E-17));
#1228=CARTESIAN_POINT('',(0.556593014182549,5.,0.0488054223499089));
#1229=CARTESIAN_POINT('',(0.577776506906329,5.,0.0471836033525424));
#1230=CARTESIAN_POINT('',(0.598950025287298,5.,0.0454338878832585));
#1231=CARTESIAN_POINT('',(0.556593014182549,5.02693644587167,0.0488054223499089));
#1232=CARTESIAN_POINT('',(0.577776506906329,5.02604133960001,0.0471836033525424));
#1233=CARTESIAN_POINT('',(0.598950025287298,5.02507564534392,0.0454338878832585));
#1234=CARTESIAN_POINT('',(0.556593014182549,5.04880542234991,0.0269364458716661));
#1235=CARTESIAN_POINT('',(0.577776506906329,5.04718360335254,0.0260413396000105));
#1236=CARTESIAN_POINT('',(0.598950025287297,5.04543388788326,0.025075645343924));
#1237=CARTESIAN_POINT('',(0.556593014182549,5.04880542234991,-2.77555756156289E-17));
#1238=CARTESIAN_POINT('',(0.577776506906329,5.04718360335254,-2.77555756156289E-17));
#1239=CARTESIAN_POINT('',(0.598950025287297,5.04543388788326,-2.77555756156289E-17));
#1240=CARTESIAN_POINT('',(0.620113765285813,5.,0.0435725348469767));
#1241=CARTESIAN_POINT('',(0.641277505284328,5.,0.0417111818106949));
#1242=CARTESIAN_POINT('',(0.662431490759937,5.,0.0397395247324993));
#1243=CARTESIAN_POINT('',(0.620113765285813,5.02404833663731,0.0435725348469767));
#1244=CARTESIAN_POINT('',(0.641277505284328,5.0230210279307,0.0417111818106949));
#1245=CARTESIAN_POINT('',(0.662431490759937,5.0219328407661,0.0397395247324993));
#1246=CARTESIAN_POINT('',(0.620113765285813,5.04357253484698,0.0240483366373135));
#1247=CARTESIAN_POINT('',(0.641277505284328,5.04171118181069,0.023021027930703));
#1248=CARTESIAN_POINT('',(0.662431490759937,5.0397395247325,0.0219328407660978));
#1249=CARTESIAN_POINT('',(0.620113765285813,5.04357253484698,-2.42861286636753E-17));
#1250=CARTESIAN_POINT('',(0.641277505284328,5.04171118181069,-2.08166817117217E-17));
#1251=CARTESIAN_POINT('',(0.662431490759936,5.0397395247325,-4.5102810375397E-17));
#1252=CARTESIAN_POINT('',(0.683575955368599,5.,0.0376712888053319));
#1253=CARTESIAN_POINT('',(0.704720419977262,5.,0.0356030528781645));
#1254=CARTESIAN_POINT('',(0.725855352360557,5.,0.0334369715074658));
#1255=CARTESIAN_POINT('',(0.683575955368599,5.0207913502837,0.0376712888053319));
#1256=CARTESIAN_POINT('',(0.704720419977262,5.0196498598013,0.0356030528781645));
#1257=CARTESIAN_POINT('',(0.725855352360557,5.01845436694853,0.0334369715074658));
#1258=CARTESIAN_POINT('',(0.683575955368599,5.03767128880533,0.0207913502836968));
#1259=CARTESIAN_POINT('',(0.704720419977262,5.03560305287816,0.0196498598012959));
#1260=CARTESIAN_POINT('',(0.725855352360557,5.03343697150747,0.0184543669485318));
#1261=CARTESIAN_POINT('',(0.683575955368599,5.03767128880533,-4.85722573273506E-17));
#1262=CARTESIAN_POINT('',(0.704720419977262,5.03560305287816,-5.55111512312578E-17));
#1263=CARTESIAN_POINT('',(0.725855352360557,5.03343697150747,-3.46944695195361E-17));
#1264=CARTESIAN_POINT('',(0.746980822617204,5.,0.0311825661908138));
#1265=CARTESIAN_POINT('',(0.789231763130498,5.,0.0266737555575098));
#1266=CARTESIAN_POINT('',(0.83144525009389,5.,0.0218151963406354));
#1267=CARTESIAN_POINT('',(0.746980822617204,5.01721012678297,0.0311825661908138));
#1268=CARTESIAN_POINT('',(0.789231763130498,5.01472164645186,0.0266737555575098));
#1269=CARTESIAN_POINT('',(0.83144525009389,5.01204013462267,0.0218151963406354));
#1270=CARTESIAN_POINT('',(0.746980822617204,5.03118256619081,0.0172101267829735));
#1271=CARTESIAN_POINT('',(0.789231763130498,5.02667375555751,0.0147216464518569));
#1272=CARTESIAN_POINT('',(0.83144525009389,5.02181519634064,0.0120401346226725));
#1273=CARTESIAN_POINT('',(0.746980822617204,5.03118256619081,-3.12250225675825E-17));
#1274=CARTESIAN_POINT('',(0.789231763130498,5.02667375555751,-1.90819582357449E-17));
#1275=CARTESIAN_POINT('',(0.83144525009389,5.02181519634064,1.04083408558608E-17));
#1276=CARTESIAN_POINT('',(0.873617619752732,5.,0.0166228697062895));
#1277=CARTESIAN_POINT('',(0.915789989411575,5.,0.0114305430719435));
#1278=CARTESIAN_POINT('',(0.957921384335995,5.,0.00590404692175133));
#1279=CARTESIAN_POINT('',(1.,5.,0.));
#1280=CARTESIAN_POINT('',(0.873617619752732,5.0091744115411,0.0166228697062895));
#1281=CARTESIAN_POINT('',(0.915789989411575,5.00630868845953,0.0114305430719435));
#1282=CARTESIAN_POINT('',(0.957921384335995,5.00325853220143,0.00590404692175133));
#1283=CARTESIAN_POINT('',(1.,5.,0.));
#1284=CARTESIAN_POINT('',(0.873617619752732,5.01662286970629,0.0091744115410992));
#1285=CARTESIAN_POINT('',(0.915789989411575,5.01143054307194,0.00630868845952585));
#1286=CARTESIAN_POINT('',(0.957921384335999,5.00590404692175,0.0032585322014295));
#1287=CARTESIAN_POINT('',(1.,5.,0.));
#1288=CARTESIAN_POINT('',(0.873617619752732,5.01662286970629,8.67361737988404E-18));
#1289=CARTESIAN_POINT('',(0.915789989411575,5.01143054307194,1.73472347597681E-18));
#1290=CARTESIAN_POINT('',(0.957921384336004,5.00590404692175,6.15393153102772E-16));
#1291=CARTESIAN_POINT('',(1.,5.,0.));
#1292=GEOMETRIC_SET('PNFREOBMLG, WingGeom, 0',(#52,#259,#466,#879));
#1293=GEOMETRICALLY_BOUNDED_SURFACE_SHAPE_REPRESENTATION('',(#1292),#12);
#1294=SHAPE_REPRESENTATION_RELATIONSHIP('','',#26,#1293);
#1295=B_SPLINE_SURFACE_WITH_KNOTS('Surf_PNFREOBMLG, WingGeom, 1',1,3,((#1296, #1297, #1298, #1302, #1303, #1304, #1308, #1309, #1310, #1314, #1315, #1316, #1320, #1321, #1322, #1326, #1327, #1328, #1332, #1333, #1334, #1338, #1339, #1340, #1344, #1345, #1346, #1350, #1351, #1352, #1356, #1357, #1358, #1362, #1363, #1364, #1368, #1369, #1370, #1374, #1375, #1376, #1380, #1381, #1382, #1386, #1387, #1388, #1392, #1393, #1394, #1398, #1399, #1400, #1404, #1405, #1406, #1410, #1411, #1412, #1416, #1417, #1418, #1422, #1423, #1424, #1428, #1429, #1430, #1434, #1435, #1436, #1440, #1441, #1442, #1446, #1447, #1448, #1452, #1453, #1454, #1458, #1459, #1460, #1464, #1465, #1466, #1470, #1471, #1472, #1476, #1477, #1478, #1482, #1483, #1484, #1488, #1489, #1490, #1494, #1495, #1496, #1497),(#1299, #1300, #1301, #1305, #1306, #1307, #1311, #1312, #1313, #1317, #1318, #1319, #1323, #1324, #1325, #1329, #1330, #1331, #1335, #1336, #1337, #1341, #1342, #1343, #1347, #1348, #1349, #1353, #1354, #1355, #1359, #1360, #1361, #1365, #1366, #1367, #1371, #1372, #1373, #1377, #1378, #1379, #1383, #1384, #1385, #1389, #1390, #1391, #1395, #1396, #1397, #1401, #1402, #1403, #1407, #1408, #1409, #1413, #1414, #1415, #1419, #1420, #1421, #1425, #1426, #1427, #1431, #1432, #1433, #1437, #1438, #1439, #1443, #1444, #1445, #1449, #1450, #1451, #1455, #1456, #1457, #1461, #1462, #1463, #1467, #1468, #1469, #1473, #1474, #1475, #1479, #1480, #1481, #1485, #1486, #1487, #1491, #1492, #1493, #1498, #1499, #1500, #1501)),.UNSPECIFIED.,.F.,.F.,.F.,(2,2),(4,3,3,3,3,3,3,3,3,3,3,3,3,3,3,3,3,3,3,3,3,3,3,3,3,3,3,3,3,3,3,3,3,3,4),(0.,2.),(0.,1.,2.,3.,4.,5.,6.,7.,8.,9.,10.,11.,12.,13.,14.,15.,16.,17.,18.,19.,20.,21.,22.,23.,24.,25.,26.,27.,28.,29.,30.,31.,32.,33.,35.),.PIECEWISE_BEZIER_KNOTS.);
#1296=CARTESIAN_POINT('',(0.,0.,0.));
#1297=CARTESIAN_POINT('',(2.35813972515606E-18,0.,-0.000662811483619399));
#1298=CARTESIAN_POINT('',(4.15601622877352E-05,0.,-0.0013288748952037));
#1299=CARTESIAN_POINT('',(0.,-5.,0.));
#1300=CARTESIAN_POINT('',(2.35813972515606E-18,-5.,-0.000662811483619399));
#1301=CARTESIAN_POINT('',(4.15601622877352E-05,-5.,-0.0013288748952037));
#1302=CARTESIAN_POINT('',(0.000124514737411899,0.,-0.0019875180525563));
#1303=CARTESIAN_POINT('',(0.000207469312536068,0.,-0.00264616120990893));
#1304=CARTESIAN_POINT('',(0.000331925872303998,0.,-0.00329996280403393));
#1305=CARTESIAN_POINT('',(0.000124514737411899,-5.,-0.0019875180525563));
#1306=CARTESIAN_POINT('',(0.000207469312536068,-5.,-0.00264616120990893));
#1307=CARTESIAN_POINT('',(0.000331925872303998,-5.,-0.00329996280403393));
#1308=CARTESIAN_POINT('',(0.000495099797995972,0.,-0.00394348744840561));
#1309=CARTESIAN_POINT('',(0.000821447649379913,0.,-0.00523053673714892));
#1310=CARTESIAN_POINT('',(0.00130443186582023,0.,-0.00647659637962028));
#1311=CARTESIAN_POINT('',(0.000495099797995972,-5.,-0.00394348744840561));
#1312=CARTESIAN_POINT('',(0.000821447649379913,-5.,-0.00523053673714892));
#1313=CARTESIAN_POINT('',(0.00130443186582023,-5.,-0.00647659637962028));
#1314=CARTESIAN_POINT('',(0.00190503115146952,0.,-0.00766064775282632));
#1315=CARTESIAN_POINT('',(0.00250563043711878,0.,-0.00884469912603232));
#1316=CARTESIAN_POINT('',(0.00322417952355421,0.,-0.00996785386633045));
#1317=CARTESIAN_POINT('',(0.00190503115146952,-5.,-0.00766064775282632));
#1318=CARTESIAN_POINT('',(0.00250563043711878,-5.,-0.00884469912603232));
#1319=CARTESIAN_POINT('',(0.00322417952355421,-5.,-0.00996785386633045));
#1320=CARTESIAN_POINT('',(0.00402208661600602,0.,-0.0110292990966073));
#1321=CARTESIAN_POINT('',(0.00481999370845785,0.,-0.0120907443268842));
#1322=CARTESIAN_POINT('',(0.00569731960752906,0.,-0.0130913024050928));
#1323=CARTESIAN_POINT('',(0.00402208661600602,-5.,-0.0110292990966073));
#1324=CARTESIAN_POINT('',(0.00481999370845785,-5.,-0.0120907443268842));
#1325=CARTESIAN_POINT('',(0.00569731960752906,-5.,-0.0130913024050928));
#1326=CARTESIAN_POINT('',(0.00662857727282421,0.,-0.0140381163498384));
#1327=CARTESIAN_POINT('',(0.00755983493811936,0.,-0.0149849302945839));
#1328=CARTESIAN_POINT('',(0.00854371137943783,0.,-0.0158789560767515));
#1329=CARTESIAN_POINT('',(0.00662857727282421,-5.,-0.0140381163498384));
#1330=CARTESIAN_POINT('',(0.00755983493811936,-5.,-0.0149849302945839));
#1331=CARTESIAN_POINT('',(0.00854371137943783,-5.,-0.0158789560767515));
#1332=CARTESIAN_POINT('',(0.00956464646273988,0.,-0.0167281329879925));
#1333=CARTESIAN_POINT('',(0.0105855815460419,0.,-0.0175773098992335));
#1334=CARTESIAN_POINT('',(0.0116426824689489,0.,-0.0183824314542563));
#1335=CARTESIAN_POINT('',(0.00956464646273988,-5.,-0.0167281329879925));
#1336=CARTESIAN_POINT('',(0.0105855815460419,-5.,-0.0175773098992335));
#1337=CARTESIAN_POINT('',(0.0116426824689489,-5.,-0.0183824314542563));
#1338=CARTESIAN_POINT('',(0.0127263100526792,0.,-0.0191501527766315));
#1339=CARTESIAN_POINT('',(0.0148935652201397,0.,-0.0206855954213819));
#1340=CARTESIAN_POINT('',(0.017162005550357,0.,-0.0220747964292615));
#1341=CARTESIAN_POINT('',(0.0127263100526792,-5.,-0.0191501527766315));
#1342=CARTESIAN_POINT('',(0.0148935652201397,-5.,-0.0206855954213819));
#1343=CARTESIAN_POINT('',(0.017162005550357,-5.,-0.0220747964292615));
#1344=CARTESIAN_POINT('',(0.0194837405073267,0.,-0.0233634252467712));
#1345=CARTESIAN_POINT('',(0.0206446079858115,0.,-0.024007739655526));
#1346=CARTESIAN_POINT('',(0.0218206848122013,0.,-0.0246251572737644));
#1347=CARTESIAN_POINT('',(0.0194837405073267,-5.,-0.0233634252467712));
#1348=CARTESIAN_POINT('',(0.0206446079858115,-5.,-0.024007739655526));
#1349=CARTESIAN_POINT('',(0.0218206848122013,-5.,-0.0246251572737644));
#1350=CARTESIAN_POINT('',(0.0230077651390343,0.,-0.0252203822901891));
#1351=CARTESIAN_POINT('',(0.0241948454658674,0.,-0.0258156073066138));
#1352=CARTESIAN_POINT('',(0.0253925122410322,0.,-0.0263892912430066));
#1353=CARTESIAN_POINT('',(0.0230077651390343,-5.,-0.0252203822901891));
#1354=CARTESIAN_POINT('',(0.0241948454658674,-5.,-0.0258156073066138));
#1355=CARTESIAN_POINT('',(0.0253925122410322,-5.,-0.0263892912430066));
#1356=CARTESIAN_POINT('',(0.0265995227086663,0.,-0.0269430225130131));
#1357=CARTESIAN_POINT('',(0.0290135436439344,0.,-0.0280504850530259));
#1358=CARTESIAN_POINT('',(0.0314611027667818,0.,-0.029083156561631));
#1359=CARTESIAN_POINT('',(0.0265995227086663,-5.,-0.0269430225130131));
#1360=CARTESIAN_POINT('',(0.0290135436439344,-5.,-0.0280504850530259));
#1361=CARTESIAN_POINT('',(0.0314611027667818,-5.,-0.029083156561631));
#1362=CARTESIAN_POINT('',(0.0339327362498442,0.,-0.0300551193591476));
#1363=CARTESIAN_POINT('',(0.0388760032159692,0.,-0.0319990449541808));
#1364=CARTESIAN_POINT('',(0.043908061980893,0.,-0.033711016585241));
#1365=CARTESIAN_POINT('',(0.0339327362498442,-5.,-0.0300551193591476));
#1366=CARTESIAN_POINT('',(0.0388760032159692,-5.,-0.0319990449541808));
#1367=CARTESIAN_POINT('',(0.043908061980893,-5.,-0.033711016585241));
#1368=CARTESIAN_POINT('',(0.0489861050413336,0.,-0.0352682823196279));
#1369=CARTESIAN_POINT('',(0.0540641481017741,0.,-0.0368255480540148));
#1370=CARTESIAN_POINT('',(0.0591893441073427,0.,-0.0382267167442036));
#1371=CARTESIAN_POINT('',(0.0489861050413336,-5.,-0.0352682823196279));
#1372=CARTESIAN_POINT('',(0.0540641481017741,-5.,-0.0368255480540148));
#1373=CARTESIAN_POINT('',(0.0591893441073427,-5.,-0.0382267167442036));
#1374=CARTESIAN_POINT('',(0.0643424686978131,0.,-0.0395137806135796));
#1375=CARTESIAN_POINT('',(0.0694955932882836,0.,-0.0408008444829555));
#1376=CARTESIAN_POINT('',(0.0746772763134485,0.,-0.0419729544617763));
#1377=CARTESIAN_POINT('',(0.0643424686978131,-5.,-0.0395137806135796));
#1378=CARTESIAN_POINT('',(0.0694955932882836,-5.,-0.0408008444829555));
#1379=CARTESIAN_POINT('',(0.0746772763134485,-5.,-0.0419729544617763));
#1380=CARTESIAN_POINT('',(0.0798768031805663,0.,-0.0430570801191723));
#1381=CARTESIAN_POINT('',(0.0850763300476843,0.,-0.0441412057765683));
#1382=CARTESIAN_POINT('',(0.0902949072951822,0.,-0.0451344742134189));
#1383=CARTESIAN_POINT('',(0.0798768031805663,-5.,-0.0430570801191723));
#1384=CARTESIAN_POINT('',(0.0850763300476843,-5.,-0.0441412057765683));
#1385=CARTESIAN_POINT('',(0.0902949072951822,-5.,-0.0451344742134189));
#1386=CARTESIAN_POINT('',(0.095525688388317,0.,-0.0460565788241339));
#1387=CARTESIAN_POINT('',(0.100756469481452,0.,-0.046978683434849));
#1388=CARTESIAN_POINT('',(0.105999706440632,0.,-0.0478289777483268));
#1389=CARTESIAN_POINT('',(0.095525688388317,-5.,-0.0460565788241339));
#1390=CARTESIAN_POINT('',(0.100756469481452,-5.,-0.046978683434849));
#1391=CARTESIAN_POINT('',(0.105999706440632,-5.,-0.0478289777483268));
#1392=CARTESIAN_POINT('',(0.111252227070426,0.,-0.0486176894492743));
#1393=CARTESIAN_POINT('',(0.11650474770022,0.,-0.0494064011502219));
#1394=CARTESIAN_POINT('',(0.121766239084399,0.,-0.0501347840368557));
#1395=CARTESIAN_POINT('',(0.111252227070426,-5.,-0.0486176894492743));
#1396=CARTESIAN_POINT('',(0.11650474770022,-5.,-0.0494064011502219));
#1397=CARTESIAN_POINT('',(0.121766239084399,-5.,-0.0501347840368557));
#1398=CARTESIAN_POINT('',(0.127034740704039,0.,-0.0508095165042544));
#1399=CARTESIAN_POINT('',(0.13230324232368,0.,-0.0514842489716531));
#1400=CARTESIAN_POINT('',(0.137577844273561,0.,-0.0521088276822081));
#1401=CARTESIAN_POINT('',(0.127034740704039,-5.,-0.0508095165042544));
#1402=CARTESIAN_POINT('',(0.13230324232368,-5.,-0.0514842489716531));
#1403=CARTESIAN_POINT('',(0.137577844273561,-5.,-0.0521088276822081));
#1404=CARTESIAN_POINT('',(0.142857935298253,0.,-0.0526857037819262));
#1405=CARTESIAN_POINT('',(0.153418117347638,0.,-0.0538394559813625));
#1406=CARTESIAN_POINT('',(0.163996877317213,0.,-0.0548153718525815));
#1407=CARTESIAN_POINT('',(0.142857935298253,-5.,-0.0526857037819262));
#1408=CARTESIAN_POINT('',(0.153418117347638,-5.,-0.0538394559813625));
#1409=CARTESIAN_POINT('',(0.163996877317213,-5.,-0.0548153718525815));
#1410=CARTESIAN_POINT('',(0.17458758744113,0.,-0.0556427291772096));
#1411=CARTESIAN_POINT('',(0.195769007688964,0.,-0.0572974438264657));
#1412=CARTESIAN_POINT('',(0.21699240773686,0.,-0.0583818394212445));
#1413=CARTESIAN_POINT('',(0.17458758744113,-5.,-0.0556427291772096));
#1414=CARTESIAN_POINT('',(0.195769007688964,-5.,-0.0572974438264657));
#1415=CARTESIAN_POINT('',(0.21699240773686,-5.,-0.0583818394212445));
#1416=CARTESIAN_POINT('',(0.23822657605673,0.,-0.0590692761104207));
#1417=CARTESIAN_POINT('',(0.248843660216665,0.,-0.0594129944550088));
#1418=CARTESIAN_POINT('',(0.259464094391321,0.,-0.0596542841115704));
#1419=CARTESIAN_POINT('',(0.23822657605673,-5.,-0.0590692761104207));
#1420=CARTESIAN_POINT('',(0.248843660216665,-5.,-0.0594129944550088));
#1421=CARTESIAN_POINT('',(0.259464094391321,-5.,-0.0596542841115704));
#1422=CARTESIAN_POINT('',(0.270085817116337,0.,-0.0598072688899675));
#1423=CARTESIAN_POINT('',(0.280707539841353,0.,-0.0599602536683647));
#1424=CARTESIAN_POINT('',(0.291330321218373,0.,-0.0600271390959005));
#1425=CARTESIAN_POINT('',(0.270085817116337,-5.,-0.0598072688899675));
#1426=CARTESIAN_POINT('',(0.280707539841353,-5.,-0.0599602536683647));
#1427=CARTESIAN_POINT('',(0.291330321218373,-5.,-0.0600271390959005));
#1428=CARTESIAN_POINT('',(0.301953175672892,0.,-0.0600160108937019));
#1429=CARTESIAN_POINT('',(0.307264602900151,0.,-0.0600104467926027));
#1430=CARTESIAN_POINT('',(0.312575830253858,0.,-0.0599874743466363));
#1431=CARTESIAN_POINT('',(0.301953175672892,-5.,-0.0600160108937019));
#1432=CARTESIAN_POINT('',(0.307264602900151,-5.,-0.0600104467926027));
#1433=CARTESIAN_POINT('',(0.312575830253858,-5.,-0.0599874743466363));
#1434=CARTESIAN_POINT('',(0.317887043374783,0.,-0.0599452144996641));
#1435=CARTESIAN_POINT('',(0.323198256495708,0.,-0.0599029546526919));
#1436=CARTESIAN_POINT('',(0.328509418881005,0.,-0.0598418409559037));
#1437=CARTESIAN_POINT('',(0.317887043374783,-5.,-0.0599452144996641));
#1438=CARTESIAN_POINT('',(0.323198256495708,-5.,-0.0599029546526919));
#1439=CARTESIAN_POINT('',(0.328509418881005,-5.,-0.0598418409559037));
#1440=CARTESIAN_POINT('',(0.333820219399831,0.,-0.0597651600703042));
#1441=CARTESIAN_POINT('',(0.344441820437484,0.,-0.0596117982991051));
#1442=CARTESIAN_POINT('',(0.3550625437084,0.,-0.0593893685698899));
#1443=CARTESIAN_POINT('',(0.333820219399831,-5.,-0.0597651600703042));
#1444=CARTESIAN_POINT('',(0.344441820437484,-5.,-0.0596117982991051));
#1445=CARTESIAN_POINT('',(0.3550625437084,-5.,-0.0593893685698899));
#1446=CARTESIAN_POINT('',(0.365681472612714,0.,-0.059109984255857));
#1447=CARTESIAN_POINT('',(0.376300401517028,0.,-0.0588305999418241));
#1448=CARTESIAN_POINT('',(0.386917942616772,0.,-0.0584887018942662));
#1449=CARTESIAN_POINT('',(0.365681472612714,-5.,-0.059109984255857));
#1450=CARTESIAN_POINT('',(0.376300401517028,-5.,-0.0588305999418241));
#1451=CARTESIAN_POINT('',(0.386917942616772,-5.,-0.0584887018942662));
#1452=CARTESIAN_POINT('',(0.397533354616514,0.,-0.0580952768149988));
#1453=CARTESIAN_POINT('',(0.408148766616255,0.,-0.0577018517357314));
#1454=CARTESIAN_POINT('',(0.418762235733911,0.,-0.0572547105704471));
#1455=CARTESIAN_POINT('',(0.397533354616514,-5.,-0.0580952768149988));
#1456=CARTESIAN_POINT('',(0.408148766616255,-5.,-0.0577018517357314));
#1457=CARTESIAN_POINT('',(0.418762235733911,-5.,-0.0572547105704471));
#1458=CARTESIAN_POINT('',(0.42937343645861,0.,-0.056759687567897));
#1459=CARTESIAN_POINT('',(0.45059583790801,0.,-0.0557696415627968));
#1460=CARTESIAN_POINT('',(0.471809188809185,0.,-0.0545905747724602));
#1461=CARTESIAN_POINT('',(0.42937343645861,-5.,-0.056759687567897));
#1462=CARTESIAN_POINT('',(0.45059583790801,-5.,-0.0557696415627968));
#1463=CARTESIAN_POINT('',(0.471809188809185,-5.,-0.0545905747724602));
#1464=CARTESIAN_POINT('',(0.493012606198891,0.,-0.0532538388642189));
#1465=CARTESIAN_POINT('',(0.514216023588597,0.,-0.0519171029559777));
#1466=CARTESIAN_POINT('',(0.535409521458769,0.,-0.0504272413472754));
#1467=CARTESIAN_POINT('',(0.493012606198891,-5.,-0.0532538388642189));
#1468=CARTESIAN_POINT('',(0.514216023588597,-5.,-0.0519171029559777));
#1469=CARTESIAN_POINT('',(0.535409521458769,-5.,-0.0504272413472754));
#1470=CARTESIAN_POINT('',(0.556593014182548,0.,-0.048805422349909));
#1471=CARTESIAN_POINT('',(0.577776506906328,0.,-0.0471836033525425));
#1472=CARTESIAN_POINT('',(0.598950025287297,0.,-0.0454338878832586));
#1473=CARTESIAN_POINT('',(0.556593014182548,-5.,-0.048805422349909));
#1474=CARTESIAN_POINT('',(0.577776506906328,-5.,-0.0471836033525425));
#1475=CARTESIAN_POINT('',(0.598950025287297,-5.,-0.0454338878832586));
#1476=CARTESIAN_POINT('',(0.620113765285813,0.,-0.0435725348469768));
#1477=CARTESIAN_POINT('',(0.641277505284328,0.,-0.041711181810695));
#1478=CARTESIAN_POINT('',(0.662431490759936,0.,-0.0397395247324994));
#1479=CARTESIAN_POINT('',(0.620113765285813,-5.,-0.0435725348469768));
#1480=CARTESIAN_POINT('',(0.641277505284328,-5.,-0.041711181810695));
#1481=CARTESIAN_POINT('',(0.662431490759936,-5.,-0.0397395247324994));
#1482=CARTESIAN_POINT('',(0.683575955368599,0.,-0.037671288805332));
#1483=CARTESIAN_POINT('',(0.704720419977261,0.,-0.0356030528781646));
#1484=CARTESIAN_POINT('',(0.725855352360557,0.,-0.0334369715074658));
#1485=CARTESIAN_POINT('',(0.683575955368599,-5.,-0.037671288805332));
#1486=CARTESIAN_POINT('',(0.704720419977261,-5.,-0.0356030528781646));
#1487=CARTESIAN_POINT('',(0.725855352360557,-5.,-0.0334369715074658));
#1488=CARTESIAN_POINT('',(0.746980822617204,0.,-0.0311825661908138));
#1489=CARTESIAN_POINT('',(0.789231763130498,0.,-0.0266737555575099));
#1490=CARTESIAN_POINT('',(0.83144525009389,0.,-0.0218151963406354));
#1491=CARTESIAN_POINT('',(0.746980822617204,-5.,-0.0311825661908138));
#1492=CARTESIAN_POINT('',(0.789231763130498,-5.,-0.0266737555575099));
#1493=CARTESIAN_POINT('',(0.83144525009389,-5.,-0.0218151963406354));
#1494=CARTESIAN_POINT('',(0.873617619752732,0.,-0.0166228697062895));
#1495=CARTESIAN_POINT('',(0.915789989411575,0.,-0.0114305430719435));
#1496=CARTESIAN_POINT('',(0.957921384336013,0.,-0.0059040469217501));
#1497=CARTESIAN_POINT('',(1.,0.,0.));
#1498=CARTESIAN_POINT('',(0.873617619752732,-5.,-0.0166228697062895));
#1499=CARTESIAN_POINT('',(0.915789989411575,-5.,-0.0114305430719435));
#1500=CARTESIAN_POINT('',(0.957921384336013,-5.,-0.0059040469217501));
#1501=CARTESIAN_POINT('',(1.,-5.,0.));
#1502=B_SPLINE_SURFACE_WITH_KNOTS('Surf_PNFREOBMLG, WingGeom, 1',1,3,((#1503, #1504, #1505, #1509, #1510, #1511, #1515, #1516, #1517, #1521, #1522, #1523, #1527, #1528, #1529, #1533, #1534, #1535, #1539, #1540, #1541, #1545, #1546, #1547, #1551, #1552, #1553, #1557, #1558, #1559, #1563, #1564, #1565, #1569, #1570, #1571, #1575, #1576, #1577, #1581, #1582, #1583, #1587, #1588, #1589, #1593, #1594, #1595, #1599, #1600, #1601, #1605, #1606, #1607, #1611, #1612, #1613, #1617, #1618, #1619, #1623, #1624, #1625, #1629, #1630, #1631, #1635, #1636, #1637, #1641, #1642, #1643, #1647, #1648, #1649, #1653, #1654, #1655, #1659, #1660, #1661, #1665, #1666, #1667, #1671, #1672, #1673, #1677, #1678, #1679, #1683, #1684, #1685, #1689, #1690, #1691, #1695, #1696, #1697, #1701, #1702, #1703, #1704),(#1506, #1507, #1508, #1512, #1513, #1514, #1518, #1519, #1520, #1524, #1525, #1526, #1530, #1531, #1532, #1536, #1537, #1538, #1542, #1543, #1544, #1548, #1549, #1550, #1554, #1555, #1556, #1560, #1561, #1562, #1566, #1567, #1568, #1572, #1573, #1574, #1578, #1579, #1580, #1584, #1585, #1586, #1590, #1591, #1592, #1596, #1597, #1598, #1602, #1603, #1604, #1608, #1609, #1610, #1614, #1615, #1616, #1620, #1621, #1622, #1626, #1627, #1628, #1632, #1633, #1634, #1638, #1639, #1640, #1644, #1645, #1646, #1650, #1651, #1652, #1656, #1657, #1658, #1662, #1663, #1664, #1668, #1669, #1670, #1674, #1675, #1676, #1680, #1681, #1682, #1686, #1687, #1688, #1692, #1693, #1694, #1698, #1699, #1700, #1705, #1706, #1707, #1708)),.UNSPECIFIED.,.F.,.F.,.F.,(2,2),(4,3,3,3,3,3,3,3,3,3,3,3,3,3,3,3,3,3,3,3,3,3,3,3,3,3,3,3,3,3,3,3,3,3,4),(0.,2.),(0.,1.,2.,3.,4.,5.,6.,7.,8.,9.,10.,11.,12.,13.,14.,15.,16.,17.,18.,19.,20.,21.,22.,23.,24.,25.,26.,27.,28.,29.,30.,31.,32.,33.,35.),.PIECEWISE_BEZIER_KNOTS.);
#1503=CARTESIAN_POINT('',(1.,0.,0.));
#1504=CARTESIAN_POINT('',(0.957921384335995,0.,0.00590404692175133));
#1505=CARTESIAN_POINT('',(0.915789989411575,0.,0.0114305430719435));
#1506=CARTESIAN_POINT('',(1.,-5.,0.));
#1507=CARTESIAN_POINT('',(0.957921384335995,-5.,0.00590404692175133));
#1508=CARTESIAN_POINT('',(0.915789989411575,-5.,0.0114305430719435));
#1509=CARTESIAN_POINT('',(0.873617619752732,0.,0.0166228697062895));
#1510=CARTESIAN_POINT('',(0.83144525009389,0.,0.0218151963406354));
#1511=CARTESIAN_POINT('',(0.789231763130498,0.,0.0266737555575098));
#1512=CARTESIAN_POINT('',(0.873617619752732,-5.,0.0166228697062895));
#1513=CARTESIAN_POINT('',(0.83144525009389,-5.,0.0218151963406354));
#1514=CARTESIAN_POINT('',(0.789231763130498,-5.,0.0266737555575098));
#1515=CARTESIAN_POINT('',(0.746980822617204,0.,0.0311825661908138));
#1516=CARTESIAN_POINT('',(0.725855352360557,0.,0.0334369715074658));
#1517=CARTESIAN_POINT('',(0.704720419977262,0.,0.0356030528781645));
#1518=CARTESIAN_POINT('',(0.746980822617204,-5.,0.0311825661908138));
#1519=CARTESIAN_POINT('',(0.725855352360557,-5.,0.0334369715074658));
#1520=CARTESIAN_POINT('',(0.704720419977262,-5.,0.0356030528781645));
#1521=CARTESIAN_POINT('',(0.683575955368599,0.,0.0376712888053319));
#1522=CARTESIAN_POINT('',(0.662431490759937,0.,0.0397395247324993));
#1523=CARTESIAN_POINT('',(0.641277505284328,0.,0.0417111818106949));
#1524=CARTESIAN_POINT('',(0.683575955368599,-5.,0.0376712888053319));
#1525=CARTESIAN_POINT('',(0.662431490759937,-5.,0.0397395247324993));
#1526=CARTESIAN_POINT('',(0.641277505284328,-5.,0.0417111818106949));
#1527=CARTESIAN_POINT('',(0.620113765285813,0.,0.0435725348469767));
#1528=CARTESIAN_POINT('',(0.598950025287298,0.,0.0454338878832585));
#1529=CARTESIAN_POINT('',(0.577776506906329,0.,0.0471836033525424));
#1530=CARTESIAN_POINT('',(0.620113765285813,-5.,0.0435725348469767));
#1531=CARTESIAN_POINT('',(0.598950025287298,-5.,0.0454338878832585));
#1532=CARTESIAN_POINT('',(0.577776506906329,-5.,0.0471836033525424));
#1533=CARTESIAN_POINT('',(0.556593014182549,0.,0.0488054223499089));
#1534=CARTESIAN_POINT('',(0.53540952145877,0.,0.0504272413472754));
#1535=CARTESIAN_POINT('',(0.514216023588597,0.,0.0519171029559776));
#1536=CARTESIAN_POINT('',(0.556593014182549,-5.,0.0488054223499089));
#1537=CARTESIAN_POINT('',(0.53540952145877,-5.,0.0504272413472754));
#1538=CARTESIAN_POINT('',(0.514216023588597,-5.,0.0519171029559776));
#1539=CARTESIAN_POINT('',(0.493012606198892,0.,0.0532538388642189));
#1540=CARTESIAN_POINT('',(0.471809188809186,0.,0.0545905747724601));
#1541=CARTESIAN_POINT('',(0.450595837908011,0.,0.0557696415627967));
#1542=CARTESIAN_POINT('',(0.493012606198892,-5.,0.0532538388642189));
#1543=CARTESIAN_POINT('',(0.471809188809186,-5.,0.0545905747724601));
#1544=CARTESIAN_POINT('',(0.450595837908011,-5.,0.0557696415627967));
#1545=CARTESIAN_POINT('',(0.429373436458611,0.,0.056759687567897));
#1546=CARTESIAN_POINT('',(0.418762235733912,0.,0.0572547105704471));
#1547=CARTESIAN_POINT('',(0.408148766616256,0.,0.0577018517357313));
#1548=CARTESIAN_POINT('',(0.429373436458611,-5.,0.056759687567897));
#1549=CARTESIAN_POINT('',(0.418762235733912,-5.,0.0572547105704471));
#1550=CARTESIAN_POINT('',(0.408148766616256,-5.,0.0577018517357313));
#1551=CARTESIAN_POINT('',(0.397533354616515,0.,0.0580952768149987));
#1552=CARTESIAN_POINT('',(0.386917942616773,0.,0.0584887018942661));
#1553=CARTESIAN_POINT('',(0.376300401517029,0.,0.0588305999418241));
#1554=CARTESIAN_POINT('',(0.397533354616515,-5.,0.0580952768149987));
#1555=CARTESIAN_POINT('',(0.386917942616773,-5.,0.0584887018942661));
#1556=CARTESIAN_POINT('',(0.376300401517029,-5.,0.0588305999418241));
#1557=CARTESIAN_POINT('',(0.365681472612715,0.,0.059109984255857));
#1558=CARTESIAN_POINT('',(0.355062543708401,0.,0.0593893685698899));
#1559=CARTESIAN_POINT('',(0.344441820437485,0.,0.0596117982991051));
#1560=CARTESIAN_POINT('',(0.365681472612715,-5.,0.059109984255857));
#1561=CARTESIAN_POINT('',(0.355062543708401,-5.,0.0593893685698899));
#1562=CARTESIAN_POINT('',(0.344441820437485,-5.,0.0596117982991051));
#1563=CARTESIAN_POINT('',(0.333820219399832,0.,0.0597651600703042));
#1564=CARTESIAN_POINT('',(0.328509418881006,0.,0.0598418409559038));
#1565=CARTESIAN_POINT('',(0.323198256495709,0.,0.0599029546526919));
#1566=CARTESIAN_POINT('',(0.333820219399832,-5.,0.0597651600703042));
#1567=CARTESIAN_POINT('',(0.328509418881006,-5.,0.0598418409559038));
#1568=CARTESIAN_POINT('',(0.323198256495709,-5.,0.0599029546526919));
#1569=CARTESIAN_POINT('',(0.317887043374784,0.,0.0599452144996641));
#1570=CARTESIAN_POINT('',(0.312575830253859,0.,0.0599874743466363));
#1571=CARTESIAN_POINT('',(0.307264602900152,0.,0.0600104467926027));
#1572=CARTESIAN_POINT('',(0.317887043374784,-5.,0.0599452144996641));
#1573=CARTESIAN_POINT('',(0.312575830253859,-5.,0.0599874743466363));
#1574=CARTESIAN_POINT('',(0.307264602900152,-5.,0.0600104467926027));
#1575=CARTESIAN_POINT('',(0.301953175672893,0.,0.0600160108937019));
#1576=CARTESIAN_POINT('',(0.291330321218374,0.,0.0600271390959005));
#1577=CARTESIAN_POINT('',(0.280707539841354,0.,0.0599602536683647));
#1578=CARTESIAN_POINT('',(0.301953175672893,-5.,0.0600160108937019));
#1579=CARTESIAN_POINT('',(0.291330321218374,-5.,0.0600271390959005));
#1580=CARTESIAN_POINT('',(0.280707539841354,-5.,0.0599602536683647));
#1581=CARTESIAN_POINT('',(0.270085817116338,0.,0.0598072688899675));
#1582=CARTESIAN_POINT('',(0.259464094391322,0.,0.0596542841115704));
#1583=CARTESIAN_POINT('',(0.248843660216666,0.,0.0594129944550088));
#1584=CARTESIAN_POINT('',(0.270085817116338,-5.,0.0598072688899675));
#1585=CARTESIAN_POINT('',(0.259464094391322,-5.,0.0596542841115704));
#1586=CARTESIAN_POINT('',(0.248843660216666,-5.,0.0594129944550088));
#1587=CARTESIAN_POINT('',(0.238226576056731,0.,0.0590692761104207));
#1588=CARTESIAN_POINT('',(0.216992407736861,0.,0.0583818394212445));
#1589=CARTESIAN_POINT('',(0.195769007688964,0.,0.0572974438264657));
#1590=CARTESIAN_POINT('',(0.238226576056731,-5.,0.0590692761104207));
#1591=CARTESIAN_POINT('',(0.216992407736861,-5.,0.0583818394212445));
#1592=CARTESIAN_POINT('',(0.195769007688964,-5.,0.0572974438264657));
#1593=CARTESIAN_POINT('',(0.174587587441131,0.,0.0556427291772096));
#1594=CARTESIAN_POINT('',(0.163996877317215,0.,0.0548153718525816));
#1595=CARTESIAN_POINT('',(0.153418117347638,0.,0.0538394559813626));
#1596=CARTESIAN_POINT('',(0.174587587441131,-5.,0.0556427291772096));
#1597=CARTESIAN_POINT('',(0.163996877317215,-5.,0.0548153718525816));
#1598=CARTESIAN_POINT('',(0.153418117347638,-5.,0.0538394559813626));
#1599=CARTESIAN_POINT('',(0.142857935298254,0.,0.0526857037819263));
#1600=CARTESIAN_POINT('',(0.137577844273561,0.,0.0521088276822082));
#1601=CARTESIAN_POINT('',(0.132303242323681,0.,0.0514842489716532));
#1602=CARTESIAN_POINT('',(0.142857935298254,-5.,0.0526857037819263));
#1603=CARTESIAN_POINT('',(0.137577844273561,-5.,0.0521088276822082));
#1604=CARTESIAN_POINT('',(0.132303242323681,-5.,0.0514842489716532));
#1605=CARTESIAN_POINT('',(0.12703474070404,0.,0.0508095165042545));
#1606=CARTESIAN_POINT('',(0.121766239084399,0.,0.0501347840368558));
#1607=CARTESIAN_POINT('',(0.116504747700221,0.,0.049406401150222));
#1608=CARTESIAN_POINT('',(0.12703474070404,-5.,0.0508095165042545));
#1609=CARTESIAN_POINT('',(0.121766239084399,-5.,0.0501347840368558));
#1610=CARTESIAN_POINT('',(0.116504747700221,-5.,0.049406401150222));
#1611=CARTESIAN_POINT('',(0.111252227070426,0.,0.0486176894492744));
#1612=CARTESIAN_POINT('',(0.105999706440632,0.,0.0478289777483268));
#1613=CARTESIAN_POINT('',(0.100756469481452,0.,0.0469786834348491));
#1614=CARTESIAN_POINT('',(0.111252227070426,-5.,0.0486176894492744));
#1615=CARTESIAN_POINT('',(0.105999706440632,-5.,0.0478289777483268));
#1616=CARTESIAN_POINT('',(0.100756469481452,-5.,0.0469786834348491));
#1617=CARTESIAN_POINT('',(0.0955256883883175,0.,0.0460565788241341));
#1618=CARTESIAN_POINT('',(0.0902949072951827,0.,0.045134474213419));
#1619=CARTESIAN_POINT('',(0.0850763300476848,0.,0.0441412057765684));
#1620=CARTESIAN_POINT('',(0.0955256883883175,-5.,0.0460565788241341));
#1621=CARTESIAN_POINT('',(0.0902949072951827,-5.,0.045134474213419));
#1622=CARTESIAN_POINT('',(0.0850763300476848,-5.,0.0441412057765684));
#1623=CARTESIAN_POINT('',(0.0798768031805668,0.,0.0430570801191724));
#1624=CARTESIAN_POINT('',(0.0746772763134487,0.,0.0419729544617764));
#1625=CARTESIAN_POINT('',(0.0694955932882844,0.,0.0408008444829557));
#1626=CARTESIAN_POINT('',(0.0798768031805668,-5.,0.0430570801191724));
#1627=CARTESIAN_POINT('',(0.0746772763134487,-5.,0.0419729544617764));
#1628=CARTESIAN_POINT('',(0.0694955932882844,-5.,0.0408008444829557));
#1629=CARTESIAN_POINT('',(0.0643424686978139,0.,0.0395137806135798));
#1630=CARTESIAN_POINT('',(0.0591893441073433,0.,0.0382267167442038));
#1631=CARTESIAN_POINT('',(0.0540641481017745,0.,0.0368255480540149));
#1632=CARTESIAN_POINT('',(0.0643424686978139,-5.,0.0395137806135798));
#1633=CARTESIAN_POINT('',(0.0591893441073433,-5.,0.0382267167442038));
#1634=CARTESIAN_POINT('',(0.0540641481017745,-5.,0.0368255480540149));
#1635=CARTESIAN_POINT('',(0.048986105041334,0.,0.035268282319628));
#1636=CARTESIAN_POINT('',(0.0439080619808936,0.,0.0337110165852412));
#1637=CARTESIAN_POINT('',(0.0388760032159694,0.,0.0319990449541809));
#1638=CARTESIAN_POINT('',(0.048986105041334,-5.,0.035268282319628));
#1639=CARTESIAN_POINT('',(0.0439080619808936,-5.,0.0337110165852412));
#1640=CARTESIAN_POINT('',(0.0388760032159694,-5.,0.0319990449541809));
#1641=CARTESIAN_POINT('',(0.0339327362498447,0.,0.0300551193591478));
#1642=CARTESIAN_POINT('',(0.0314611027667823,0.,0.0290831565616312));
#1643=CARTESIAN_POINT('',(0.0290135436439347,0.,0.0280504850530261));
#1644=CARTESIAN_POINT('',(0.0339327362498447,-5.,0.0300551193591478));
#1645=CARTESIAN_POINT('',(0.0314611027667823,-5.,0.0290831565616312));
#1646=CARTESIAN_POINT('',(0.0290135436439347,-5.,0.0280504850530261));
#1647=CARTESIAN_POINT('',(0.0265995227086667,0.,0.0269430225130133));
#1648=CARTESIAN_POINT('',(0.0253925122410327,0.,0.0263892912430069));
#1649=CARTESIAN_POINT('',(0.024194845465868,0.,0.0258156073066141));
#1650=CARTESIAN_POINT('',(0.0265995227086667,-5.,0.0269430225130133));
#1651=CARTESIAN_POINT('',(0.0253925122410327,-5.,0.0263892912430069));
#1652=CARTESIAN_POINT('',(0.024194845465868,-5.,0.0258156073066141));
#1653=CARTESIAN_POINT('',(0.023007765139035,0.,0.0252203822901894));
#1654=CARTESIAN_POINT('',(0.0218206848122019,0.,0.0246251572737647));
#1655=CARTESIAN_POINT('',(0.020644607985812,0.,0.0240077396555263));
#1656=CARTESIAN_POINT('',(0.023007765139035,-5.,0.0252203822901894));
#1657=CARTESIAN_POINT('',(0.0218206848122019,-5.,0.0246251572737647));
#1658=CARTESIAN_POINT('',(0.020644607985812,-5.,0.0240077396555263));
#1659=CARTESIAN_POINT('',(0.019483740507327,0.,0.0233634252467714));
#1660=CARTESIAN_POINT('',(0.0171620055503571,0.,0.0220747964292616));
#1661=CARTESIAN_POINT('',(0.0148935652201405,0.,0.0206855954213825));
#1662=CARTESIAN_POINT('',(0.019483740507327,-5.,0.0233634252467714));
#1663=CARTESIAN_POINT('',(0.0171620055503571,-5.,0.0220747964292616));
#1664=CARTESIAN_POINT('',(0.0148935652201405,-5.,0.0206855954213825));
#1665=CARTESIAN_POINT('',(0.0127263100526796,0.,0.0191501527766318));
#1666=CARTESIAN_POINT('',(0.0116426824689492,0.,0.0183824314542565));
#1667=CARTESIAN_POINT('',(0.010585581546042,0.,0.0175773098992336));
#1668=CARTESIAN_POINT('',(0.0127263100526796,-5.,0.0191501527766318));
#1669=CARTESIAN_POINT('',(0.0116426824689492,-5.,0.0183824314542565));
#1670=CARTESIAN_POINT('',(0.010585581546042,-5.,0.0175773098992336));
#1671=CARTESIAN_POINT('',(0.00956464646273996,0.,0.0167281329879926));
#1672=CARTESIAN_POINT('',(0.008543711379438,0.,0.0158789560767516));
#1673=CARTESIAN_POINT('',(0.00755983493811988,0.,0.0149849302945844));
#1674=CARTESIAN_POINT('',(0.00956464646273996,-5.,0.0167281329879926));
#1675=CARTESIAN_POINT('',(0.008543711379438,-5.,0.0158789560767516));
#1676=CARTESIAN_POINT('',(0.00755983493811988,-5.,0.0149849302945844));
#1677=CARTESIAN_POINT('',(0.00662857727282447,0.,0.0140381163498386));
#1678=CARTESIAN_POINT('',(0.00569731960752907,0.,0.0130913024050928));
#1679=CARTESIAN_POINT('',(0.00481999370845771,0.,0.012090744326884));
#1680=CARTESIAN_POINT('',(0.00662857727282447,-5.,0.0140381163498386));
#1681=CARTESIAN_POINT('',(0.00569731960752907,-5.,0.0130913024050928));
#1682=CARTESIAN_POINT('',(0.00481999370845771,-5.,0.012090744326884));
#1683=CARTESIAN_POINT('',(0.00402208661600613,0.,0.0110292990966074));
#1684=CARTESIAN_POINT('',(0.00322417952355455,0.,0.00996785386633093));
#1685=CARTESIAN_POINT('',(0.00250563043711913,0.,0.00884469912603293));
#1686=CARTESIAN_POINT('',(0.00402208661600613,-5.,0.0110292990966074));
#1687=CARTESIAN_POINT('',(0.00322417952355455,-5.,0.00996785386633093));
#1688=CARTESIAN_POINT('',(0.00250563043711913,-5.,0.00884469912603293));
#1689=CARTESIAN_POINT('',(0.00190503115146972,0.,0.00766064775282672));
#1690=CARTESIAN_POINT('',(0.00130443186582031,0.,0.00647659637962051));
#1691=CARTESIAN_POINT('',(0.000821447649379886,0.,0.00523053673714889));
#1692=CARTESIAN_POINT('',(0.00190503115146972,-5.,0.00766064775282672));
#1693=CARTESIAN_POINT('',(0.00130443186582031,-5.,0.00647659637962051));
#1694=CARTESIAN_POINT('',(0.000821447649379886,-5.,0.00523053673714889));
#1695=CARTESIAN_POINT('',(0.000495099797995944,0.,0.00394348744840549));
#1696=CARTESIAN_POINT('',(0.000331925872303955,0.,0.00329996280403372));
#1697=CARTESIAN_POINT('',(0.000207469312536046,0.,0.00264616120990875));
#1698=CARTESIAN_POINT('',(0.000495099797995944,-5.,0.00394348744840549));
#1699=CARTESIAN_POINT('',(0.000331925872303955,-5.,0.00329996280403372));
#1700=CARTESIAN_POINT('',(0.000207469312536046,-5.,0.00264616120990875));
#1701=CARTESIAN_POINT('',(0.000124514737411883,0.,0.00198751805255616));
#1702=CARTESIAN_POINT('',(4.156016228773E-05,0.,0.00132887489520364));
#1703=CARTESIAN_POINT('',(-2.35813972515606E-18,0.,0.000662811483619399));
#1704=CARTESIAN_POINT('',(0.,0.,0.));
#1705=CARTESIAN_POINT('',(0.000124514737411883,-5.,0.00198751805255616));
#1706=CARTESIAN_POINT('',(4.156016228773E-05,-5.,0.00132887489520364));
#1707=CARTESIAN_POINT('',(-2.35813972515606E-18,-5.,0.000662811483619399));
#1708=CARTESIAN_POINT('',(0.,-5.,0.));
#1709=B_SPLINE_SURFACE_WITH_KNOTS('Surf_PNFREOBMLG, WingGeom, 1',3,3,((#1710, #1711, #1712, #1722, #1723, #1724, #1734, #1735, #1736, #1746, #1747, #1748, #1758, #1759, #1760, #1770, #1771, #1772, #1782, #1783, #1784, #1794, #1795, #1796, #1806, #1807, #1808, #1818, #1819, #1820, #1830, #1831, #1832, #1842, #1843, #1844, #1854, #1855, #1856, #1866, #1867, #1868, #1878, #1879, #1880, #1890, #1891, #1892, #1902, #1903, #1904, #1914, #1915, #1916, #1926, #1927, #1928, #1938, #1939, #1940, #1950, #1951, #1952, #1962, #1963, #1964, #1974, #1975, #1976, #1986, #1987, #1988, #1998, #1999, #2000, #2010, #2011, #2012, #2022, #2023, #2024, #2034, #2035, #2036, #2046, #2047, #2048, #2058, #2059, #2060, #2070, #2071, #2072, #2082, #2083, #2084, #2094, #2095, #2096, #2106, #2107, #2108, #2109),(#1713, #1714, #1715, #1725, #1726, #1727, #1737, #1738, #1739, #1749, #1750, #1751, #1761, #1762, #1763, #1773, #1774, #1775, #1785, #1786, #1787, #1797, #1798, #1799, #1809, #1810, #1811, #1821, #1822, #1823, #1833, #1834, #1835, #1845, #1846, #1847, #1857, #1858, #1859, #1869, #1870, #1871, #1881, #1882, #1883, #1893, #1894, #1895, #1905, #1906, #1907, #1917, #1918, #1919, #1929, #1930, #1931, #1941, #1942, #1943, #1953, #1954, #1955, #1965, #1966, #1967, #1977, #1978, #1979, #1989, #1990, #1991, #2001, #2002, #2003, #2013, #2014, #2015, #2025, #2026, #2027, #2037, #2038, #2039, #2049, #2050, #2051, #2061, #2062, #2063, #2073, #2074, #2075, #2085, #2086, #2087, #2097, #2098, #2099, #2110, #2111, #2112, #2113),(#1716, #1717, #1718, #1728, #1729, #1730, #1740, #1741, #1742, #1752, #1753, #1754, #1764, #1765, #1766, #1776, #1777, #1778, #1788, #1789, #1790, #1800, #1801, #1802, #1812, #1813, #1814, #1824, #1825, #1826, #1836, #1837, #1838, #1848, #1849, #1850, #1860, #1861, #1862, #1872, #1873, #1874, #1884, #1885, #1886, #1896, #1897, #1898, #1908, #1909, #1910, #1920, #1921, #1922, #1932, #1933, #1934, #1944, #1945, #1946, #1956, #1957, #1958, #1968, #1969, #1970, #1980, #1981, #1982, #1992, #1993, #1994, #2004, #2005, #2006, #2016, #2017, #2018, #2028, #2029, #2030, #2040, #2041, #2042, #2052, #2053, #2054, #2064, #2065, #2066, #2076, #2077, #2078, #2088, #2089, #2090, #2100, #2101, #2102, #2114, #2115, #2116, #2117),(#1719, #1720, #1721, #1731, #1732, #1733, #1743, #1744, #1745, #1755, #1756, #1757, #1767, #1768, #1769, #1779, #1780, #1781, #1791, #1792, #1793, #1803, #1804, #1805, #1815, #1816, #1817, #1827, #1828, #1829, #1839, #1840, #1841, #1851, #1852, #1853, #1863, #1864, #1865, #1875, #1876, #1877, #1887, #1888, #1889, #1899, #1900, #1901, #1911, #1912, #1913, #1923, #1924, #1925, #1935, #1936, #1937, #1947, #1948, #1949, #1959, #1960, #1961, #1971, #1972, #1973, #1983, #1984, #1985, #1995, #1996, #1997, #2007, #2008, #2009, #2019, #2020, #2021, #2031, #2032, #2033, #2043, #2044, #2045, #2055, #2056, #2057, #2067, #2068, #2069, #2079, #2080, #2081, #2091, #2092, #2093, #2103, #2104, #2105, #2118, #2119, #2120, #2121)),.UNSPECIFIED.,.F.,.F.,.F.,(4,4),(4,3,3,3,3,3,3,3,3,3,3,3,3,3,3,3,3,3,3,3,3,3,3,3,3,3,3,3,3,3,3,3,3,3,4),(0.,2.),(0.,1.,2.,3.,4.,5.,6.,7.,8.,9.,10.,11.,12.,13.,14.,15.,16.,17.,18.,19.,20.,21.,22.,23.,24.,25.,26.,27.,28.,29.,30.,31.,32.,33.,35.),.PIECEWISE_BEZIER_KNOTS.);
#1710=CARTESIAN_POINT('',(0.,-5.,0.));
#1711=CARTESIAN_POINT('',(2.35813972515606E-18,-5.,-0.000662811483619399));
#1712=CARTESIAN_POINT('',(4.15601622877352E-05,-5.,-0.0013288748952037));
#1713=CARTESIAN_POINT('',(0.,-5.,0.));
#1714=CARTESIAN_POINT('',(2.35813972515606E-18,-5.00036581561622,-0.000662811483619399));
#1715=CARTESIAN_POINT('',(4.15601622877352E-05,-5.00073342602033,-0.0013288748952037));
#1716=CARTESIAN_POINT('',(0.,-5.,0.));
#1717=CARTESIAN_POINT('',(1.30149274416863E-18,-5.00066281148362,-0.000365815616216381));
#1718=CARTESIAN_POINT('',(4.1560162287734E-05,-5.0013288748952,-0.000733426020335176));
#1719=CARTESIAN_POINT('',(0.,-5.,0.));
#1720=CARTESIAN_POINT('',(3.85185988877447E-34,-5.00066281148362,0.));
#1721=CARTESIAN_POINT('',(4.15601622877326E-05,-5.0013288748952,-2.99239799605999E-17));
#1722=CARTESIAN_POINT('',(0.000124514737411899,-5.,-0.0019875180525563));
#1723=CARTESIAN_POINT('',(0.000207469312536068,-5.,-0.00264616120990893));
#1724=CARTESIAN_POINT('',(0.000331925872303998,-5.,-0.00329996280403393));
#1725=CARTESIAN_POINT('',(0.000124514737411899,-5.00109694107466,-0.0019875180525563));
#1726=CARTESIAN_POINT('',(0.000207469312536068,-5.00146045612898,-0.00264616120990893));
#1727=CARTESIAN_POINT('',(0.000331925872303998,-5.00182129905182,-0.00329996280403393));
#1728=CARTESIAN_POINT('',(0.000124514737411896,-5.00198751805256,-0.00109694107465793));
#1729=CARTESIAN_POINT('',(0.000207469312536063,-5.00264616120991,-0.0014604561289807));
#1730=CARTESIAN_POINT('',(0.000331925872303988,-5.00329996280403,-0.00182129905181611));
#1731=CARTESIAN_POINT('',(0.000124514737411891,-5.00198751805256,-6.80878964320897E-17));
#1732=CARTESIAN_POINT('',(0.000207469312536057,-5.00264616120991,-8.71698546678346E-17));
#1733=CARTESIAN_POINT('',(0.000331925872303976,-5.00329996280403,-1.047339298621E-16));
#1734=CARTESIAN_POINT('',(0.000495099797995972,-5.,-0.00394348744840561));
#1735=CARTESIAN_POINT('',(0.000821447649379913,-5.,-0.00523053673714892));
#1736=CARTESIAN_POINT('',(0.00130443186582023,-5.,-0.00647659637962028));
#1737=CARTESIAN_POINT('',(0.000495099797995972,-5.00217646997168,-0.00394348744840561));
#1738=CARTESIAN_POINT('',(0.000821447649379913,-5.0028868118114,-0.00523053673714892));
#1739=CARTESIAN_POINT('',(0.00130443186582023,-5.00357453084949,-0.00647659637962028));
#1740=CARTESIAN_POINT('',(0.000495099797995966,-5.00394348744841,-0.00217646997167666));
#1741=CARTESIAN_POINT('',(0.000821447649379907,-5.00523053673715,-0.00288681181139776));
#1742=CARTESIAN_POINT('',(0.00130443186582025,-5.00647659637962,-0.00357453084949266));
#1743=CARTESIAN_POINT('',(0.000495099797995958,-5.00394348744841,-5.63785129692462E-17));
#1744=CARTESIAN_POINT('',(0.000821447649379899,-5.00523053673715,-1.47451495458029E-17));
#1745=CARTESIAN_POINT('',(0.00130443186582027,-5.00647659637962,1.14491749414469E-16));
#1746=CARTESIAN_POINT('',(0.00190503115146952,-5.,-0.00766064775282632));
#1747=CARTESIAN_POINT('',(0.00250563043711878,-5.,-0.00884469912603232));
#1748=CARTESIAN_POINT('',(0.00322417952355421,-5.,-0.00996785386633045));
#1749=CARTESIAN_POINT('',(0.00190503115146952,-5.00422802659214,-0.00766064775282632));
#1750=CARTESIAN_POINT('',(0.00250563043711878,-5.00488152233478,-0.00884469912603232));
#1751=CARTESIAN_POINT('',(0.00322417952355421,-5.00550140831078,-0.00996785386633045));
#1752=CARTESIAN_POINT('',(0.00190503115146956,-5.00766064775283,-0.0042280265921372));
#1753=CARTESIAN_POINT('',(0.00250563043711886,-5.00884469912603,-0.00488152233478172));
#1754=CARTESIAN_POINT('',(0.00322417952355428,-5.00996785386633,-0.0055014083107834));
#1755=CARTESIAN_POINT('',(0.00190503115146962,-5.00766064775283,2.01661604082304E-16));
#1756=CARTESIAN_POINT('',(0.00250563043711896,-5.00884469912603,3.05311331771918E-16));
#1757=CARTESIAN_POINT('',(0.00322417952355438,-5.00996785386633,2.36789754470834E-16));
#1758=CARTESIAN_POINT('',(0.00402208661600602,-5.,-0.0110292990966073));
#1759=CARTESIAN_POINT('',(0.00481999370845785,-5.,-0.0120907443268842));
#1760=CARTESIAN_POINT('',(0.00569731960752906,-5.,-0.0130913024050928));
#1761=CARTESIAN_POINT('',(0.00402208661600602,-5.00608723588105,-0.0110292990966073));
#1762=CARTESIAN_POINT('',(0.00481999370845785,-5.00667306345132,-0.0120907443268842));
#1763=CARTESIAN_POINT('',(0.00569731960752906,-5.00722528648756,-0.0130913024050928));
#1764=CARTESIAN_POINT('',(0.00402208661600604,-5.01102929909661,-0.00608723588105024));
#1765=CARTESIAN_POINT('',(0.00481999370845782,-5.01209074432688,-0.00667306345131709));
#1766=CARTESIAN_POINT('',(0.00569731960752906,-5.01309130240509,-0.00722528648755874));
#1767=CARTESIAN_POINT('',(0.00402208661600607,-5.01102929909661,7.45931094670027E-17));
#1768=CARTESIAN_POINT('',(0.00481999370845778,-5.01209074432688,-1.0321604682062E-16));
#1769=CARTESIAN_POINT('',(0.00569731960752906,-5.01309130240509,1.38777878078145E-17));
#1770=CARTESIAN_POINT('',(0.00662857727282421,-5.,-0.0140381163498384));
#1771=CARTESIAN_POINT('',(0.00755983493811936,-5.,-0.0149849302945839));
#1772=CARTESIAN_POINT('',(0.00854371137943783,-5.,-0.0158789560767515));
#1773=CARTESIAN_POINT('',(0.00662857727282421,-5.00774784732906,-0.0140381163498384));
#1774=CARTESIAN_POINT('',(0.00755983493811936,-5.00827040817057,-0.0149849302945839));
#1775=CARTESIAN_POINT('',(0.00854371137943783,-5.00876383443203,-0.0158789560767515));
#1776=CARTESIAN_POINT('',(0.00662857727282427,-5.01403811634984,-0.00774784732906373));
#1777=CARTESIAN_POINT('',(0.00755983493811948,-5.01498493029458,-0.00827040817056871));
#1778=CARTESIAN_POINT('',(0.00854371137943787,-5.01587895607675,-0.00876383443203164));
#1779=CARTESIAN_POINT('',(0.00662857727282434,-5.01403811634984,1.33573707650214E-16));
#1780=CARTESIAN_POINT('',(0.00755983493811962,-5.01498493029458,2.53269627492614E-16));
#1781=CARTESIAN_POINT('',(0.00854371137943792,-5.01587895607675,7.45931094670027E-17));
#1782=CARTESIAN_POINT('',(0.00956464646273988,-5.,-0.0167281329879925));
#1783=CARTESIAN_POINT('',(0.0105855815460419,-5.,-0.0175773098992335));
#1784=CARTESIAN_POINT('',(0.0116426824689489,-5.,-0.0183824314542563));
#1785=CARTESIAN_POINT('',(0.00956464646273988,-5.0092325079278,-0.0167281329879925));
#1786=CARTESIAN_POINT('',(0.0105855815460419,-5.00970118142357,-0.0175773098992335));
#1787=CARTESIAN_POINT('',(0.0116426824689489,-5.01014554010633,-0.0183824314542563));
#1788=CARTESIAN_POINT('',(0.0095646464627399,-5.01672813298799,-0.00923250792779857));
#1789=CARTESIAN_POINT('',(0.0105855815460419,-5.01757730989923,-0.00970118142356547));
#1790=CARTESIAN_POINT('',(0.011642682468949,-5.01838243145426,-0.0101455401063261));
#1791=CARTESIAN_POINT('',(0.00956464646273992,-5.01672813298799,3.29597460435593E-17));
#1792=CARTESIAN_POINT('',(0.0105855815460419,-5.01757730989923,2.77555756156289E-17));
#1793=CARTESIAN_POINT('',(0.0116426824689491,-5.01838243145426,9.54097911787244E-17));
#1794=CARTESIAN_POINT('',(0.0127263100526792,-5.,-0.0191501527766315));
#1795=CARTESIAN_POINT('',(0.0148935652201397,-5.,-0.0206855954213819));
#1796=CARTESIAN_POINT('',(0.017162005550357,-5.,-0.0220747964292615));
#1797=CARTESIAN_POINT('',(0.0127263100526792,-5.01056925703877,-0.0191501527766315));
#1798=CARTESIAN_POINT('',(0.0148935652201397,-5.01141669090365,-0.0206855954213819));
#1799=CARTESIAN_POINT('',(0.017162005550357,-5.01218341181194,-0.0220747964292615));
#1800=CARTESIAN_POINT('',(0.0127263100526793,-5.01915015277663,-0.010569257038769));
#1801=CARTESIAN_POINT('',(0.0148935652201399,-5.02068559542138,-0.0114166909036547));
#1802=CARTESIAN_POINT('',(0.017162005550357,-5.02207479642926,-0.0121834118119451));
#1803=CARTESIAN_POINT('',(0.0127263100526794,-5.01915015277663,1.70002900645727E-16));
#1804=CARTESIAN_POINT('',(0.0148935652201401,-5.02068559542138,2.75821032680312E-16));
#1805=CARTESIAN_POINT('',(0.017162005550357,-5.02207479642926,2.77555756156289E-17));
#1806=CARTESIAN_POINT('',(0.0194837405073267,-5.,-0.0233634252467712));
#1807=CARTESIAN_POINT('',(0.0206446079858115,-5.,-0.024007739655526));
#1808=CARTESIAN_POINT('',(0.0218206848122013,-5.,-0.0246251572737644));
#1809=CARTESIAN_POINT('',(0.0194837405073267,-5.01289462541732,-0.0233634252467712));
#1810=CARTESIAN_POINT('',(0.0206446079858115,-5.01325023222001,-0.024007739655526));
#1811=CARTESIAN_POINT('',(0.0218206848122013,-5.01359099427991,-0.0246251572737644));
#1812=CARTESIAN_POINT('',(0.0194837405073268,-5.02336342524677,-0.012894625417324));
#1813=CARTESIAN_POINT('',(0.0206446079858116,-5.02400773965553,-0.0132502322200134));
#1814=CARTESIAN_POINT('',(0.0218206848122014,-5.02462515727376,-0.0135909942799061));
#1815=CARTESIAN_POINT('',(0.0194837405073269,-5.02336342524677,8.67361737988404E-17));
#1816=CARTESIAN_POINT('',(0.0206446079858117,-5.02400773965553,1.16226472890446E-16));
#1817=CARTESIAN_POINT('',(0.0218206848122016,-5.02462515727376,1.61329283265843E-16));
#1818=CARTESIAN_POINT('',(0.0230077651390343,-5.,-0.0252203822901891));
#1819=CARTESIAN_POINT('',(0.0241948454658674,-5.,-0.0258156073066138));
#1820=CARTESIAN_POINT('',(0.0253925122410322,-5.,-0.0263892912430066));
#1821=CARTESIAN_POINT('',(0.0230077651390343,-5.01391950790943,-0.0252203822901891));
#1822=CARTESIAN_POINT('',(0.0241948454658674,-5.01424802153895,-0.0258156073066138));
#1823=CARTESIAN_POINT('',(0.0253925122410322,-5.01456464632275,-0.0263892912430066));
#1824=CARTESIAN_POINT('',(0.0230077651390345,-5.02522038229019,-0.0139195079094253));
#1825=CARTESIAN_POINT('',(0.0241948454658676,-5.02581560730661,-0.0142480215389446));
#1826=CARTESIAN_POINT('',(0.0253925122410323,-5.02638929124301,-0.0145646463227503));
#1827=CARTESIAN_POINT('',(0.0230077651390347,-5.02522038229019,1.56125112837913E-16));
#1828=CARTESIAN_POINT('',(0.0241948454658677,-5.02581560730661,1.42247325030098E-16));
#1829=CARTESIAN_POINT('',(0.0253925122410324,-5.02638929124301,1.21430643318376E-16));
#1830=CARTESIAN_POINT('',(0.0265995227086663,-5.,-0.0269430225130131));
#1831=CARTESIAN_POINT('',(0.0290135436439344,-5.,-0.0280504850530259));
#1832=CARTESIAN_POINT('',(0.0314611027667818,-5.,-0.029083156561631));
#1833=CARTESIAN_POINT('',(0.0265995227086663,-5.0148702589302,-0.0269430225130131));
#1834=CARTESIAN_POINT('',(0.0290135436439344,-5.0154814841451,-0.0280504850530259));
#1835=CARTESIAN_POINT('',(0.0314611027667818,-5.01605143106606,-0.029083156561631));
#1836=CARTESIAN_POINT('',(0.0265995227086664,-5.02694302251301,-0.0148702589301988));
#1837=CARTESIAN_POINT('',(0.0290135436439344,-5.02805048505303,-0.0154814841450956));
#1838=CARTESIAN_POINT('',(0.0314611027667819,-5.02908315656163,-0.0160514310660611));
#1839=CARTESIAN_POINT('',(0.0265995227086665,-5.02694302251301,9.8879238130678E-17));
#1840=CARTESIAN_POINT('',(0.0290135436439345,-5.02805048505303,7.80625564189563E-17));
#1841=CARTESIAN_POINT('',(0.031461102766782,-5.02908315656163,1.00613961606655E-16));
#1842=CARTESIAN_POINT('',(0.0339327362498442,-5.,-0.0300551193591476));
#1843=CARTESIAN_POINT('',(0.0388760032159692,-5.,-0.0319990449541808));
#1844=CARTESIAN_POINT('',(0.043908061980893,-5.,-0.033711016585241));
#1845=CARTESIAN_POINT('',(0.0339327362498442,-5.01658787193726,-0.0300551193591476));
#1846=CARTESIAN_POINT('',(0.0388760032159692,-5.01766075367966,-0.0319990449541808));
#1847=CARTESIAN_POINT('',(0.043908061980893,-5.01860561654434,-0.033711016585241));
#1848=CARTESIAN_POINT('',(0.0339327362498443,-5.03005511935915,-0.0165878719372593));
#1849=CARTESIAN_POINT('',(0.0388760032159692,-5.03199904495418,-0.0176607536796557));
#1850=CARTESIAN_POINT('',(0.0439080619808931,-5.03371101658524,-0.0186056165443444));
#1851=CARTESIAN_POINT('',(0.0339327362498444,-5.03005511935915,8.50014503228635E-17));
#1852=CARTESIAN_POINT('',(0.0388760032159693,-5.03199904495418,3.46944695195361E-17));
#1853=CARTESIAN_POINT('',(0.0439080619808933,-5.03371101658524,9.36750677027476E-17));
#1854=CARTESIAN_POINT('',(0.0489861050413336,-5.,-0.0352682823196279));
#1855=CARTESIAN_POINT('',(0.0540641481017741,-5.,-0.0368255480540148));
#1856=CARTESIAN_POINT('',(0.0591893441073427,-5.,-0.0382267167442036));
#1857=CARTESIAN_POINT('',(0.0489861050413336,-5.01946509490028,-0.0352682823196279));
#1858=CARTESIAN_POINT('',(0.0540641481017741,-5.02032457325622,-0.0368255480540148));
#1859=CARTESIAN_POINT('',(0.0591893441073427,-5.02109789930818,-0.0382267167442036));
#1860=CARTESIAN_POINT('',(0.0489861050413337,-5.03526828231963,-0.0194650949002814));
#1861=CARTESIAN_POINT('',(0.0540641481017742,-5.03682554805401,-0.0203245732562185));
#1862=CARTESIAN_POINT('',(0.0591893441073428,-5.0382267167442,-0.0210978993081836));
#1863=CARTESIAN_POINT('',(0.0489861050413338,-5.03526828231963,6.24500451351651E-17));
#1864=CARTESIAN_POINT('',(0.0540641481017743,-5.03682554805401,4.5102810375397E-17));
#1865=CARTESIAN_POINT('',(0.059189344107343,-5.0382267167442,8.67361737988404E-17));
#1866=CARTESIAN_POINT('',(0.0643424686978131,-5.,-0.0395137806135796));
#1867=CARTESIAN_POINT('',(0.0694955932882836,-5.,-0.0408008444829555));
#1868=CARTESIAN_POINT('',(0.0746772763134485,-5.,-0.0419729544617763));
#1869=CARTESIAN_POINT('',(0.0643424686978131,-5.02180824919517,-0.0395137806135796));
#1870=CARTESIAN_POINT('',(0.0694955932882836,-5.02251859908217,-0.0408008444829555));
#1871=CARTESIAN_POINT('',(0.0746772763134485,-5.02316550418984,-0.0419729544617763));
#1872=CARTESIAN_POINT('',(0.0643424686978133,-5.03951378061358,-0.0218082491951749));
#1873=CARTESIAN_POINT('',(0.0694955932882838,-5.04080084448296,-0.0225185990821663));
#1874=CARTESIAN_POINT('',(0.0746772763134485,-5.04197295446178,-0.0231655041898363));
#1875=CARTESIAN_POINT('',(0.0643424686978135,-5.03951378061358,9.71445146547012E-17));
#1876=CARTESIAN_POINT('',(0.069495593288284,-5.04080084448296,1.04083408558608E-16));
#1877=CARTESIAN_POINT('',(0.0746772763134486,-5.04197295446178,3.12250225675825E-17));
#1878=CARTESIAN_POINT('',(0.0798768031805663,-5.,-0.0430570801191723));
#1879=CARTESIAN_POINT('',(0.0850763300476843,-5.,-0.0441412057765683));
#1880=CARTESIAN_POINT('',(0.0902949072951822,-5.,-0.0451344742134189));
#1881=CARTESIAN_POINT('',(0.0798768031805663,-5.02376384942859,-0.0430570801191723));
#1882=CARTESIAN_POINT('',(0.0850763300476843,-5.02436219466735,-0.0441412057765683));
#1883=CARTESIAN_POINT('',(0.0902949072951822,-5.024910394441,-0.0451344742134189));
#1884=CARTESIAN_POINT('',(0.0798768031805664,-5.04305708011917,-0.023763849428592));
#1885=CARTESIAN_POINT('',(0.0850763300476844,-5.04414120577657,-0.0243621946673478));
#1886=CARTESIAN_POINT('',(0.0902949072951823,-5.04513447421342,-0.0249103944410008));
#1887=CARTESIAN_POINT('',(0.0798768031805666,-5.04305708011917,4.16333634234434E-17));
#1888=CARTESIAN_POINT('',(0.0850763300476845,-5.04414120577657,4.85722573273506E-17));
#1889=CARTESIAN_POINT('',(0.0902949072951825,-5.04513447421342,5.89805981832114E-17));
#1890=CARTESIAN_POINT('',(0.095525688388317,-5.,-0.0460565788241339));
#1891=CARTESIAN_POINT('',(0.100756469481452,-5.,-0.046978683434849));
#1892=CARTESIAN_POINT('',(0.105999706440632,-5.,-0.0478289777483268));
#1893=CARTESIAN_POINT('',(0.095525688388317,-5.02541931782981,-0.0460565788241339));
#1894=CARTESIAN_POINT('',(0.100756469481452,-5.02592824121862,-0.046978683434849));
#1895=CARTESIAN_POINT('',(0.105999706440632,-5.02639753142547,-0.0478289777483268));
#1896=CARTESIAN_POINT('',(0.0955256883883171,-5.04605657882413,-0.0254193178298092));
#1897=CARTESIAN_POINT('',(0.100756469481452,-5.04697868343485,-0.0259282412186175));
#1898=CARTESIAN_POINT('',(0.105999706440632,-5.04782897774833,-0.0263975314254673));
#1899=CARTESIAN_POINT('',(0.0955256883883173,-5.04605657882413,5.20417042793042E-17));
#1900=CARTESIAN_POINT('',(0.100756469481452,-5.04697868343485,5.20417042793042E-17));
#1901=CARTESIAN_POINT('',(0.105999706440632,-5.04782897774833,2.42861286636753E-17));
#1902=CARTESIAN_POINT('',(0.111252227070426,-5.,-0.0486176894492743));
#1903=CARTESIAN_POINT('',(0.11650474770022,-5.,-0.0494064011502219));
#1904=CARTESIAN_POINT('',(0.121766239084399,-5.,-0.0501347840368557));
#1905=CARTESIAN_POINT('',(0.111252227070426,-5.02683283326321,-0.0486176894492743));
#1906=CARTESIAN_POINT('',(0.11650474770022,-5.02726813510096,-0.0494064011502219));
#1907=CARTESIAN_POINT('',(0.121766239084399,-5.02767014055968,-0.0501347840368557));
#1908=CARTESIAN_POINT('',(0.111252227070426,-5.04861768944927,-0.0268328332632141));
#1909=CARTESIAN_POINT('',(0.11650474770022,-5.04940640115022,-0.0272681351009609));
#1910=CARTESIAN_POINT('',(0.121766239084399,-5.05013478403686,-0.0276701405596781));
#1911=CARTESIAN_POINT('',(0.111252227070426,-5.04861768944927,3.81639164714898E-17));
#1912=CARTESIAN_POINT('',(0.11650474770022,-5.04940640115022,4.85722573273506E-17));
#1913=CARTESIAN_POINT('',(0.121766239084399,-5.05013478403686,5.55111512312578E-17));
#1914=CARTESIAN_POINT('',(0.127034740704039,-5.,-0.0508095165042544));
#1915=CARTESIAN_POINT('',(0.13230324232368,-5.,-0.0514842489716531));
#1916=CARTESIAN_POINT('',(0.137577844273561,-5.,-0.0521088276822081));
#1917=CARTESIAN_POINT('',(0.127034740704039,-5.02804253554595,-0.0508095165042544));
#1918=CARTESIAN_POINT('',(0.13230324232368,-5.02841493053222,-0.0514842489716531));
#1919=CARTESIAN_POINT('',(0.137577844273561,-5.02875964490655,-0.0521088276822081));
#1920=CARTESIAN_POINT('',(0.12703474070404,-5.05080951650425,-0.028042535545949));
#1921=CARTESIAN_POINT('',(0.13230324232368,-5.05148424897165,-0.0284149305322199));
#1922=CARTESIAN_POINT('',(0.137577844273561,-5.05210882768221,-0.028759644906554));
#1923=CARTESIAN_POINT('',(0.12703474070404,-5.05080951650425,4.85722573273506E-17));
#1924=CARTESIAN_POINT('',(0.132303242323681,-5.05148424897165,4.16333634234434E-17));
#1925=CARTESIAN_POINT('',(0.137577844273561,-5.05210882768221,3.46944695195361E-17));
#1926=CARTESIAN_POINT('',(0.142857935298253,-5.,-0.0526857037819262));
#1927=CARTESIAN_POINT('',(0.153418117347638,-5.,-0.0538394559813625));
#1928=CARTESIAN_POINT('',(0.163996877317213,-5.,-0.0548153718525815));
#1929=CARTESIAN_POINT('',(0.142857935298253,-5.02907803149326,-0.0526857037819262));
#1930=CARTESIAN_POINT('',(0.153418117347638,-5.02971480466667,-0.0538394559813625));
#1931=CARTESIAN_POINT('',(0.163996877317213,-5.03025342729864,-0.0548153718525815));
#1932=CARTESIAN_POINT('',(0.142857935298253,-5.05268570378193,-0.0290780314932597));
#1933=CARTESIAN_POINT('',(0.153418117347638,-5.05383945598136,-0.029714804666671));
#1934=CARTESIAN_POINT('',(0.163996877317214,-5.05481537185258,-0.0302534272986384));
#1935=CARTESIAN_POINT('',(0.142857935298253,-5.05268570378193,3.12250225675825E-17));
#1936=CARTESIAN_POINT('',(0.153418117347638,-5.05383945598136,3.46944695195361E-17));
#1937=CARTESIAN_POINT('',(0.163996877317214,-5.05481537185258,4.85722573273506E-17));
#1938=CARTESIAN_POINT('',(0.17458758744113,-5.,-0.0556427291772096));
#1939=CARTESIAN_POINT('',(0.195769007688964,-5.,-0.0572974438264657));
#1940=CARTESIAN_POINT('',(0.21699240773686,-5.,-0.0583818394212445));
#1941=CARTESIAN_POINT('',(0.17458758744113,-5.03071005823673,-0.0556427291772096));
#1942=CARTESIAN_POINT('',(0.195769007688964,-5.0316233201129,-0.0572974438264657));
#1943=CARTESIAN_POINT('',(0.21699240773686,-5.03222181433415,-0.0583818394212445));
#1944=CARTESIAN_POINT('',(0.17458758744113,-5.05564272917721,-0.0307100582367254));
#1945=CARTESIAN_POINT('',(0.195769007688964,-5.05729744382647,-0.0316233201128994));
#1946=CARTESIAN_POINT('',(0.21699240773686,-5.05838183942124,-0.0322218143341523));
#1947=CARTESIAN_POINT('',(0.174587587441131,-5.05564272917721,3.12250225675825E-17));
#1948=CARTESIAN_POINT('',(0.195769007688964,-5.05729744382647,-1.04083408558608E-17));
#1949=CARTESIAN_POINT('',(0.21699240773686,-5.05838183942124,1.04083408558608E-17));
#1950=CARTESIAN_POINT('',(0.23822657605673,-5.,-0.0590692761104207));
#1951=CARTESIAN_POINT('',(0.248843660216665,-5.,-0.0594129944550088));
#1952=CARTESIAN_POINT('',(0.259464094391321,-5.,-0.0596542841115704));
#1953=CARTESIAN_POINT('',(0.23822657605673,-5.0326012209713,-0.0590692761104207));
#1954=CARTESIAN_POINT('',(0.248843660216665,-5.03279092428987,-0.0594129944550088));
#1955=CARTESIAN_POINT('',(0.259464094391321,-5.03292409567658,-0.0596542841115704));
#1956=CARTESIAN_POINT('',(0.23822657605673,-5.05906927611042,-0.0326012209712968));
#1957=CARTESIAN_POINT('',(0.248843660216665,-5.05941299445501,-0.032790924289869));
#1958=CARTESIAN_POINT('',(0.259464094391321,-5.05965428411157,-0.0329240956765802));
#1959=CARTESIAN_POINT('',(0.23822657605673,-5.05906927611042,3.46944695195361E-18));
#1960=CARTESIAN_POINT('',(0.248843660216665,-5.05941299445501,3.46944695195361E-18));
#1961=CARTESIAN_POINT('',(0.259464094391322,-5.05965428411157,6.93889390390723E-18));
#1962=CARTESIAN_POINT('',(0.270085817116337,-5.,-0.0598072688899675));
#1963=CARTESIAN_POINT('',(0.280707539841353,-5.,-0.0599602536683647));
#1964=CARTESIAN_POINT('',(0.291330321218373,-5.,-0.0600271390959005));
#1965=CARTESIAN_POINT('',(0.270085817116337,-5.0330085302743,-0.0598072688899675));
#1966=CARTESIAN_POINT('',(0.280707539841353,-5.03309296487201,-0.0599602536683647));
#1967=CARTESIAN_POINT('',(0.291330321218373,-5.03312987994439,-0.0600271390959005));
#1968=CARTESIAN_POINT('',(0.270085817116337,-5.05980726888997,-0.0330085302742964));
#1969=CARTESIAN_POINT('',(0.280707539841353,-5.05996025366836,-0.0330929648720126));
#1970=CARTESIAN_POINT('',(0.291330321218373,-5.0600271390959,-0.0331298799443893));
#1971=CARTESIAN_POINT('',(0.270085817116338,-5.05980726888997,3.46944695195361E-18));
#1972=CARTESIAN_POINT('',(0.280707539841353,-5.05996025366836,0.));
#1973=CARTESIAN_POINT('',(0.291330321218374,-5.0600271390959,-1.04083408558608E-17));
#1974=CARTESIAN_POINT('',(0.301953175672892,-5.,-0.0600160108937019));
#1975=CARTESIAN_POINT('',(0.307264602900151,-5.,-0.0600104467926027));
#1976=CARTESIAN_POINT('',(0.312575830253858,-5.,-0.0599874743466363));
#1977=CARTESIAN_POINT('',(0.301953175672892,-5.0331237381224,-0.0600160108937019));
#1978=CARTESIAN_POINT('',(0.307264602900151,-5.03312066721141,-0.0600104467926027));
#1979=CARTESIAN_POINT('',(0.312575830253858,-5.03310798837333,-0.0599874743466363));
#1980=CARTESIAN_POINT('',(0.301953175672892,-5.0600160108937,-0.0331237381224003));
#1981=CARTESIAN_POINT('',(0.307264602900152,-5.0600104467926,-0.0331206672114058));
#1982=CARTESIAN_POINT('',(0.312575830253858,-5.05998747434664,-0.0331079883733276));
#1983=CARTESIAN_POINT('',(0.301953175672892,-5.0600160108937,-1.04083408558608E-17));
#1984=CARTESIAN_POINT('',(0.307264602900152,-5.0600104467926,-1.38777878078145E-17));
#1985=CARTESIAN_POINT('',(0.312575830253858,-5.05998747434664,-3.46944695195361E-18));
#1986=CARTESIAN_POINT('',(0.317887043374783,-5.,-0.0599452144996641));
#1987=CARTESIAN_POINT('',(0.323198256495708,-5.,-0.0599029546526919));
#1988=CARTESIAN_POINT('',(0.328509418881005,-5.,-0.0598418409559037));
#1989=CARTESIAN_POINT('',(0.317887043374783,-5.03308466452885,-0.0599452144996641));
#1990=CARTESIAN_POINT('',(0.323198256495708,-5.03306134068437,-0.0599029546526919));
#1991=CARTESIAN_POINT('',(0.328509418881005,-5.03302761111691,-0.0598418409559037));
#1992=CARTESIAN_POINT('',(0.317887043374783,-5.05994521449966,-0.0330846645288509));
#1993=CARTESIAN_POINT('',(0.323198256495708,-5.05990295465269,-0.0330613406843741));
#1994=CARTESIAN_POINT('',(0.328509418881005,-5.0598418409559,-0.0330276111169144));
#1995=CARTESIAN_POINT('',(0.317887043374784,-5.05994521449966,-3.46944695195361E-18));
#1996=CARTESIAN_POINT('',(0.323198256495709,-5.05990295465269,-3.46944695195361E-18));
#1997=CARTESIAN_POINT('',(0.328509418881005,-5.0598418409559,6.93889390390723E-18));
#1998=CARTESIAN_POINT('',(0.333820219399831,-5.,-0.0597651600703042));
#1999=CARTESIAN_POINT('',(0.344441820437484,-5.,-0.0596117982991051));
#2000=CARTESIAN_POINT('',(0.3550625437084,-5.,-0.0593893685698899));
#2001=CARTESIAN_POINT('',(0.333820219399831,-5.03298528978406,-0.0597651600703042));
#2002=CARTESIAN_POINT('',(0.344441820437484,-5.03290064711835,-0.0596117982991051));
#2003=CARTESIAN_POINT('',(0.3550625437084,-5.0327778848089,-0.0593893685698899));
#2004=CARTESIAN_POINT('',(0.333820219399832,-5.0597651600703,-0.0329852897840605));
#2005=CARTESIAN_POINT('',(0.344441820437485,-5.05961179829911,-0.0329006471183528));
#2006=CARTESIAN_POINT('',(0.3550625437084,-5.05938936856989,-0.0327778848089049));
#2007=CARTESIAN_POINT('',(0.333820219399832,-5.0597651600703,3.46944695195361E-18));
#2008=CARTESIAN_POINT('',(0.344441820437485,-5.05961179829911,3.46944695195361E-18));
#2009=CARTESIAN_POINT('',(0.3550625437084,-5.05938936856989,-6.93889390390723E-18));
#2010=CARTESIAN_POINT('',(0.365681472612714,-5.,-0.059109984255857));
#2011=CARTESIAN_POINT('',(0.376300401517028,-5.,-0.0588305999418241));
#2012=CARTESIAN_POINT('',(0.386917942616772,-5.,-0.0584887018942662));
#2013=CARTESIAN_POINT('',(0.365681472612714,-5.03262368840838,-0.059109984255857));
#2014=CARTESIAN_POINT('',(0.376300401517028,-5.03246949200786,-0.0588305999418241));
#2015=CARTESIAN_POINT('',(0.386917942616772,-5.03228079333857,-0.0584887018942662));
#2016=CARTESIAN_POINT('',(0.365681472612714,-5.05910998425586,-0.0326236884083823));
#2017=CARTESIAN_POINT('',(0.376300401517028,-5.05883059994182,-0.0324694920078598));
#2018=CARTESIAN_POINT('',(0.386917942616773,-5.05848870189427,-0.0322807933385676));
#2019=CARTESIAN_POINT('',(0.365681472612715,-5.05910998425586,-1.04083408558608E-17));
#2020=CARTESIAN_POINT('',(0.376300401517029,-5.05883059994182,-1.38777878078145E-17));
#2021=CARTESIAN_POINT('',(0.386917942616773,-5.05848870189427,-1.38777878078145E-17));
#2022=CARTESIAN_POINT('',(0.397533354616514,-5.,-0.0580952768149988));
#2023=CARTESIAN_POINT('',(0.408148766616255,-5.,-0.0577018517357314));
#2024=CARTESIAN_POINT('',(0.418762235733911,-5.,-0.0572547105704471));
#2025=CARTESIAN_POINT('',(0.397533354616514,-5.03206365612631,-0.0580952768149988));
#2026=CARTESIAN_POINT('',(0.408148766616255,-5.03184651891405,-0.0577018517357314));
#2027=CARTESIAN_POINT('',(0.418762235733911,-5.03159973498686,-0.0572547105704471));
#2028=CARTESIAN_POINT('',(0.397533354616514,-5.058095276815,-0.0320636561263073));
#2029=CARTESIAN_POINT('',(0.408148766616255,-5.05770185173573,-0.0318465189140471));
#2030=CARTESIAN_POINT('',(0.418762235733911,-5.05725471057045,-0.0315997349868572));
#2031=CARTESIAN_POINT('',(0.397533354616514,-5.058095276815,-2.08166817117217E-17));
#2032=CARTESIAN_POINT('',(0.408148766616256,-5.05770185173573,-2.42861286636753E-17));
#2033=CARTESIAN_POINT('',(0.418762235733911,-5.05725471057045,-1.38777878078145E-17));
#2034=CARTESIAN_POINT('',(0.42937343645861,-5.,-0.056759687567897));
#2035=CARTESIAN_POINT('',(0.45059583790801,-5.,-0.0557696415627968));
#2036=CARTESIAN_POINT('',(0.471809188809185,-5.,-0.0545905747724602));
#2037=CARTESIAN_POINT('',(0.42937343645861,-5.03132652435428,-0.056759687567897));
#2038=CARTESIAN_POINT('',(0.45059583790801,-5.03078010308913,-0.0557696415627968));
#2039=CARTESIAN_POINT('',(0.471809188809185,-5.03012935841266,-0.0545905747724602));
#2040=CARTESIAN_POINT('',(0.429373436458611,-5.0567596875679,-0.0313265243542799));
#2041=CARTESIAN_POINT('',(0.45059583790801,-5.0557696415628,-0.0307801030891253));
#2042=CARTESIAN_POINT('',(0.471809188809185,-5.05459057477246,-0.0301293584126572));
#2043=CARTESIAN_POINT('',(0.429373436458611,-5.0567596875679,-1.38777878078145E-17));
#2044=CARTESIAN_POINT('',(0.45059583790801,-5.0557696415628,-1.38777878078145E-17));
#2045=CARTESIAN_POINT('',(0.471809188809185,-5.05459057477246,-3.81639164714898E-17));
#2046=CARTESIAN_POINT('',(0.493012606198891,-5.,-0.0532538388642189));
#2047=CARTESIAN_POINT('',(0.514216023588597,-5.,-0.0519171029559777));
#2048=CARTESIAN_POINT('',(0.535409521458769,-5.,-0.0504272413472754));
#2049=CARTESIAN_POINT('',(0.493012606198891,-5.02939159378112,-0.0532538388642189));
#2050=CARTESIAN_POINT('',(0.514216023588597,-5.02865382914958,-0.0519171029559777));
#2051=CARTESIAN_POINT('',(0.535409521458769,-5.02783155214332,-0.0504272413472754));
#2052=CARTESIAN_POINT('',(0.493012606198891,-5.05325383886422,-0.0293915937811189));
#2053=CARTESIAN_POINT('',(0.514216023588597,-5.05191710295598,-0.0286538291495805));
#2054=CARTESIAN_POINT('',(0.535409521458769,-5.05042724134728,-0.0278315521433217));
#2055=CARTESIAN_POINT('',(0.493012606198891,-5.05325383886422,-2.77555756156289E-17));
#2056=CARTESIAN_POINT('',(0.514216023588597,-5.05191710295598,-1.73472347597681E-17));
#2057=CARTESIAN_POINT('',(0.535409521458769,-5.05042724134728,-2.77555756156289E-17));
#2058=CARTESIAN_POINT('',(0.556593014182548,-5.,-0.048805422349909));
#2059=CARTESIAN_POINT('',(0.577776506906328,-5.,-0.0471836033525425));
#2060=CARTESIAN_POINT('',(0.598950025287297,-5.,-0.0454338878832586));
#2061=CARTESIAN_POINT('',(0.556593014182548,-5.02693644587167,-0.048805422349909));
#2062=CARTESIAN_POINT('',(0.577776506906328,-5.02604133960001,-0.0471836033525425));
#2063=CARTESIAN_POINT('',(0.598950025287297,-5.02507564534392,-0.0454338878832586));
#2064=CARTESIAN_POINT('',(0.556593014182549,-5.04880542234991,-0.0269364458716661));
#2065=CARTESIAN_POINT('',(0.577776506906328,-5.04718360335254,-0.0260413396000106));
#2066=CARTESIAN_POINT('',(0.598950025287297,-5.04543388788326,-0.0250756453439241));
#2067=CARTESIAN_POINT('',(0.556593014182549,-5.04880542234991,-2.77555756156289E-17));
#2068=CARTESIAN_POINT('',(0.577776506906329,-5.04718360335254,-2.77555756156289E-17));
#2069=CARTESIAN_POINT('',(0.598950025287297,-5.04543388788326,-2.77555756156289E-17));
#2070=CARTESIAN_POINT('',(0.620113765285813,-5.,-0.0435725348469768));
#2071=CARTESIAN_POINT('',(0.641277505284328,-5.,-0.041711181810695));
#2072=CARTESIAN_POINT('',(0.662431490759936,-5.,-0.0397395247324994));
#2073=CARTESIAN_POINT('',(0.620113765285813,-5.02404833663731,-0.0435725348469768));
#2074=CARTESIAN_POINT('',(0.641277505284328,-5.0230210279307,-0.041711181810695));
#2075=CARTESIAN_POINT('',(0.662431490759936,-5.0219328407661,-0.0397395247324994));
#2076=CARTESIAN_POINT('',(0.620113765285813,-5.04357253484698,-0.0240483366373135));
#2077=CARTESIAN_POINT('',(0.641277505284328,-5.04171118181069,-0.023021027930703));
#2078=CARTESIAN_POINT('',(0.662431490759936,-5.0397395247325,-0.0219328407660979));
#2079=CARTESIAN_POINT('',(0.620113765285813,-5.04357253484698,-2.42861286636753E-17));
#2080=CARTESIAN_POINT('',(0.641277505284328,-5.04171118181069,-2.08166817117217E-17));
#2081=CARTESIAN_POINT('',(0.662431490759936,-5.0397395247325,-4.5102810375397E-17));
#2082=CARTESIAN_POINT('',(0.683575955368599,-5.,-0.037671288805332));
#2083=CARTESIAN_POINT('',(0.704720419977261,-5.,-0.0356030528781646));
#2084=CARTESIAN_POINT('',(0.725855352360557,-5.,-0.0334369715074658));
#2085=CARTESIAN_POINT('',(0.683575955368599,-5.0207913502837,-0.037671288805332));
#2086=CARTESIAN_POINT('',(0.704720419977261,-5.0196498598013,-0.0356030528781646));
#2087=CARTESIAN_POINT('',(0.725855352360557,-5.01845436694853,-0.0334369715074658));
#2088=CARTESIAN_POINT('',(0.683575955368599,-5.03767128880533,-0.0207913502836969));
#2089=CARTESIAN_POINT('',(0.704720419977261,-5.03560305287816,-0.019649859801296));
#2090=CARTESIAN_POINT('',(0.725855352360557,-5.03343697150747,-0.0184543669485318));
#2091=CARTESIAN_POINT('',(0.683575955368599,-5.03767128880533,-4.85722573273506E-17));
#2092=CARTESIAN_POINT('',(0.704720419977262,-5.03560305287816,-5.55111512312578E-17));
#2093=CARTESIAN_POINT('',(0.725855352360557,-5.03343697150747,-3.46944695195361E-17));
#2094=CARTESIAN_POINT('',(0.746980822617204,-5.,-0.0311825661908138));
#2095=CARTESIAN_POINT('',(0.789231763130498,-5.,-0.0266737555575099));
#2096=CARTESIAN_POINT('',(0.83144525009389,-5.,-0.0218151963406354));
#2097=CARTESIAN_POINT('',(0.746980822617204,-5.01721012678297,-0.0311825661908138));
#2098=CARTESIAN_POINT('',(0.789231763130498,-5.01472164645186,-0.0266737555575099));
#2099=CARTESIAN_POINT('',(0.83144525009389,-5.01204013462267,-0.0218151963406354));
#2100=CARTESIAN_POINT('',(0.746980822617204,-5.03118256619081,-0.0172101267829736));
#2101=CARTESIAN_POINT('',(0.789231763130498,-5.02667375555751,-0.014721646451857));
#2102=CARTESIAN_POINT('',(0.83144525009389,-5.02181519634064,-0.0120401346226725));
#2103=CARTESIAN_POINT('',(0.746980822617204,-5.03118256619081,-3.12250225675825E-17));
#2104=CARTESIAN_POINT('',(0.789231763130498,-5.02667375555751,-1.90819582357449E-17));
#2105=CARTESIAN_POINT('',(0.83144525009389,-5.02181519634064,1.04083408558608E-17));
#2106=CARTESIAN_POINT('',(0.873617619752732,-5.,-0.0166228697062895));
#2107=CARTESIAN_POINT('',(0.915789989411575,-5.,-0.0114305430719435));
#2108=CARTESIAN_POINT('',(0.957921384336013,-5.,-0.0059040469217501));
#2109=CARTESIAN_POINT('',(1.,-5.,0.));
#2110=CARTESIAN_POINT('',(0.873617619752732,-5.0091744115411,-0.0166228697062895));
#2111=CARTESIAN_POINT('',(0.915789989411575,-5.00630868845953,-0.0114305430719435));
#2112=CARTESIAN_POINT('',(0.957921384336013,-5.00325853220143,-0.0059040469217501));
#2113=CARTESIAN_POINT('',(1.,-5.,0.));
#2114=CARTESIAN_POINT('',(0.873617619752732,-5.01662286970629,-0.00917441154109918));
#2115=CARTESIAN_POINT('',(0.915789989411575,-5.01143054307194,-0.00630868845952584));
#2116=CARTESIAN_POINT('',(0.957921384336009,-5.00590404692175,-0.00325853220142827));
#2117=CARTESIAN_POINT('',(1.,-5.,0.));
#2118=CARTESIAN_POINT('',(0.873617619752732,-5.01662286970629,8.67361737988404E-18));
#2119=CARTESIAN_POINT('',(0.915789989411575,-5.01143054307194,1.73472347597681E-18));
#2120=CARTESIAN_POINT('',(0.957921384336004,-5.00590404692175,6.15393153102772E-16));
#2121=CARTESIAN_POINT('',(1.,-5.,0.));
#2122=B_SPLINE_SURFACE_WITH_KNOTS('Surf_PNFREOBMLG, WingGeom, 1',3,3,((#2123, #2124, #2125, #2135, #2136, #2137, #2147, #2148, #2149, #2159, #2160, #2161, #2171, #2172, #2173, #2183, #2184, #2185, #2195, #2196, #2197, #2207, #2208, #2209, #2219, #2220, #2221, #2231, #2232, #2233, #2243, #2244, #2245, #2255, #2256, #2257, #2267, #2268, #2269, #2279, #2280, #2281, #2291, #2292, #2293, #2303, #2304, #2305, #2315, #2316, #2317, #2327, #2328, #2329, #2339, #2340, #2341, #2351, #2352, #2353, #2363, #2364, #2365, #2375, #2376, #2377, #2387, #2388, #2389, #2399, #2400, #2401, #2411, #2412, #2413, #2423, #2424, #2425, #2435, #2436, #2437, #2447, #2448, #2449, #2459, #2460, #2461, #2471, #2472, #2473, #2483, #2484, #2485, #2495, #2496, #2497, #2507, #2508, #2509, #2519, #2520, #2521, #2522),(#2126, #2127, #2128, #2138, #2139, #2140, #2150, #2151, #2152, #2162, #2163, #2164, #2174, #2175, #2176, #2186, #2187, #2188, #2198, #2199, #2200, #2210, #2211, #2212, #2222, #2223, #2224, #2234, #2235, #2236, #2246, #2247, #2248, #2258, #2259, #2260, #2270, #2271, #2272, #2282, #2283, #2284, #2294, #2295, #2296, #2306, #2307, #2308, #2318, #2319, #2320, #2330, #2331, #2332, #2342, #2343, #2344, #2354, #2355, #2356, #2366, #2367, #2368, #2378, #2379, #2380, #2390, #2391, #2392, #2402, #2403, #2404, #2414, #2415, #2416, #2426, #2427, #2428, #2438, #2439, #2440, #2450, #2451, #2452, #2462, #2463, #2464, #2474, #2475, #2476, #2486, #2487, #2488, #2498, #2499, #2500, #2510, #2511, #2512, #2523, #2524, #2525, #2526),(#2129, #2130, #2131, #2141, #2142, #2143, #2153, #2154, #2155, #2165, #2166, #2167, #2177, #2178, #2179, #2189, #2190, #2191, #2201, #2202, #2203, #2213, #2214, #2215, #2225, #2226, #2227, #2237, #2238, #2239, #2249, #2250, #2251, #2261, #2262, #2263, #2273, #2274, #2275, #2285, #2286, #2287, #2297, #2298, #2299, #2309, #2310, #2311, #2321, #2322, #2323, #2333, #2334, #2335, #2345, #2346, #2347, #2357, #2358, #2359, #2369, #2370, #2371, #2381, #2382, #2383, #2393, #2394, #2395, #2405, #2406, #2407, #2417, #2418, #2419, #2429, #2430, #2431, #2441, #2442, #2443, #2453, #2454, #2455, #2465, #2466, #2467, #2477, #2478, #2479, #2489, #2490, #2491, #2501, #2502, #2503, #2513, #2514, #2515, #2527, #2528, #2529, #2530),(#2132, #2133, #2134, #2144, #2145, #2146, #2156, #2157, #2158, #2168, #2169, #2170, #2180, #2181, #2182, #2192, #2193, #2194, #2204, #2205, #2206, #2216, #2217, #2218, #2228, #2229, #2230, #2240, #2241, #2242, #2252, #2253, #2254, #2264, #2265, #2266, #2276, #2277, #2278, #2288, #2289, #2290, #2300, #2301, #2302, #2312, #2313, #2314, #2324, #2325, #2326, #2336, #2337, #2338, #2348, #2349, #2350, #2360, #2361, #2362, #2372, #2373, #2374, #2384, #2385, #2386, #2396, #2397, #2398, #2408, #2409, #2410, #2420, #2421, #2422, #2432, #2433, #2434, #2444, #2445, #2446, #2456, #2457, #2458, #2468, #2469, #2470, #2480, #2481, #2482, #2492, #2493, #2494, #2504, #2505, #2506, #2516, #2517, #2518, #2531, #2532, #2533, #2534)),.UNSPECIFIED.,.F.,.F.,.F.,(4,4),(4,3,3,3,3,3,3,3,3,3,3,3,3,3,3,3,3,3,3,3,3,3,3,3,3,3,3,3,3,3,3,3,3,3,4),(0.,2.),(0.,1.,2.,3.,4.,5.,6.,7.,8.,9.,10.,11.,12.,13.,14.,15.,16.,17.,18.,19.,20.,21.,22.,23.,24.,25.,26.,27.,28.,29.,30.,31.,32.,33.,35.),.PIECEWISE_BEZIER_KNOTS.);
#2123=CARTESIAN_POINT('',(1.,-5.,0.));
#2124=CARTESIAN_POINT('',(0.957921384335995,-5.,0.00590404692175133));
#2125=CARTESIAN_POINT('',(0.915789989411575,-5.,0.0114305430719435));
#2126=CARTESIAN_POINT('',(1.,-5.,0.));
#2127=CARTESIAN_POINT('',(0.957921384335995,-5.00325853220143,0.00590404692175133));
#2128=CARTESIAN_POINT('',(0.915789989411575,-5.00630868845953,0.0114305430719435));
#2129=CARTESIAN_POINT('',(1.,-5.,0.));
#2130=CARTESIAN_POINT('',(0.957921384335999,-5.00590404692175,0.0032585322014295));
#2131=CARTESIAN_POINT('',(0.915789989411575,-5.01143054307194,0.00630868845952585));
#2132=CARTESIAN_POINT('',(1.,-5.,0.));
#2133=CARTESIAN_POINT('',(0.957921384336004,-5.00590404692175,6.15393153102772E-16));
#2134=CARTESIAN_POINT('',(0.915789989411575,-5.01143054307194,1.73472347597681E-18));
#2135=CARTESIAN_POINT('',(0.873617619752732,-5.,0.0166228697062895));
#2136=CARTESIAN_POINT('',(0.83144525009389,-5.,0.0218151963406354));
#2137=CARTESIAN_POINT('',(0.789231763130498,-5.,0.0266737555575098));
#2138=CARTESIAN_POINT('',(0.873617619752732,-5.0091744115411,0.0166228697062895));
#2139=CARTESIAN_POINT('',(0.83144525009389,-5.01204013462267,0.0218151963406354));
#2140=CARTESIAN_POINT('',(0.789231763130498,-5.01472164645186,0.0266737555575098));
#2141=CARTESIAN_POINT('',(0.873617619752732,-5.01662286970629,0.0091744115410992));
#2142=CARTESIAN_POINT('',(0.83144525009389,-5.02181519634064,0.0120401346226725));
#2143=CARTESIAN_POINT('',(0.789231763130498,-5.02667375555751,0.0147216464518569));
#2144=CARTESIAN_POINT('',(0.873617619752732,-5.01662286970629,8.67361737988404E-18));
#2145=CARTESIAN_POINT('',(0.83144525009389,-5.02181519634064,1.04083408558608E-17));
#2146=CARTESIAN_POINT('',(0.789231763130498,-5.02667375555751,-1.90819582357449E-17));
#2147=CARTESIAN_POINT('',(0.746980822617204,-5.,0.0311825661908138));
#2148=CARTESIAN_POINT('',(0.725855352360557,-5.,0.0334369715074658));
#2149=CARTESIAN_POINT('',(0.704720419977262,-5.,0.0356030528781645));
#2150=CARTESIAN_POINT('',(0.746980822617204,-5.01721012678297,0.0311825661908138));
#2151=CARTESIAN_POINT('',(0.725855352360557,-5.01845436694853,0.0334369715074658));
#2152=CARTESIAN_POINT('',(0.704720419977262,-5.0196498598013,0.0356030528781645));
#2153=CARTESIAN_POINT('',(0.746980822617204,-5.03118256619081,0.0172101267829735));
#2154=CARTESIAN_POINT('',(0.725855352360557,-5.03343697150747,0.0184543669485318));
#2155=CARTESIAN_POINT('',(0.704720419977262,-5.03560305287816,0.0196498598012959));
#2156=CARTESIAN_POINT('',(0.746980822617204,-5.03118256619081,-3.12250225675825E-17));
#2157=CARTESIAN_POINT('',(0.725855352360557,-5.03343697150747,-3.46944695195361E-17));
#2158=CARTESIAN_POINT('',(0.704720419977262,-5.03560305287816,-5.55111512312578E-17));
#2159=CARTESIAN_POINT('',(0.683575955368599,-5.,0.0376712888053319));
#2160=CARTESIAN_POINT('',(0.662431490759937,-5.,0.0397395247324993));
#2161=CARTESIAN_POINT('',(0.641277505284328,-5.,0.0417111818106949));
#2162=CARTESIAN_POINT('',(0.683575955368599,-5.0207913502837,0.0376712888053319));
#2163=CARTESIAN_POINT('',(0.662431490759937,-5.0219328407661,0.0397395247324993));
#2164=CARTESIAN_POINT('',(0.641277505284328,-5.0230210279307,0.0417111818106949));
#2165=CARTESIAN_POINT('',(0.683575955368599,-5.03767128880533,0.0207913502836968));
#2166=CARTESIAN_POINT('',(0.662431490759937,-5.0397395247325,0.0219328407660978));
#2167=CARTESIAN_POINT('',(0.641277505284328,-5.04171118181069,0.023021027930703));
#2168=CARTESIAN_POINT('',(0.683575955368599,-5.03767128880533,-4.85722573273506E-17));
#2169=CARTESIAN_POINT('',(0.662431490759936,-5.0397395247325,-4.5102810375397E-17));
#2170=CARTESIAN_POINT('',(0.641277505284328,-5.04171118181069,-2.08166817117217E-17));
#2171=CARTESIAN_POINT('',(0.620113765285813,-5.,0.0435725348469767));
#2172=CARTESIAN_POINT('',(0.598950025287298,-5.,0.0454338878832585));
#2173=CARTESIAN_POINT('',(0.577776506906329,-5.,0.0471836033525424));
#2174=CARTESIAN_POINT('',(0.620113765285813,-5.02404833663731,0.0435725348469767));
#2175=CARTESIAN_POINT('',(0.598950025287298,-5.02507564534392,0.0454338878832585));
#2176=CARTESIAN_POINT('',(0.577776506906329,-5.02604133960001,0.0471836033525424));
#2177=CARTESIAN_POINT('',(0.620113765285813,-5.04357253484698,0.0240483366373135));
#2178=CARTESIAN_POINT('',(0.598950025287297,-5.04543388788326,0.025075645343924));
#2179=CARTESIAN_POINT('',(0.577776506906329,-5.04718360335254,0.0260413396000105));
#2180=CARTESIAN_POINT('',(0.620113765285813,-5.04357253484698,-2.42861286636753E-17));
#2181=CARTESIAN_POINT('',(0.598950025287297,-5.04543388788326,-2.77555756156289E-17));
#2182=CARTESIAN_POINT('',(0.577776506906329,-5.04718360335254,-2.77555756156289E-17));
#2183=CARTESIAN_POINT('',(0.556593014182549,-5.,0.0488054223499089));
#2184=CARTESIAN_POINT('',(0.53540952145877,-5.,0.0504272413472754));
#2185=CARTESIAN_POINT('',(0.514216023588597,-5.,0.0519171029559776));
#2186=CARTESIAN_POINT('',(0.556593014182549,-5.02693644587167,0.0488054223499089));
#2187=CARTESIAN_POINT('',(0.53540952145877,-5.02783155214332,0.0504272413472754));
#2188=CARTESIAN_POINT('',(0.514216023588597,-5.02865382914958,0.0519171029559776));
#2189=CARTESIAN_POINT('',(0.556593014182549,-5.04880542234991,0.0269364458716661));
#2190=CARTESIAN_POINT('',(0.535409521458769,-5.05042724134728,0.0278315521433216));
#2191=CARTESIAN_POINT('',(0.514216023588597,-5.05191710295598,0.0286538291495805));
#2192=CARTESIAN_POINT('',(0.556593014182549,-5.04880542234991,-2.77555756156289E-17));
#2193=CARTESIAN_POINT('',(0.535409521458769,-5.05042724134728,-2.77555756156289E-17));
#2194=CARTESIAN_POINT('',(0.514216023588597,-5.05191710295598,-1.73472347597681E-17));
#2195=CARTESIAN_POINT('',(0.493012606198892,-5.,0.0532538388642189));
#2196=CARTESIAN_POINT('',(0.471809188809186,-5.,0.0545905747724601));
#2197=CARTESIAN_POINT('',(0.450595837908011,-5.,0.0557696415627967));
#2198=CARTESIAN_POINT('',(0.493012606198892,-5.02939159378112,0.0532538388642189));
#2199=CARTESIAN_POINT('',(0.471809188809186,-5.03012935841266,0.0545905747724601));
#2200=CARTESIAN_POINT('',(0.450595837908011,-5.03078010308913,0.0557696415627967));
#2201=CARTESIAN_POINT('',(0.493012606198891,-5.05325383886422,0.0293915937811188));
#2202=CARTESIAN_POINT('',(0.471809188809185,-5.05459057477246,0.0301293584126571));
#2203=CARTESIAN_POINT('',(0.45059583790801,-5.0557696415628,0.0307801030891253));
#2204=CARTESIAN_POINT('',(0.493012606198891,-5.05325383886422,-2.77555756156289E-17));
#2205=CARTESIAN_POINT('',(0.471809188809185,-5.05459057477246,-3.81639164714898E-17));
#2206=CARTESIAN_POINT('',(0.45059583790801,-5.0557696415628,-1.38777878078145E-17));
#2207=CARTESIAN_POINT('',(0.429373436458611,-5.,0.056759687567897));
#2208=CARTESIAN_POINT('',(0.418762235733912,-5.,0.0572547105704471));
#2209=CARTESIAN_POINT('',(0.408148766616256,-5.,0.0577018517357313));
#2210=CARTESIAN_POINT('',(0.429373436458611,-5.03132652435428,0.056759687567897));
#2211=CARTESIAN_POINT('',(0.418762235733912,-5.03159973498686,0.0572547105704471));
#2212=CARTESIAN_POINT('',(0.408148766616256,-5.03184651891405,0.0577018517357313));
#2213=CARTESIAN_POINT('',(0.429373436458611,-5.0567596875679,0.0313265243542799));
#2214=CARTESIAN_POINT('',(0.418762235733912,-5.05725471057045,0.0315997349868572));
#2215=CARTESIAN_POINT('',(0.408148766616256,-5.05770185173573,0.0318465189140471));
#2216=CARTESIAN_POINT('',(0.429373436458611,-5.0567596875679,-1.38777878078145E-17));
#2217=CARTESIAN_POINT('',(0.418762235733911,-5.05725471057045,-1.38777878078145E-17));
#2218=CARTESIAN_POINT('',(0.408148766616256,-5.05770185173573,-2.42861286636753E-17));
#2219=CARTESIAN_POINT('',(0.397533354616515,-5.,0.0580952768149987));
#2220=CARTESIAN_POINT('',(0.386917942616773,-5.,0.0584887018942661));
#2221=CARTESIAN_POINT('',(0.376300401517029,-5.,0.0588305999418241));
#2222=CARTESIAN_POINT('',(0.397533354616515,-5.03206365612631,0.0580952768149987));
#2223=CARTESIAN_POINT('',(0.386917942616773,-5.03228079333857,0.0584887018942661));
#2224=CARTESIAN_POINT('',(0.376300401517029,-5.03246949200786,0.0588305999418241));
#2225=CARTESIAN_POINT('',(0.397533354616514,-5.058095276815,0.0320636561263073));
#2226=CARTESIAN_POINT('',(0.386917942616773,-5.05848870189427,0.0322807933385675));
#2227=CARTESIAN_POINT('',(0.376300401517029,-5.05883059994182,0.0324694920078598));
#2228=CARTESIAN_POINT('',(0.397533354616514,-5.058095276815,-2.08166817117217E-17));
#2229=CARTESIAN_POINT('',(0.386917942616773,-5.05848870189427,-1.38777878078145E-17));
#2230=CARTESIAN_POINT('',(0.376300401517029,-5.05883059994182,-1.38777878078145E-17));
#2231=CARTESIAN_POINT('',(0.365681472612715,-5.,0.059109984255857));
#2232=CARTESIAN_POINT('',(0.355062543708401,-5.,0.0593893685698899));
#2233=CARTESIAN_POINT('',(0.344441820437485,-5.,0.0596117982991051));
#2234=CARTESIAN_POINT('',(0.365681472612715,-5.03262368840838,0.059109984255857));
#2235=CARTESIAN_POINT('',(0.355062543708401,-5.0327778848089,0.0593893685698899));
#2236=CARTESIAN_POINT('',(0.344441820437485,-5.03290064711835,0.0596117982991051));
#2237=CARTESIAN_POINT('',(0.365681472612715,-5.05910998425586,0.0326236884083823));
#2238=CARTESIAN_POINT('',(0.355062543708401,-5.05938936856989,0.0327778848089049));
#2239=CARTESIAN_POINT('',(0.344441820437485,-5.05961179829911,0.0329006471183528));
#2240=CARTESIAN_POINT('',(0.365681472612715,-5.05910998425586,-1.04083408558608E-17));
#2241=CARTESIAN_POINT('',(0.3550625437084,-5.05938936856989,-6.93889390390723E-18));
#2242=CARTESIAN_POINT('',(0.344441820437485,-5.05961179829911,3.46944695195361E-18));
#2243=CARTESIAN_POINT('',(0.333820219399832,-5.,0.0597651600703042));
#2244=CARTESIAN_POINT('',(0.328509418881006,-5.,0.0598418409559038));
#2245=CARTESIAN_POINT('',(0.323198256495709,-5.,0.0599029546526919));
#2246=CARTESIAN_POINT('',(0.333820219399832,-5.03298528978406,0.0597651600703042));
#2247=CARTESIAN_POINT('',(0.328509418881006,-5.03302761111691,0.0598418409559038));
#2248=CARTESIAN_POINT('',(0.323198256495709,-5.03306134068437,0.0599029546526919));
#2249=CARTESIAN_POINT('',(0.333820219399832,-5.0597651600703,0.0329852897840605));
#2250=CARTESIAN_POINT('',(0.328509418881006,-5.0598418409559,0.0330276111169144));
#2251=CARTESIAN_POINT('',(0.323198256495709,-5.05990295465269,0.0330613406843741));
#2252=CARTESIAN_POINT('',(0.333820219399832,-5.0597651600703,3.46944695195361E-18));
#2253=CARTESIAN_POINT('',(0.328509418881005,-5.0598418409559,6.93889390390723E-18));
#2254=CARTESIAN_POINT('',(0.323198256495709,-5.05990295465269,-3.46944695195361E-18));
#2255=CARTESIAN_POINT('',(0.317887043374784,-5.,0.0599452144996641));
#2256=CARTESIAN_POINT('',(0.312575830253859,-5.,0.0599874743466363));
#2257=CARTESIAN_POINT('',(0.307264602900152,-5.,0.0600104467926027));
#2258=CARTESIAN_POINT('',(0.317887043374784,-5.03308466452885,0.0599452144996641));
#2259=CARTESIAN_POINT('',(0.312575830253859,-5.03310798837333,0.0599874743466363));
#2260=CARTESIAN_POINT('',(0.307264602900152,-5.03312066721141,0.0600104467926027));
#2261=CARTESIAN_POINT('',(0.317887043374784,-5.05994521449966,0.0330846645288509));
#2262=CARTESIAN_POINT('',(0.312575830253859,-5.05998747434664,0.0331079883733276));
#2263=CARTESIAN_POINT('',(0.307264602900152,-5.0600104467926,0.0331206672114058));
#2264=CARTESIAN_POINT('',(0.317887043374784,-5.05994521449966,-3.46944695195361E-18));
#2265=CARTESIAN_POINT('',(0.312575830253858,-5.05998747434664,-3.46944695195361E-18));
#2266=CARTESIAN_POINT('',(0.307264602900152,-5.0600104467926,-1.38777878078145E-17));
#2267=CARTESIAN_POINT('',(0.301953175672893,-5.,0.0600160108937019));
#2268=CARTESIAN_POINT('',(0.291330321218374,-5.,0.0600271390959005));
#2269=CARTESIAN_POINT('',(0.280707539841354,-5.,0.0599602536683647));
#2270=CARTESIAN_POINT('',(0.301953175672893,-5.0331237381224,0.0600160108937019));
#2271=CARTESIAN_POINT('',(0.291330321218374,-5.03312987994439,0.0600271390959005));
#2272=CARTESIAN_POINT('',(0.280707539841354,-5.03309296487201,0.0599602536683647));
#2273=CARTESIAN_POINT('',(0.301953175672893,-5.0600160108937,0.0331237381224003));
#2274=CARTESIAN_POINT('',(0.291330321218374,-5.0600271390959,0.0331298799443893));
#2275=CARTESIAN_POINT('',(0.280707539841354,-5.05996025366836,0.0330929648720126));
#2276=CARTESIAN_POINT('',(0.301953175672892,-5.0600160108937,-1.04083408558608E-17));
#2277=CARTESIAN_POINT('',(0.291330321218374,-5.0600271390959,-1.04083408558608E-17));
#2278=CARTESIAN_POINT('',(0.280707539841353,-5.05996025366836,0.));
#2279=CARTESIAN_POINT('',(0.270085817116338,-5.,0.0598072688899675));
#2280=CARTESIAN_POINT('',(0.259464094391322,-5.,0.0596542841115704));
#2281=CARTESIAN_POINT('',(0.248843660216666,-5.,0.0594129944550088));
#2282=CARTESIAN_POINT('',(0.270085817116338,-5.0330085302743,0.0598072688899675));
#2283=CARTESIAN_POINT('',(0.259464094391322,-5.03292409567658,0.0596542841115704));
#2284=CARTESIAN_POINT('',(0.248843660216666,-5.03279092428987,0.0594129944550088));
#2285=CARTESIAN_POINT('',(0.270085817116338,-5.05980726888997,0.0330085302742964));
#2286=CARTESIAN_POINT('',(0.259464094391322,-5.05965428411157,0.0329240956765802));
#2287=CARTESIAN_POINT('',(0.248843660216666,-5.05941299445501,0.032790924289869));
#2288=CARTESIAN_POINT('',(0.270085817116338,-5.05980726888997,3.46944695195361E-18));
#2289=CARTESIAN_POINT('',(0.259464094391322,-5.05965428411157,6.93889390390723E-18));
#2290=CARTESIAN_POINT('',(0.248843660216665,-5.05941299445501,3.46944695195361E-18));
#2291=CARTESIAN_POINT('',(0.238226576056731,-5.,0.0590692761104207));
#2292=CARTESIAN_POINT('',(0.216992407736861,-5.,0.0583818394212445));
#2293=CARTESIAN_POINT('',(0.195769007688964,-5.,0.0572974438264657));
#2294=CARTESIAN_POINT('',(0.238226576056731,-5.0326012209713,0.0590692761104207));
#2295=CARTESIAN_POINT('',(0.216992407736861,-5.03222181433415,0.0583818394212445));
#2296=CARTESIAN_POINT('',(0.195769007688964,-5.0316233201129,0.0572974438264657));
#2297=CARTESIAN_POINT('',(0.238226576056731,-5.05906927611042,0.0326012209712968));
#2298=CARTESIAN_POINT('',(0.216992407736861,-5.05838183942124,0.0322218143341524));
#2299=CARTESIAN_POINT('',(0.195769007688964,-5.05729744382647,0.0316233201128994));
#2300=CARTESIAN_POINT('',(0.23822657605673,-5.05906927611042,3.46944695195361E-18));
#2301=CARTESIAN_POINT('',(0.21699240773686,-5.05838183942124,1.04083408558608E-17));
#2302=CARTESIAN_POINT('',(0.195769007688964,-5.05729744382647,-1.04083408558608E-17));
#2303=CARTESIAN_POINT('',(0.174587587441131,-5.,0.0556427291772096));
#2304=CARTESIAN_POINT('',(0.163996877317215,-5.,0.0548153718525816));
#2305=CARTESIAN_POINT('',(0.153418117347638,-5.,0.0538394559813626));
#2306=CARTESIAN_POINT('',(0.174587587441131,-5.03071005823673,0.0556427291772096));
#2307=CARTESIAN_POINT('',(0.163996877317215,-5.03025342729864,0.0548153718525816));
#2308=CARTESIAN_POINT('',(0.153418117347638,-5.02971480466667,0.0538394559813626));
#2309=CARTESIAN_POINT('',(0.174587587441131,-5.05564272917721,0.0307100582367254));
#2310=CARTESIAN_POINT('',(0.163996877317214,-5.05481537185258,0.0302534272986385));
#2311=CARTESIAN_POINT('',(0.153418117347638,-5.05383945598136,0.029714804666671));
#2312=CARTESIAN_POINT('',(0.174587587441131,-5.05564272917721,3.12250225675825E-17));
#2313=CARTESIAN_POINT('',(0.163996877317214,-5.05481537185258,4.85722573273506E-17));
#2314=CARTESIAN_POINT('',(0.153418117347638,-5.05383945598136,3.46944695195361E-17));
#2315=CARTESIAN_POINT('',(0.142857935298254,-5.,0.0526857037819263));
#2316=CARTESIAN_POINT('',(0.137577844273561,-5.,0.0521088276822082));
#2317=CARTESIAN_POINT('',(0.132303242323681,-5.,0.0514842489716532));
#2318=CARTESIAN_POINT('',(0.142857935298254,-5.02907803149326,0.0526857037819263));
#2319=CARTESIAN_POINT('',(0.137577844273561,-5.02875964490655,0.0521088276822082));
#2320=CARTESIAN_POINT('',(0.132303242323681,-5.02841493053222,0.0514842489716532));
#2321=CARTESIAN_POINT('',(0.142857935298254,-5.05268570378193,0.0290780314932597));
#2322=CARTESIAN_POINT('',(0.137577844273561,-5.05210882768221,0.0287596449065541));
#2323=CARTESIAN_POINT('',(0.132303242323681,-5.05148424897165,0.02841493053222));
#2324=CARTESIAN_POINT('',(0.142857935298253,-5.05268570378193,3.12250225675825E-17));
#2325=CARTESIAN_POINT('',(0.137577844273561,-5.05210882768221,3.46944695195361E-17));
#2326=CARTESIAN_POINT('',(0.132303242323681,-5.05148424897165,4.16333634234434E-17));
#2327=CARTESIAN_POINT('',(0.12703474070404,-5.,0.0508095165042545));
#2328=CARTESIAN_POINT('',(0.121766239084399,-5.,0.0501347840368558));
#2329=CARTESIAN_POINT('',(0.116504747700221,-5.,0.049406401150222));
#2330=CARTESIAN_POINT('',(0.12703474070404,-5.02804253554595,0.0508095165042545));
#2331=CARTESIAN_POINT('',(0.121766239084399,-5.02767014055968,0.0501347840368558));
#2332=CARTESIAN_POINT('',(0.116504747700221,-5.02726813510096,0.049406401150222));
#2333=CARTESIAN_POINT('',(0.12703474070404,-5.05080951650425,0.0280425355459491));
#2334=CARTESIAN_POINT('',(0.121766239084399,-5.05013478403686,0.0276701405596782));
#2335=CARTESIAN_POINT('',(0.11650474770022,-5.04940640115022,0.027268135100961));
#2336=CARTESIAN_POINT('',(0.12703474070404,-5.05080951650425,4.85722573273506E-17));
#2337=CARTESIAN_POINT('',(0.121766239084399,-5.05013478403686,5.55111512312578E-17));
#2338=CARTESIAN_POINT('',(0.11650474770022,-5.04940640115022,4.85722573273506E-17));
#2339=CARTESIAN_POINT('',(0.111252227070426,-5.,0.0486176894492744));
#2340=CARTESIAN_POINT('',(0.105999706440632,-5.,0.0478289777483268));
#2341=CARTESIAN_POINT('',(0.100756469481452,-5.,0.0469786834348491));
#2342=CARTESIAN_POINT('',(0.111252227070426,-5.02683283326321,0.0486176894492744));
#2343=CARTESIAN_POINT('',(0.105999706440632,-5.02639753142547,0.0478289777483268));
#2344=CARTESIAN_POINT('',(0.100756469481452,-5.02592824121862,0.0469786834348491));
#2345=CARTESIAN_POINT('',(0.111252227070426,-5.04861768944927,0.0268328332632142));
#2346=CARTESIAN_POINT('',(0.105999706440632,-5.04782897774833,0.0263975314254674));
#2347=CARTESIAN_POINT('',(0.100756469481452,-5.04697868343485,0.0259282412186176));
#2348=CARTESIAN_POINT('',(0.111252227070426,-5.04861768944927,3.81639164714898E-17));
#2349=CARTESIAN_POINT('',(0.105999706440632,-5.04782897774833,2.42861286636753E-17));
#2350=CARTESIAN_POINT('',(0.100756469481452,-5.04697868343485,5.20417042793042E-17));
#2351=CARTESIAN_POINT('',(0.0955256883883175,-5.,0.0460565788241341));
#2352=CARTESIAN_POINT('',(0.0902949072951827,-5.,0.045134474213419));
#2353=CARTESIAN_POINT('',(0.0850763300476848,-5.,0.0441412057765684));
#2354=CARTESIAN_POINT('',(0.0955256883883175,-5.02541931782981,0.0460565788241341));
#2355=CARTESIAN_POINT('',(0.0902949072951827,-5.024910394441,0.045134474213419));
#2356=CARTESIAN_POINT('',(0.0850763300476848,-5.02436219466735,0.0441412057765684));
#2357=CARTESIAN_POINT('',(0.0955256883883174,-5.04605657882413,0.0254193178298093));
#2358=CARTESIAN_POINT('',(0.0902949072951826,-5.04513447421342,0.0249103944410009));
#2359=CARTESIAN_POINT('',(0.0850763300476847,-5.04414120577657,0.0243621946673479));
#2360=CARTESIAN_POINT('',(0.0955256883883173,-5.04605657882413,5.20417042793042E-17));
#2361=CARTESIAN_POINT('',(0.0902949072951825,-5.04513447421342,5.89805981832114E-17));
#2362=CARTESIAN_POINT('',(0.0850763300476845,-5.04414120577657,4.85722573273506E-17));
#2363=CARTESIAN_POINT('',(0.0798768031805668,-5.,0.0430570801191724));
#2364=CARTESIAN_POINT('',(0.0746772763134487,-5.,0.0419729544617764));
#2365=CARTESIAN_POINT('',(0.0694955932882844,-5.,0.0408008444829557));
#2366=CARTESIAN_POINT('',(0.0798768031805668,-5.02376384942859,0.0430570801191724));
#2367=CARTESIAN_POINT('',(0.0746772763134487,-5.02316550418984,0.0419729544617764));
#2368=CARTESIAN_POINT('',(0.0694955932882844,-5.02251859908217,0.0408008444829557));
#2369=CARTESIAN_POINT('',(0.0798768031805667,-5.04305708011917,0.0237638494285921));
#2370=CARTESIAN_POINT('',(0.0746772763134487,-5.04197295446178,0.0231655041898363));
#2371=CARTESIAN_POINT('',(0.0694955932882842,-5.04080084448296,0.0225185990821665));
#2372=CARTESIAN_POINT('',(0.0798768031805666,-5.04305708011917,4.16333634234434E-17));
#2373=CARTESIAN_POINT('',(0.0746772763134486,-5.04197295446178,3.12250225675825E-17));
#2374=CARTESIAN_POINT('',(0.069495593288284,-5.04080084448296,1.04083408558608E-16));
#2375=CARTESIAN_POINT('',(0.0643424686978139,-5.,0.0395137806135798));
#2376=CARTESIAN_POINT('',(0.0591893441073433,-5.,0.0382267167442038));
#2377=CARTESIAN_POINT('',(0.0540641481017745,-5.,0.0368255480540149));
#2378=CARTESIAN_POINT('',(0.0643424686978139,-5.02180824919517,0.0395137806135798));
#2379=CARTESIAN_POINT('',(0.0591893441073433,-5.02109789930818,0.0382267167442038));
#2380=CARTESIAN_POINT('',(0.0540641481017745,-5.02032457325622,0.0368255480540149));
#2381=CARTESIAN_POINT('',(0.0643424686978137,-5.03951378061358,0.0218082491951751));
#2382=CARTESIAN_POINT('',(0.0591893441073431,-5.0382267167442,0.0210978993081838));
#2383=CARTESIAN_POINT('',(0.0540641481017744,-5.03682554805401,0.0203245732562186));
#2384=CARTESIAN_POINT('',(0.0643424686978135,-5.03951378061358,9.71445146547012E-17));
#2385=CARTESIAN_POINT('',(0.059189344107343,-5.0382267167442,8.67361737988404E-17));
#2386=CARTESIAN_POINT('',(0.0540641481017743,-5.03682554805401,4.5102810375397E-17));
#2387=CARTESIAN_POINT('',(0.048986105041334,-5.,0.035268282319628));
#2388=CARTESIAN_POINT('',(0.0439080619808936,-5.,0.0337110165852412));
#2389=CARTESIAN_POINT('',(0.0388760032159694,-5.,0.0319990449541809));
#2390=CARTESIAN_POINT('',(0.048986105041334,-5.01946509490028,0.035268282319628));
#2391=CARTESIAN_POINT('',(0.0439080619808936,-5.01860561654434,0.0337110165852412));
#2392=CARTESIAN_POINT('',(0.0388760032159694,-5.01766075367966,0.0319990449541809));
#2393=CARTESIAN_POINT('',(0.0489861050413339,-5.03526828231963,0.0194650949002816));
#2394=CARTESIAN_POINT('',(0.0439080619808935,-5.03371101658524,0.0186056165443446));
#2395=CARTESIAN_POINT('',(0.0388760032159693,-5.03199904495418,0.0176607536796557));
#2396=CARTESIAN_POINT('',(0.0489861050413338,-5.03526828231963,6.24500451351651E-17));
#2397=CARTESIAN_POINT('',(0.0439080619808933,-5.03371101658524,9.36750677027476E-17));
#2398=CARTESIAN_POINT('',(0.0388760032159693,-5.03199904495418,3.46944695195361E-17));
#2399=CARTESIAN_POINT('',(0.0339327362498447,-5.,0.0300551193591478));
#2400=CARTESIAN_POINT('',(0.0314611027667823,-5.,0.0290831565616312));
#2401=CARTESIAN_POINT('',(0.0290135436439347,-5.,0.0280504850530261));
#2402=CARTESIAN_POINT('',(0.0339327362498447,-5.01658787193726,0.0300551193591478));
#2403=CARTESIAN_POINT('',(0.0314611027667823,-5.01605143106606,0.0290831565616312));
#2404=CARTESIAN_POINT('',(0.0290135436439347,-5.0154814841451,0.0280504850530261));
#2405=CARTESIAN_POINT('',(0.0339327362498446,-5.03005511935915,0.0165878719372595));
#2406=CARTESIAN_POINT('',(0.0314611027667821,-5.02908315656163,0.0160514310660613));
#2407=CARTESIAN_POINT('',(0.0290135436439346,-5.02805048505303,0.0154814841450958));
#2408=CARTESIAN_POINT('',(0.0339327362498444,-5.03005511935915,8.50014503228635E-17));
#2409=CARTESIAN_POINT('',(0.031461102766782,-5.02908315656163,1.00613961606655E-16));
#2410=CARTESIAN_POINT('',(0.0290135436439345,-5.02805048505303,7.80625564189563E-17));
#2411=CARTESIAN_POINT('',(0.0265995227086667,-5.,0.0269430225130133));
#2412=CARTESIAN_POINT('',(0.0253925122410327,-5.,0.0263892912430069));
#2413=CARTESIAN_POINT('',(0.024194845465868,-5.,0.0258156073066141));
#2414=CARTESIAN_POINT('',(0.0265995227086667,-5.0148702589302,0.0269430225130133));
#2415=CARTESIAN_POINT('',(0.0253925122410327,-5.01456464632275,0.0263892912430069));
#2416=CARTESIAN_POINT('',(0.024194845465868,-5.01424802153895,0.0258156073066141));
#2417=CARTESIAN_POINT('',(0.0265995227086666,-5.02694302251301,0.014870258930199));
#2418=CARTESIAN_POINT('',(0.0253925122410326,-5.02638929124301,0.0145646463227506));
#2419=CARTESIAN_POINT('',(0.0241948454658679,-5.02581560730661,0.0142480215389448));
#2420=CARTESIAN_POINT('',(0.0265995227086665,-5.02694302251301,9.8879238130678E-17));
#2421=CARTESIAN_POINT('',(0.0253925122410324,-5.02638929124301,1.21430643318376E-16));
#2422=CARTESIAN_POINT('',(0.0241948454658677,-5.02581560730661,1.42247325030098E-16));
#2423=CARTESIAN_POINT('',(0.023007765139035,-5.,0.0252203822901894));
#2424=CARTESIAN_POINT('',(0.0218206848122019,-5.,0.0246251572737647));
#2425=CARTESIAN_POINT('',(0.020644607985812,-5.,0.0240077396555263));
#2426=CARTESIAN_POINT('',(0.023007765139035,-5.01391950790943,0.0252203822901894));
#2427=CARTESIAN_POINT('',(0.0218206848122019,-5.01359099427991,0.0246251572737647));
#2428=CARTESIAN_POINT('',(0.020644607985812,-5.01325023222001,0.0240077396555263));
#2429=CARTESIAN_POINT('',(0.0230077651390348,-5.02522038229019,0.0139195079094257));
#2430=CARTESIAN_POINT('',(0.0218206848122018,-5.02462515727376,0.0135909942799065));
#2431=CARTESIAN_POINT('',(0.0206446079858119,-5.02400773965553,0.0132502322200137));
#2432=CARTESIAN_POINT('',(0.0230077651390347,-5.02522038229019,1.56125112837913E-16));
#2433=CARTESIAN_POINT('',(0.0218206848122016,-5.02462515727376,1.61329283265843E-16));
#2434=CARTESIAN_POINT('',(0.0206446079858117,-5.02400773965553,1.16226472890446E-16));
#2435=CARTESIAN_POINT('',(0.019483740507327,-5.,0.0233634252467714));
#2436=CARTESIAN_POINT('',(0.0171620055503571,-5.,0.0220747964292616));
#2437=CARTESIAN_POINT('',(0.0148935652201405,-5.,0.0206855954213825));
#2438=CARTESIAN_POINT('',(0.019483740507327,-5.01289462541732,0.0233634252467714));
#2439=CARTESIAN_POINT('',(0.0171620055503571,-5.01218341181194,0.0220747964292616));
#2440=CARTESIAN_POINT('',(0.0148935652201405,-5.01141669090365,0.0206855954213825));
#2441=CARTESIAN_POINT('',(0.0194837405073269,-5.02336342524677,0.0128946254173242));
#2442=CARTESIAN_POINT('',(0.0171620055503571,-5.02207479642926,0.0121834118119452));
#2443=CARTESIAN_POINT('',(0.0148935652201403,-5.02068559542138,0.0114166909036553));
#2444=CARTESIAN_POINT('',(0.0194837405073269,-5.02336342524677,8.67361737988404E-17));
#2445=CARTESIAN_POINT('',(0.017162005550357,-5.02207479642926,2.77555756156289E-17));
#2446=CARTESIAN_POINT('',(0.0148935652201401,-5.02068559542138,2.75821032680312E-16));
#2447=CARTESIAN_POINT('',(0.0127263100526796,-5.,0.0191501527766318));
#2448=CARTESIAN_POINT('',(0.0116426824689492,-5.,0.0183824314542565));
#2449=CARTESIAN_POINT('',(0.010585581546042,-5.,0.0175773098992336));
#2450=CARTESIAN_POINT('',(0.0127263100526796,-5.01056925703877,0.0191501527766318));
#2451=CARTESIAN_POINT('',(0.0116426824689492,-5.01014554010633,0.0183824314542565));
#2452=CARTESIAN_POINT('',(0.010585581546042,-5.00970118142357,0.0175773098992336));
#2453=CARTESIAN_POINT('',(0.0127263100526795,-5.01915015277663,0.0105692570387693));
#2454=CARTESIAN_POINT('',(0.0116426824689491,-5.01838243145426,0.0101455401063263));
#2455=CARTESIAN_POINT('',(0.010585581546042,-5.01757730989923,0.00970118142356552));
#2456=CARTESIAN_POINT('',(0.0127263100526794,-5.01915015277663,1.70002900645727E-16));
#2457=CARTESIAN_POINT('',(0.0116426824689491,-5.01838243145426,9.54097911787244E-17));
#2458=CARTESIAN_POINT('',(0.0105855815460419,-5.01757730989923,2.77555756156289E-17));
#2459=CARTESIAN_POINT('',(0.00956464646273996,-5.,0.0167281329879926));
#2460=CARTESIAN_POINT('',(0.008543711379438,-5.,0.0158789560767516));
#2461=CARTESIAN_POINT('',(0.00755983493811988,-5.,0.0149849302945844));
#2462=CARTESIAN_POINT('',(0.00956464646273996,-5.0092325079278,0.0167281329879926));
#2463=CARTESIAN_POINT('',(0.008543711379438,-5.00876383443203,0.0158789560767516));
#2464=CARTESIAN_POINT('',(0.00755983493811988,-5.00827040817057,0.0149849302945844));
#2465=CARTESIAN_POINT('',(0.00956464646273994,-5.01672813298799,0.00923250792779864));
#2466=CARTESIAN_POINT('',(0.00854371137943796,-5.01587895607675,0.00876383443203179));
#2467=CARTESIAN_POINT('',(0.00755983493811977,-5.01498493029458,0.00827040817056922));
#2468=CARTESIAN_POINT('',(0.00956464646273992,-5.01672813298799,3.29597460435593E-17));
#2469=CARTESIAN_POINT('',(0.00854371137943792,-5.01587895607675,7.45931094670027E-17));
#2470=CARTESIAN_POINT('',(0.00755983493811962,-5.01498493029458,2.53269627492614E-16));
#2471=CARTESIAN_POINT('',(0.00662857727282447,-5.,0.0140381163498386));
#2472=CARTESIAN_POINT('',(0.00569731960752907,-5.,0.0130913024050928));
#2473=CARTESIAN_POINT('',(0.00481999370845771,-5.,0.012090744326884));
#2474=CARTESIAN_POINT('',(0.00662857727282447,-5.00774784732906,0.0140381163498386));
#2475=CARTESIAN_POINT('',(0.00569731960752907,-5.00722528648756,0.0130913024050928));
#2476=CARTESIAN_POINT('',(0.00481999370845771,-5.00667306345132,0.012090744326884));
#2477=CARTESIAN_POINT('',(0.00662857727282442,-5.01403811634984,0.00774784732906399));
#2478=CARTESIAN_POINT('',(0.00569731960752907,-5.01309130240509,0.00722528648755877));
#2479=CARTESIAN_POINT('',(0.00481999370845774,-5.01209074432688,0.00667306345131689));
#2480=CARTESIAN_POINT('',(0.00662857727282434,-5.01403811634984,1.33573707650214E-16));
#2481=CARTESIAN_POINT('',(0.00569731960752906,-5.01309130240509,1.38777878078145E-17));
#2482=CARTESIAN_POINT('',(0.00481999370845778,-5.01209074432688,-1.0321604682062E-16));
#2483=CARTESIAN_POINT('',(0.00402208661600613,-5.,0.0110292990966074));
#2484=CARTESIAN_POINT('',(0.00322417952355455,-5.,0.00996785386633093));
#2485=CARTESIAN_POINT('',(0.00250563043711913,-5.,0.00884469912603293));
#2486=CARTESIAN_POINT('',(0.00402208661600613,-5.00608723588105,0.0110292990966074));
#2487=CARTESIAN_POINT('',(0.00322417952355455,-5.00550140831078,0.00996785386633093));
#2488=CARTESIAN_POINT('',(0.00250563043711913,-5.00488152233478,0.00884469912603293));
#2489=CARTESIAN_POINT('',(0.0040220866160061,-5.01102929909661,0.00608723588105038));
#2490=CARTESIAN_POINT('',(0.00322417952355447,-5.00996785386633,0.00550140831078387));
#2491=CARTESIAN_POINT('',(0.00250563043711905,-5.00884469912603,0.00488152233478233));
#2492=CARTESIAN_POINT('',(0.00402208661600607,-5.01102929909661,7.45931094670027E-17));
#2493=CARTESIAN_POINT('',(0.00322417952355438,-5.00996785386633,2.36789754470834E-16));
#2494=CARTESIAN_POINT('',(0.00250563043711896,-5.00884469912603,3.05311331771918E-16));
#2495=CARTESIAN_POINT('',(0.00190503115146972,-5.,0.00766064775282672));
#2496=CARTESIAN_POINT('',(0.00130443186582031,-5.,0.00647659637962051));
#2497=CARTESIAN_POINT('',(0.000821447649379886,-5.,0.00523053673714889));
#2498=CARTESIAN_POINT('',(0.00190503115146972,-5.00422802659214,0.00766064775282672));
#2499=CARTESIAN_POINT('',(0.00130443186582031,-5.00357453084949,0.00647659637962051));
#2500=CARTESIAN_POINT('',(0.000821447649379886,-5.0028868118114,0.00523053673714889));
#2501=CARTESIAN_POINT('',(0.00190503115146967,-5.00766064775283,0.00422802659213761));
#2502=CARTESIAN_POINT('',(0.00130443186582029,-5.00647659637962,0.00357453084949289));
#2503=CARTESIAN_POINT('',(0.000821447649379892,-5.00523053673715,0.00288681181139773));
#2504=CARTESIAN_POINT('',(0.00190503115146962,-5.00766064775283,2.01661604082304E-16));
#2505=CARTESIAN_POINT('',(0.00130443186582027,-5.00647659637962,1.14491749414469E-16));
#2506=CARTESIAN_POINT('',(0.000821447649379899,-5.00523053673715,-1.47451495458029E-17));
#2507=CARTESIAN_POINT('',(0.000495099797995944,-5.,0.00394348744840549));
#2508=CARTESIAN_POINT('',(0.000331925872303955,-5.,0.00329996280403372));
#2509=CARTESIAN_POINT('',(0.000207469312536046,-5.,0.00264616120990875));
#2510=CARTESIAN_POINT('',(0.000495099797995944,-5.00217646997168,0.00394348744840549));
#2511=CARTESIAN_POINT('',(0.000331925872303955,-5.00182129905182,0.00329996280403372));
#2512=CARTESIAN_POINT('',(0.000207469312536046,-5.00146045612898,0.00264616120990875));
#2513=CARTESIAN_POINT('',(0.00049509979799595,-5.00394348744841,0.00217646997167654));
#2514=CARTESIAN_POINT('',(0.000331925872303964,-5.00329996280403,0.0018212990518159));
#2515=CARTESIAN_POINT('',(0.000207469312536051,-5.00264616120991,0.00146045612898053));
#2516=CARTESIAN_POINT('',(0.000495099797995958,-5.00394348744841,-5.63785129692462E-17));
#2517=CARTESIAN_POINT('',(0.000331925872303976,-5.00329996280403,-1.047339298621E-16));
#2518=CARTESIAN_POINT('',(0.000207469312536057,-5.00264616120991,-8.71698546678346E-17));
#2519=CARTESIAN_POINT('',(0.000124514737411883,-5.,0.00198751805255616));
#2520=CARTESIAN_POINT('',(4.156016228773E-05,-5.,0.00132887489520364));
#2521=CARTESIAN_POINT('',(-2.35813972515606E-18,-5.,0.000662811483619399));
#2522=CARTESIAN_POINT('',(0.,-5.,0.));
#2523=CARTESIAN_POINT('',(0.000124514737411883,-5.00109694107466,0.00198751805255616));
#2524=CARTESIAN_POINT('',(4.156016228773E-05,-5.00073342602033,0.00132887489520364));
#2525=CARTESIAN_POINT('',(-2.35813972515606E-18,-5.00036581561622,0.000662811483619399));
#2526=CARTESIAN_POINT('',(0.,-5.,0.));
#2527=CARTESIAN_POINT('',(0.000124514737411887,-5.00198751805256,0.0010969410746578));
#2528=CARTESIAN_POINT('',(4.15601622877312E-05,-5.0013288748952,0.000733426020335116));
#2529=CARTESIAN_POINT('',(-1.30149274416863E-18,-5.00066281148362,0.000365815616216381));
#2530=CARTESIAN_POINT('',(0.,-5.,0.));
#2531=CARTESIAN_POINT('',(0.000124514737411891,-5.00198751805256,-6.80878964320897E-17));
#2532=CARTESIAN_POINT('',(4.15601622877326E-05,-5.0013288748952,-2.99239799605999E-17));
#2533=CARTESIAN_POINT('',(3.85185988877447E-34,-5.00066281148362,0.));
#2534=CARTESIAN_POINT('',(0.,-5.,0.));
#2535=GEOMETRIC_SET('PNFREOBMLG, WingGeom, 1',(#1295,#1502,#1709,#2122));
#2536=GEOMETRICALLY_BOUNDED_SURFACE_SHAPE_REPRESENTATION('',(#2535),#12);
#2537=SHAPE_REPRESENTATION_RELATIONSHIP('','',#26,#2536);
ENDSEC;
END-ISO-10303-21;
